Symbol,Price~,"Exp Date",Strike,Moneyness,Bid,"BE (Bid)",BE%,Volume,"Open Int",IV,Delta,"OTM Prob","Ptnl Rtn","Ann Rtn",Time
DJT,29.9,2024-10-25,29.00,-3.01%,2.9,26.1,14.56%,287,5656,198.82%,0.399768,54.13%,11.1%,506.9%,2024-10-17
DJT,29.9,2024-11-08,25.00,-16.39%,5.75,19.25,55.32%,120,612,315.61%,0.267163,59.13%,29.9%,495.6%,2024-10-17
DJT,29.9,2024-11-15,26.00,-13.04%,7.2,18.8,59.04%,479,1362,300.70%,0.27687,56.55%,38.3%,482.0%,2024-10-17
DJT,29.9,2024-11-15,25.00,-16.39%,6.5,18.5,61.62%,1108,4808,300.69%,0.26158,58.36%,35.1%,442.2%,2024-10-17
DJT,29.9,2024-10-25,28.00,-6.35%,2.43,25.57,16.93%,369,581,195.90%,0.354034,58.95%,9.5%,433.6%,2024-10-17
DJT,29.9,2024-10-25,27.00,-9.70%,1.96,25.04,19.41%,808,793,195.98%,0.308592,63.74%,7.8%,357.1%,2024-10-17
DJT,29.9,2024-11-01,25.00,-16.39%,2.36,22.64,32.07%,792,872,207.26%,0.261045,66.49%,10.4%,253.7%,2024-10-17
DJT,29.9,2024-10-25,25.00,-16.39%,1.22,23.78,25.74%,993,1375,192.43%,0.219456,73.51%,5.1%,234.1%,2024-10-17
CPRI,42.64,2024-11-15,35.00,-17.92%,5.4,29.6,44.05%,598,1461,203.90%,0.26225,63.44%,18.2%,229.6%,2024-10-17
DJT,29.9,2025-01-17,25.00,-16.39%,8.6,16.4,82.32%,557,1548,211.83%,0.2395,56.68%,52.4%,208.0%,2024-10-17
YINN,31.41,2024-10-25,30.00,-4.49%,1.25,28.75,9.25%,389,812,106.86%,0.353815,61.42%,4.3%,198.4%,2024-10-17
SMCI,47.58,2024-10-25,46.00,-3.32%,1.8,44.2,7.65%,3571,3163,93.59%,0.374414,59.63%,4.1%,185.8%,2024-10-17
SOXL,35.21,2024-10-25,34.00,-3.44%,1.3,32.7,7.68%,599,1021,95.47%,0.372824,59.77%,4.0%,181.4%,2024-10-17
SMCI,47.58,2024-10-25,45.50,-4.37%,1.6,43.9,8.38%,309,1288,93.83%,0.345122,62.62%,3.6%,166.3%,2024-10-17
ENPH,91.57,2024-10-25,85.00,-7.17%,2.91,82.09,11.55%,162,923,109.09%,0.292023,67.76%,3.5%,161.7%,2024-10-17
SOXL,35.21,2024-10-25,33.50,-4.86%,1.14,32.36,8.81%,119,632,96.17%,0.334598,63.67%,3.5%,160.7%,2024-10-17
SMCI,47.58,2024-10-25,45.00,-5.42%,1.45,43.55,9.25%,4588,5443,93.47%,0.315807,65.65%,3.3%,151.9%,2024-10-17
MSTR,193.42,2024-10-25,185.00,-4.35%,5.9,179.1,8.00%,558,921,87.38%,0.338789,63.46%,3.3%,150.3%,2024-10-17
UPST,52.05,2024-11-15,50.00,-3.94%,5.25,44.75,16.31%,1184,2535,111.28%,0.384137,55.10%,11.7%,147.7%,2024-10-17
COIN,204.2,2024-10-25,200.00,-2.06%,6.25,193.75,5.39%,1861,1463,70.12%,0.397217,57.93%,3.2%,147.2%,2024-10-17
SOXL,35.21,2024-11-15,34.00,-3.44%,3.5,30.5,15.44%,532,964,106.68%,0.390986,54.63%,11.5%,144.4%,2024-10-17
SOXL,35.21,2024-10-25,33.00,-6.28%,1.01,31.99,10.07%,619,1747,96.38%,0.297319,67.52%,3.2%,144.0%,2024-10-17
SMCI,47.58,2024-11-01,46.00,-3.32%,2.55,43.45,9.51%,138,722,92.58%,0.388583,57.14%,5.9%,142.8%,2024-10-17
UPST,52.05,2024-10-25,50.00,-3.94%,1.5,48.5,7.32%,699,1043,82.36%,0.345347,62.91%,3.1%,141.1%,2024-10-17
BITX,31.1,2024-12-20,30.00,-3.54%,5.9,24.1,29.05%,202,891,134.36%,0.36065,52.55%,24.5%,139.6%,2024-10-17
CELH,32.18,2024-10-25,31.50,-2.11%,0.93,30.57,5.27%,306,737,68.33%,0.393427,58.36%,3.0%,138.8%,2024-10-17
ASTS,28.49,2024-10-25,26.00,-8.74%,0.75,25.25,12.83%,1084,502,109.18%,0.25707,71.42%,3.0%,135.5%,2024-10-17
MSTR,193.42,2024-11-15,185.00,-4.35%,17.75,167.25,15.65%,273,997,106.12%,0.378817,55.91%,10.6%,133.6%,2024-10-17
SMCI,47.58,2024-10-25,44.50,-6.47%,1.25,43.25,10.01%,1339,1204,92.87%,0.286712,68.68%,2.9%,131.9%,2024-10-17
SMCI,47.58,2024-11-01,45.00,-5.42%,2.3,42.7,11.43%,3404,2417,95.48%,0.3468,61.33%,5.4%,131.1%,2024-10-17
SOXL,35.21,2024-10-25,32.50,-7.70%,0.88,31.62,11.35%,454,506,98.10%,0.264188,70.93%,2.8%,127.0%,2024-10-17
TSLA,220.89,2024-10-25,215.00,-2.67%,5.8,209.2,5.59%,2933,4985,66.51%,0.369648,60.81%,2.8%,126.5%,2024-10-17
SMCI,47.58,2024-11-15,46.00,-3.32%,4.1,41.9,13.56%,166,5234,95.90%,0.392956,54.97%,9.8%,123.2%,2024-10-17
ASTS,28.49,2024-11-15,25.00,-12.25%,2.2,22.8,24.96%,308,18845,125.72%,0.289439,64.38%,9.6%,121.4%,2024-10-17
MSTR,193.42,2024-11-15,180.00,-6.94%,15.45,164.55,17.54%,284,1710,105.55%,0.344192,59.55%,9.4%,118.2%,2024-10-17
SMCI,47.58,2024-10-25,44.00,-7.52%,1.1,42.9,10.91%,816,1892,92.87%,0.259383,71.53%,2.6%,117.0%,2024-10-17
AFRM,43.93,2024-11-15,42.50,-3.26%,3.6,38.9,12.93%,125,2727,91.31%,0.393963,55.12%,9.3%,116.5%,2024-10-17
SMCI,47.58,2024-11-08,44.00,-7.52%,2.85,41.15,15.63%,1208,500,101.71%,0.326981,62.30%,6.9%,114.9%,2024-10-17
MSTR,193.42,2024-11-01,180.00,-6.94%,8.1,171.9,12.52%,208,621,95.21%,0.316383,64.53%,4.7%,114.7%,2024-10-17
SOXL,35.21,2024-11-15,32.00,-9.12%,2.64,29.36,19.93%,119,1152,109.55%,0.317643,62.16%,9.0%,113.2%,2024-10-17
UPST,52.05,2024-11-01,50.00,-3.94%,2.22,47.78,8.94%,190,4327,80.38%,0.367606,59.74%,4.6%,113.1%,2024-10-17
COIN,204.2,2024-11-15,195.00,-4.51%,15.75,179.25,13.92%,618,881,91.55%,0.37461,57.09%,8.8%,110.6%,2024-10-17
MSTR,193.42,2024-10-25,180.00,-6.94%,4.25,175.75,10.05%,2165,1772,88.31%,0.266797,70.88%,2.4%,110.3%,2024-10-17
SMCI,47.58,2024-11-01,44.00,-7.52%,1.9,42.1,13.02%,535,1225,95.70%,0.305203,65.66%,4.5%,109.8%,2024-10-17
SMCI,47.58,2024-11-15,45.00,-5.42%,3.6,41.4,14.93%,3078,10227,93.55%,0.361108,58.37%,8.7%,109.4%,2024-10-17
TSLA,220.89,2024-10-25,212.50,-3.80%,4.85,207.65,6.38%,1156,1201,66.60%,0.325909,65.27%,2.3%,106.6%,2024-10-17
SOXL,35.21,2024-10-25,32.00,-9.12%,0.73,31.27,12.60%,1032,1936,98.57%,0.231327,74.38%,2.3%,106.5%,2024-10-17
GM,49.38,2024-10-25,48.50,-1.78%,1.09,47.41,4.16%,299,831,53.50%,0.391388,58.98%,2.3%,104.9%,2024-10-17
MSTR,193.42,2024-11-15,175.00,-9.52%,13.3,161.7,19.62%,270,984,106.48%,0.310589,63.06%,8.2%,103.5%,2024-10-17
JD,38.85,2024-10-25,38.00,-2.19%,0.83,37.17,4.52%,11311,941,54.51%,0.378547,60.80%,2.2%,101.9%,2024-10-17
SMCI,47.58,2024-10-25,43.50,-8.58%,0.95,42.55,11.82%,561,794,94.05%,0.235456,74.02%,2.2%,101.9%,2024-10-17
ARM,154.6,2024-11-15,150.00,-2.98%,11.2,138.8,11.38%,664,2317,81.21%,0.397558,55.25%,8.1%,101.6%,2024-10-17
COIN,204.2,2024-10-25,195.00,-4.51%,4.2,190.8,7.02%,344,825,71.07%,0.308736,66.94%,2.2%,100.4%,2024-10-17
YINN,31.41,2024-10-25,28.00,-10.86%,0.6,27.4,14.64%,186,647,108.14%,0.210778,76.36%,2.2%,99.9%,2024-10-17
SMCI,47.58,2024-11-15,44.00,-7.52%,3.2,40.8,16.62%,574,5145,95.50%,0.33094,61.43%,7.8%,98.7%,2024-10-17
HOOD,26.32,2024-11-01,25.00,-5.02%,0.97,24.03,9.53%,174,4223,76.26%,0.3369,63.04%,4.0%,98.2%,2024-10-17
COIN,204.2,2024-11-15,190.00,-6.95%,13.55,176.45,15.73%,340,923,92.59%,0.337696,60.88%,7.7%,96.7%,2024-10-17
ELF,107.94,2024-11-15,100.00,-7.36%,7.1,92.9,16.19%,281,768,93.65%,0.332354,61.39%,7.6%,96.2%,2024-10-17
GME,21.41,2024-10-25,21.00,-1.91%,0.43,20.57,4.08%,368,1232,52.03%,0.387694,59.91%,2.1%,95.4%,2024-10-17
UVXY,26.92,2024-10-25,26.00,-3.42%,0.53,25.47,5.69%,200,1068,65.57%,0.338684,63.99%,2.1%,94.9%,2024-10-17
SMCI,47.58,2024-11-01,43.00,-9.63%,1.6,41.4,14.93%,154,631,98.33%,0.268747,69.42%,3.9%,94.0%,2024-10-17
TQQQ,73.34,2024-10-25,72.00,-1.83%,1.45,70.55,3.95%,1466,975,48.83%,0.380747,60.07%,2.1%,93.8%,2024-10-17
UPST,52.05,2024-11-15,45.00,-13.54%,3.1,41.9,24.22%,986,648,112.39%,0.264943,67.70%,7.4%,93.1%,2024-10-17
SMCI,47.58,2024-10-25,43.00,-9.63%,0.85,42.15,12.88%,2646,3744,94.21%,0.210992,76.60%,2.0%,92.0%,2024-10-17
MSTR,193.42,2024-11-01,175.00,-9.52%,6.35,168.65,14.69%,174,918,95.04%,0.266068,69.83%,3.8%,91.6%,2024-10-17
MSTR,193.42,2024-11-15,170.00,-12.11%,11.5,158.5,22.03%,174,5740,106.78%,0.277552,66.60%,7.3%,91.3%,2024-10-17
NBR,74.36,2024-11-15,70.00,-5.86%,4.7,65.3,13.87%,562,1137,84.81%,0.349992,59.98%,7.2%,90.6%,2024-10-17
ARM,154.6,2024-10-25,150.00,-2.98%,2.92,147.08,5.11%,894,510,55.60%,0.337582,64.32%,2.0%,90.6%,2024-10-17
PLTR,42,2024-11-08,40.00,-4.76%,2.05,37.95,10.67%,513,4405,75.19%,0.355825,60.42%,5.4%,89.6%,2024-10-17
SOXL,35.21,2024-11-01,31.00,-11.96%,1.09,29.91,17.72%,164,1070,102.79%,0.234622,72.94%,3.6%,88.7%,2024-10-17
TSLA,220.89,2024-10-25,210.00,-4.93%,4,206,7.23%,3798,8190,66.14%,0.282741,69.72%,1.9%,88.6%,2024-10-17
FSLR,203.37,2024-10-25,200.00,-1.66%,3.8,196.2,3.65%,101,1924,46.61%,0.386144,59.57%,1.9%,88.4%,2024-10-17
SMCI,47.58,2024-11-15,43.00,-9.63%,2.8,40.2,18.36%,384,5757,96.90%,0.301765,64.45%,7.0%,87.7%,2024-10-17
SOXL,35.21,2024-11-15,30.00,-14.80%,1.93,28.07,25.44%,395,4205,111.79%,0.249455,69.43%,6.9%,86.5%,2024-10-17
ETSY,50.75,2024-10-25,50.00,-1.48%,0.93,49.07,3.42%,243,509,44.06%,0.391928,59.03%,1.9%,86.5%,2024-10-17
NFLX,687.65,2024-10-25,650.00,-5.48%,12,638,7.78%,859,864,69.41%,0.271474,70.81%,1.9%,85.8%,2024-10-17
AFRM,43.93,2024-11-15,40.00,-8.95%,2.55,37.45,17.30%,396,3315,91.16%,0.306509,64.23%,6.8%,85.7%,2024-10-17
TSLA,220.89,2024-11-01,215.00,-2.67%,7.2,207.8,6.30%,313,1228,57.31%,0.380252,59.20%,3.5%,84.3%,2024-10-17
TQQQ,73.34,2024-10-25,71.50,-2.51%,1.29,70.21,4.46%,127,672,49.57%,0.346359,63.54%,1.8%,83.8%,2024-10-17
COIN,204.2,2024-11-15,185.00,-9.40%,11.45,173.55,17.66%,231,548,91.99%,0.300507,64.83%,6.6%,83.0%,2024-10-17
NVDA,136.93,2024-10-25,135.00,-1.41%,2.41,132.59,3.27%,34033,7619,41.85%,0.391973,59.06%,1.8%,82.9%,2024-10-17
LVS,50.8,2024-10-25,50.00,-1.57%,0.89,49.11,3.44%,172,2811,46.61%,0.392239,59.10%,1.8%,82.7%,2024-10-17
INTC,22.44,2024-10-25,22.00,-1.96%,0.39,21.61,3.84%,778,5254,44.87%,0.367271,61.72%,1.8%,82.3%,2024-10-17
ARM,154.6,2024-11-15,145.00,-6.21%,8.85,136.15,13.55%,872,1301,80.17%,0.340642,61.17%,6.5%,81.8%,2024-10-17
INTC,22.44,2024-11-01,21.00,-6.42%,0.68,20.32,10.43%,407,4184,77.44%,0.305873,66.37%,3.3%,81.4%,2024-10-17
CVNA,191.92,2024-11-15,180.00,-6.21%,10.9,169.1,13.50%,113,545,80.69%,0.341057,61.10%,6.4%,81.1%,2024-10-17
CELH,32.18,2024-11-15,30.00,-6.77%,1.81,28.19,14.15%,680,8743,82.69%,0.333185,61.83%,6.4%,80.8%,2024-10-17
SMCI,47.58,2024-11-01,42.00,-11.73%,1.35,40.65,17.05%,253,2217,98.56%,0.231608,73.38%,3.3%,80.8%,2024-10-17
TNDM,34.81,2024-11-15,30.00,-13.82%,1.8,28.2,23.44%,317,1775,105.42%,0.254583,69.16%,6.4%,80.3%,2024-10-17
FSLR,203.37,2024-11-15,190.00,-6.57%,11.4,178.6,13.87%,3048,7371,79.90%,0.334079,61.87%,6.4%,80.3%,2024-10-17
MSTR,193.42,2024-10-25,175.00,-9.52%,3,172,12.45%,609,1749,88.97%,0.202448,77.63%,1.7%,79.6%,2024-10-17
FCX,47.95,2024-10-25,47.00,-1.98%,0.8,46.2,3.79%,170,631,44.44%,0.364162,61.95%,1.7%,79.0%,2024-10-17
SOXL,35.21,2025-01-17,33.00,-6.28%,5.45,27.55,27.80%,133,627,99.60%,0.345609,55.16%,19.8%,78.5%,2024-10-17
HOOD,26.32,2024-11-15,25.00,-5.02%,1.46,23.54,11.81%,226,1172,72.98%,0.356382,59.88%,6.2%,78.1%,2024-10-17
SMCI,47.58,2024-11-15,42.00,-11.73%,2.45,39.55,20.30%,349,32489,96.56%,0.271984,67.66%,6.2%,78.0%,2024-10-17
AMD,156.25,2024-11-01,150.00,-4.00%,4.65,145.35,7.50%,903,2333,60.94%,0.342483,62.95%,3.2%,77.8%,2024-10-17
DKNG,37.65,2024-10-25,37.00,-1.73%,0.62,36.38,3.49%,294,2343,42.58%,0.373787,60.88%,1.7%,77.8%,2024-10-17
SMCI,47.58,2024-12-20,46.00,-3.32%,5.5,40.5,17.48%,247,3329,84.16%,0.385615,53.82%,13.6%,77.4%,2024-10-17
CPRI,42.64,2025-01-17,35.00,-17.92%,5.6,29.4,45.03%,116,42906,120.48%,0.259623,62.79%,19.0%,75.6%,2024-10-17
CCL,21.41,2024-10-25,21.00,-1.91%,0.34,20.66,3.63%,769,2722,41.76%,0.370291,62.28%,1.6%,75.1%,2024-10-17
SOXL,35.21,2024-11-15,29.00,-17.64%,1.63,27.37,28.64%,548,1349,113.10%,0.218131,72.86%,6.0%,75.0%,2024-10-17
HOOD,26.32,2024-10-25,25.50,-3.12%,0.41,25.09,4.90%,4989,1610,49.61%,0.315592,66.67%,1.6%,74.6%,2024-10-17
TQQQ,73.34,2024-10-25,71.00,-3.19%,1.14,69.86,4.98%,414,1198,50.03%,0.313079,66.92%,1.6%,74.5%,2024-10-17
VRT,114.28,2024-11-15,110.00,-3.75%,6.1,103.9,9.99%,948,1548,67.81%,0.377814,57.91%,5.9%,73.9%,2024-10-17
MSTR,193.42,2024-11-01,170.00,-12.11%,5,165,17.22%,131,1081,97.18%,0.222855,74.38%,3.0%,73.7%,2024-10-17
KWEB,31.17,2024-10-25,30.50,-2.15%,0.48,30.02,3.83%,16891,1459,44.62%,0.353627,62.89%,1.6%,73.0%,2024-10-17
BA,155.31,2024-10-25,150.00,-3.42%,2.36,147.64,5.20%,665,1262,51.10%,0.309329,67.72%,1.6%,72.9%,2024-10-17
TSLA,220.89,2024-10-25,207.50,-6.06%,3.25,204.25,8.15%,820,1333,66.51%,0.243901,73.73%,1.6%,72.6%,2024-10-17
INTC,22.44,2024-11-08,21.00,-6.42%,0.88,20.12,11.53%,297,799,71.33%,0.317403,64.76%,4.4%,72.6%,2024-10-17
SMCI,47.58,2024-11-22,42.00,-11.73%,2.8,39.2,21.38%,107,875,95.96%,0.281429,66.05%,7.1%,72.4%,2024-10-17
UBER,79.9,2024-10-25,79.00,-1.13%,1.23,77.77,2.74%,1044,631,36.31%,0.399864,58.34%,1.6%,72.2%,2024-10-17
TSLA,220.89,2024-11-08,215.00,-2.67%,8.95,206.05,7.20%,381,869,56.13%,0.388918,57.77%,4.3%,72.1%,2024-10-17
MRNA,54.82,2024-11-15,50.00,-8.79%,2.69,47.31,15.87%,248,4583,81.61%,0.298355,65.55%,5.7%,71.6%,2024-10-17
SMCI,47.58,2024-12-20,45.00,-5.42%,5,40,18.95%,156,14574,84.14%,0.3618,56.29%,12.5%,71.3%,2024-10-17
NVDA,136.93,2024-11-01,134.00,-2.14%,3.8,130.2,5.17%,1571,3496,47.99%,0.386853,58.80%,2.9%,71.0%,2024-10-17
COIN,204.2,2024-11-15,180.00,-11.85%,9.6,170.4,19.84%,808,1906,91.63%,0.264265,68.74%,5.6%,70.9%,2024-10-17
NVDA,136.93,2024-10-25,134.00,-2.14%,2.05,131.95,3.77%,8096,8213,42.15%,0.3475,63.56%,1.6%,70.9%,2024-10-17
COIN,204.2,2024-10-25,190.00,-6.95%,2.89,187.11,9.13%,552,986,71.22%,0.228053,75.29%,1.5%,70.5%,2024-10-17
PLTR,42,2024-11-15,40.00,-4.76%,2.12,37.88,10.88%,510,6845,67.95%,0.35688,60.05%,5.6%,70.4%,2024-10-17
INTC,22.44,2024-11-01,20.50,-8.65%,0.57,19.93,12.59%,139,565,76.56%,0.252403,71.99%,2.9%,69.6%,2024-10-17
CELH,32.18,2024-11-01,30.00,-6.77%,0.83,29.17,10.32%,195,1969,69.96%,0.281759,68.96%,2.8%,69.2%,2024-10-17
TQQQ,73.34,2024-11-01,70.00,-4.55%,1.91,68.09,7.71%,1248,1839,58.10%,0.319539,65.38%,2.8%,68.3%,2024-10-17
ARM,154.6,2024-11-15,140.00,-9.44%,7.1,132.9,16.33%,1535,1673,81.36%,0.287246,66.73%,5.3%,67.2%,2024-10-17
NVDA,136.93,2024-11-08,134.00,-2.14%,5.2,128.8,6.31%,645,1054,51.24%,0.399981,56.83%,4.0%,67.0%,2024-10-17
SMCI,47.58,2024-11-08,40.00,-15.93%,1.55,38.45,23.75%,285,1777,103.01%,0.205187,75.37%,4.0%,66.9%,2024-10-17
RDDT,76.29,2024-10-25,74.00,-3.00%,1.06,72.94,4.59%,156,3066,51.87%,0.3274,65.43%,1.5%,66.3%,2024-10-17
AMD,156.25,2024-11-08,150.00,-4.00%,5.75,144.25,8.32%,179,1631,58.45%,0.354609,61.20%,4.0%,66.1%,2024-10-17
TQQQ,73.34,2024-11-15,70.00,-4.55%,3.45,66.55,10.20%,167,1571,63.03%,0.356132,60.35%,5.2%,65.2%,2024-10-17
AI,25.93,2024-10-25,25.00,-3.59%,0.35,24.65,5.19%,147,507,50.09%,0.293906,68.88%,1.4%,64.8%,2024-10-17
GE,192.62,2024-10-25,187.50,-2.66%,2.62,184.88,4.19%,345,562,43.91%,0.322998,66.07%,1.4%,64.7%,2024-10-17
COIN,204.2,2024-12-20,190.00,-6.95%,19.3,170.7,19.63%,312,553,81.56%,0.343907,58.36%,11.3%,64.5%,2024-10-17
X,37.8,2024-11-15,36.00,-4.76%,1.75,34.25,10.37%,101,922,65.23%,0.354662,60.46%,5.1%,64.3%,2024-10-17
NVDA,136.93,2024-11-22,133.00,-2.87%,7.9,125.1,9.46%,356,554,59.83%,0.393811,56.16%,6.3%,64.0%,2024-10-17
AMD,156.25,2024-10-25,152.50,-2.40%,2.11,150.39,3.90%,1361,2641,41.70%,0.330309,65.30%,1.4%,64.0%,2024-10-17
NVDA,136.93,2024-11-01,133.00,-2.87%,3.4,129.6,5.66%,1016,2687,48.37%,0.358397,61.68%,2.6%,63.8%,2024-10-17
MU,112.05,2024-11-01,110.00,-1.83%,2.8,107.2,4.52%,688,820,43.92%,0.394096,58.21%,2.6%,63.6%,2024-10-17
TSLA,220.89,2024-11-01,210.00,-4.93%,5.3,204.7,7.91%,578,3097,57.10%,0.305261,66.89%,2.6%,63.0%,2024-10-17
UBER,79.9,2024-11-01,77.00,-3.63%,1.94,75.06,6.45%,103,599,52.99%,0.339651,63.46%,2.6%,62.9%,2024-10-17
INTC,22.44,2024-11-15,21.00,-6.42%,0.99,20.01,12.14%,386,9333,66.72%,0.323727,63.78%,4.9%,62.3%,2024-10-17
META,576.93,2024-11-01,550.00,-4.67%,13.7,536.3,7.58%,172,1090,56.02%,0.311476,66.31%,2.6%,62.2%,2024-10-17
NVDA,136.93,2024-11-08,133.00,-2.87%,4.8,128.2,6.81%,231,998,51.10%,0.376874,59.18%,3.7%,62.1%,2024-10-17
TSLA,220.89,2024-11-15,215.00,-2.67%,10.1,204.9,7.80%,1742,9374,54.19%,0.39225,57.02%,4.9%,62.0%,2024-10-17
PLTR,42,2024-10-25,41.00,-2.38%,0.55,40.45,3.83%,1367,4546,41.48%,0.330762,65.26%,1.4%,62.0%,2024-10-17
CELH,32.18,2024-10-25,30.00,-6.77%,0.4,29.6,8.72%,1050,622,67.54%,0.223329,75.85%,1.4%,61.7%,2024-10-17
NXT,33.57,2024-11-15,30.00,-10.63%,1.4,28.6,17.38%,171,2809,80.71%,0.266823,68.94%,4.9%,61.6%,2024-10-17
JD,38.85,2024-10-25,37.00,-4.76%,0.49,36.51,6.41%,265,575,54.13%,0.259994,72.87%,1.3%,61.2%,2024-10-17
COIN,204.2,2024-11-15,175.00,-14.30%,8.1,166.9,22.35%,187,1552,92.20%,0.230696,72.37%,4.9%,61.1%,2024-10-17
SMCI,47.58,2024-11-15,40.00,-15.93%,1.85,38.15,24.72%,585,26911,98.08%,0.218158,73.49%,4.8%,61.0%,2024-10-17
NVDA,136.93,2024-10-25,133.00,-2.87%,1.75,131.25,4.33%,7612,5215,42.83%,0.306663,67.70%,1.3%,60.8%,2024-10-17
AVGO,181.53,2024-10-25,177.50,-2.22%,2.33,175.17,3.63%,821,591,39.60%,0.335707,64.91%,1.3%,60.7%,2024-10-17
VST,127.27,2024-11-15,120.00,-5.71%,5.5,114.5,11.15%,327,1256,63.98%,0.332886,62.79%,4.8%,60.5%,2024-10-17
ASHR,26.38,2024-10-25,26.00,-1.44%,0.34,25.66,2.81%,605,588,33.46%,0.368667,61.52%,1.3%,60.5%,2024-10-17
AI,25.93,2024-11-15,25.00,-3.59%,1.14,23.86,8.68%,115,6732,56.63%,0.371388,59.05%,4.8%,60.1%,2024-10-17
NBR,74.36,2024-11-15,65.00,-12.59%,2.95,62.05,19.84%,556,763,88.32%,0.248873,70.55%,4.8%,59.8%,2024-10-17
AFRM,43.93,2024-11-15,37.50,-14.64%,1.69,35.81,22.68%,153,2046,92.61%,0.226754,72.78%,4.7%,59.4%,2024-10-17
PLTR,42,2024-11-15,39.00,-7.14%,1.75,37.25,12.75%,203,2829,67.55%,0.308058,65.14%,4.7%,59.1%,2024-10-17
TSLA,220.89,2024-10-25,205.00,-7.19%,2.62,202.38,9.15%,3525,5650,66.18%,0.205929,77.70%,1.3%,59.1%,2024-10-17
PDD,123.63,2024-10-25,120.00,-2.94%,1.53,118.47,4.36%,1260,844,42.79%,0.302746,68.10%,1.3%,58.9%,2024-10-17
TQQQ,73.34,2024-10-25,70.00,-4.55%,0.89,69.11,6.12%,1053,3425,51.92%,0.255618,72.79%,1.3%,58.8%,2024-10-17
NVDA,136.93,2024-11-01,132.00,-3.60%,3.1,128.9,6.23%,1171,1759,48.67%,0.330732,64.49%,2.4%,58.5%,2024-10-17
SQ,73.68,2024-10-25,72.00,-2.28%,0.91,71.09,3.64%,190,1339,39.37%,0.329847,65.39%,1.3%,58.4%,2024-10-17
PLTR,42,2024-11-01,41.00,-2.38%,0.96,40.04,4.90%,473,1701,44.30%,0.370156,60.58%,2.4%,58.3%,2024-10-17
SQ,73.68,2024-11-15,70.00,-4.99%,3.1,66.9,10.13%,150,1285,60.35%,0.342801,61.84%,4.6%,58.3%,2024-10-17
HOOD,26.32,2024-11-15,24.00,-8.81%,1.06,22.94,14.73%,187,2166,73.20%,0.285649,67.26%,4.6%,58.2%,2024-10-17
NVDA,136.93,2024-11-22,131.00,-4.33%,7.1,123.9,10.52%,236,582,59.88%,0.36298,59.31%,5.7%,58.1%,2024-10-17
RDDT,76.29,2024-11-08,70.00,-8.24%,2.36,67.64,12.79%,190,3752,71.36%,0.27658,68.83%,3.5%,57.9%,2024-10-17
NVDA,136.93,2024-11-08,132.00,-3.60%,4.45,127.55,7.35%,344,1263,51.84%,0.355503,61.34%,3.5%,57.9%,2024-10-17
UAL,73.33,2024-10-25,71.00,-3.18%,0.88,70.12,4.58%,1519,907,42.55%,0.299958,69.59%,1.3%,57.3%,2024-10-17
FSLR,203.37,2024-11-15,180.00,-11.49%,7.8,172.2,18.10%,306,680,81.83%,0.254983,70.17%,4.5%,57.0%,2024-10-17
PLTR,42,2024-11-08,38.00,-9.52%,1.26,36.74,14.32%,140,1318,74.60%,0.25725,70.76%,3.4%,56.9%,2024-10-17
TSLA,220.89,2024-11-08,210.00,-4.93%,6.95,203.05,8.79%,145,1161,56.80%,0.326411,64.15%,3.4%,56.8%,2024-10-17
SLV,28.89,2024-10-25,28.50,-1.35%,0.35,28.15,2.63%,339,1456,32.07%,0.371267,61.27%,1.2%,56.7%,2024-10-17
AI,25.93,2024-12-20,25.00,-3.59%,2.25,22.75,13.98%,1627,5254,66.01%,0.384255,55.26%,9.9%,56.4%,2024-10-17
CVNA,191.92,2024-10-25,185.00,-3.61%,2.24,182.76,5.01%,458,1624,45.98%,0.278585,70.52%,1.2%,55.9%,2024-10-17
AMD,156.25,2024-11-15,150.00,-4.00%,6.35,143.65,8.77%,976,10330,54.41%,0.358171,60.49%,4.4%,55.6%,2024-10-17
ROKU,76.95,2024-11-15,70.00,-9.03%,2.95,67.05,14.77%,107,815,71.18%,0.278125,68.15%,4.4%,55.4%,2024-10-17
GOOGL,162.93,2024-11-01,160.00,-1.80%,3.55,156.45,4.14%,1769,1231,39.77%,0.388333,58.90%,2.3%,55.2%,2024-10-17
NVDA,136.93,2024-11-22,130.00,-5.06%,6.7,123.3,11.05%,1430,4771,60.36%,0.348344,60.80%,5.4%,55.1%,2024-10-17
T,21.73,2024-10-25,21.00,-3.36%,0.25,20.75,4.72%,309,6170,43.57%,0.286933,70.19%,1.2%,55.0%,2024-10-17
PYPL,79.82,2024-10-25,79.00,-1.03%,0.94,78.06,2.25%,2078,2112,29.03%,0.388945,59.50%,1.2%,54.9%,2024-10-17
GME,21.41,2024-11-29,20.50,-4.25%,1.24,19.26,11.16%,107,502,62.45%,0.37928,58.03%,6.4%,54.7%,2024-10-17
GDX,41.49,2024-10-25,41.00,-1.18%,0.48,40.52,2.39%,1287,1683,29.73%,0.377583,60.64%,1.2%,54.0%,2024-10-17
CCJ,56.67,2024-11-15,55.00,-2.95%,2.26,52.74,7.45%,638,643,49.68%,0.380773,58.46%,4.3%,53.9%,2024-10-17
VST,127.27,2024-10-25,120.00,-5.71%,1.4,118.6,7.31%,1125,578,57.50%,0.228716,75.52%,1.2%,53.9%,2024-10-17
NVDA,136.93,2024-11-08,131.00,-4.33%,4.1,126.9,7.90%,251,1034,52.18%,0.334155,63.52%,3.2%,53.6%,2024-10-17
FSLR,203.37,2024-10-25,195.00,-4.12%,2.24,192.76,5.50%,451,516,46.81%,0.256387,72.79%,1.2%,53.0%,2024-10-17
NVDA,136.93,2024-11-01,131.00,-4.33%,2.78,128.22,6.79%,1244,3410,49.26%,0.304971,67.12%,2.2%,52.8%,2024-10-17
TXN,198.3,2024-10-25,190.00,-4.19%,2.17,187.83,5.57%,784,566,48.48%,0.261716,72.43%,1.2%,52.7%,2024-10-17
DKNG,37.65,2024-11-15,35.00,-7.04%,1.4,33.6,12.05%,847,3296,63.97%,0.304016,65.72%,4.2%,52.4%,2024-10-17
AMD,156.25,2024-11-01,145.00,-7.20%,3.05,141.95,10.07%,867,1650,61.61%,0.24995,72.52%,2.1%,52.3%,2024-10-17
COIN,204.2,2024-12-20,180.00,-11.85%,15,165,23.76%,465,3119,82.05%,0.287827,64.32%,9.1%,51.8%,2024-10-17
NVDA,136.93,2024-10-25,132.00,-3.60%,1.48,130.52,4.91%,9254,7006,43.54%,0.269163,71.53%,1.1%,51.7%,2024-10-17
VZ,43.85,2024-10-25,43.00,-1.94%,0.48,42.52,3.13%,551,2081,33.15%,0.337432,65.50%,1.1%,51.5%,2024-10-17
UBER,79.9,2024-10-25,78.00,-2.38%,0.87,77.13,3.59%,1622,746,36.67%,0.313078,67.12%,1.1%,51.5%,2024-10-17
BABA,100.07,2024-10-25,97.00,-3.07%,1.08,95.92,4.33%,929,926,40.28%,0.291844,69.93%,1.1%,51.4%,2024-10-17
X,37.8,2024-11-15,35.00,-7.41%,1.37,33.63,12.40%,124,7006,65.89%,0.300452,66.07%,4.1%,51.3%,2024-10-17
NVDA,136.93,2024-11-15,132.00,-3.60%,5.15,126.85,7.95%,1235,6855,50.17%,0.362375,60.23%,4.1%,51.1%,2024-10-17
CELH,32.18,2025-01-17,30.00,-6.77%,3.4,26.6,20.98%,158,6557,74.84%,0.345048,57.40%,12.8%,50.7%,2024-10-17
JD,38.85,2024-10-25,36.50,-6.05%,0.4,36.1,7.62%,1578,1279,56.50%,0.216963,77.22%,1.1%,50.6%,2024-10-17
ARM,154.6,2025-01-17,150.00,-2.98%,16.9,133.1,16.15%,216,2505,66.09%,0.388398,53.63%,12.7%,50.4%,2024-10-17
SHOP,81.63,2024-11-15,75.00,-8.12%,2.88,72.12,13.19%,204,1217,64.89%,0.283513,67.84%,4.0%,50.3%,2024-10-17
BIDU,92.11,2024-11-15,90.00,-2.29%,3.45,86.55,6.42%,279,7919,44.79%,0.393363,57.28%,4.0%,50.2%,2024-10-17
TSLA,220.89,2024-11-15,210.00,-4.93%,8.05,201.95,9.38%,1070,12066,54.42%,0.334684,62.92%,4.0%,50.2%,2024-10-17
AMD,156.25,2024-11-22,150.00,-4.00%,7.05,142.95,9.30%,103,568,53.38%,0.36284,59.62%,4.9%,50.0%,2024-10-17
SMCI,47.58,2024-12-20,41.00,-13.83%,3.3,37.7,26.21%,182,10143,85.46%,0.269186,66.13%,8.8%,49.9%,2024-10-17
PDD,123.63,2024-11-15,120.00,-2.94%,4.55,115.45,7.09%,823,14951,47.34%,0.377069,58.84%,3.9%,49.6%,2024-10-17
X,37.8,2024-12-20,35.00,-7.41%,2.8,32.2,17.39%,1150,7792,73.02%,0.335253,59.94%,8.7%,49.6%,2024-10-17
NVDA,136.93,2024-11-22,128.00,-6.52%,5.95,122.05,12.19%,195,526,60.98%,0.319538,63.76%,4.9%,49.4%,2024-10-17
INTC,22.44,2024-10-25,21.50,-4.19%,0.23,21.27,5.50%,745,6427,46.23%,0.252292,73.41%,1.1%,49.3%,2024-10-17
NVDA,136.93,2024-11-08,130.00,-5.06%,3.75,126.25,8.46%,1946,3809,52.17%,0.31254,65.74%,3.0%,49.3%,2024-10-17
KWEB,31.17,2024-10-25,30.00,-3.75%,0.32,29.68,5.02%,2487,6468,43.03%,0.258795,72.60%,1.1%,49.2%,2024-10-17
QCOM,171.1,2024-11-15,165.00,-3.57%,6.2,158.8,7.75%,202,2343,48.39%,0.363414,60.49%,3.9%,49.1%,2024-10-17
ARM,154.6,2024-10-25,145.00,-6.21%,1.54,143.46,7.77%,126,515,57.82%,0.211053,77.30%,1.1%,49.0%,2024-10-17
JD,38.85,2024-11-01,37.00,-4.76%,0.73,36.27,7.11%,1985,1326,56.06%,0.315687,66.62%,2.0%,49.0%,2024-10-17
PLTR,42,2024-11-08,37.00,-11.90%,1.06,35.94,16.86%,276,1526,76.38%,0.216704,75.05%,2.9%,48.9%,2024-10-17
GOOG,164.51,2024-11-01,160.00,-2.74%,3.15,156.85,4.88%,309,841,40.16%,0.344333,63.36%,2.0%,48.9%,2024-10-17
KWEB,31.17,2024-11-01,30.00,-3.75%,0.59,29.41,5.98%,200,6251,46.10%,0.317686,65.89%,2.0%,48.8%,2024-10-17
META,576.93,2024-11-01,540.00,-6.40%,10.6,529.4,8.98%,141,1756,56.23%,0.257345,71.92%,2.0%,48.7%,2024-10-17
META,576.93,2024-11-15,560.00,-2.93%,20.8,539.2,7.00%,341,996,46.08%,0.375798,59.07%,3.9%,48.6%,2024-10-17
NVDA,136.93,2024-11-29,130.00,-5.06%,7,123,11.33%,319,2134,57.79%,0.350239,60.33%,5.7%,48.3%,2024-10-17
UBER,79.9,2024-11-15,77.50,-3.00%,2.86,74.64,7.05%,262,2246,46.20%,0.373321,59.26%,3.8%,48.2%,2024-10-17
ONON,48.16,2024-11-15,45.00,-6.56%,1.66,43.34,11.12%,163,5378,58.31%,0.303374,66.02%,3.8%,48.2%,2024-10-17
QCOM,171.1,2024-11-01,167.50,-2.10%,3.25,164.25,4.17%,103,541,35.90%,0.36589,61.49%,2.0%,48.1%,2024-10-17
PLTR,42,2024-11-15,38.00,-9.52%,1.4,36.6,14.75%,476,8916,68.36%,0.263438,69.83%,3.8%,48.1%,2024-10-17
CELH,32.18,2024-11-15,27.50,-14.54%,1.01,26.49,21.48%,353,2605,84.84%,0.214532,74.45%,3.8%,48.0%,2024-10-17
BA,155.31,2024-11-01,150.00,-3.42%,2.9,147.1,5.58%,106,3944,45.45%,0.335783,64.71%,2.0%,48.0%,2024-10-17
HOOD,26.32,2024-10-25,25.00,-5.02%,0.26,24.74,6.39%,603,1255,51.91%,0.235703,74.84%,1.1%,47.9%,2024-10-17
SLV,28.89,2024-11-01,28.50,-1.35%,0.55,27.95,3.36%,284,2509,32.55%,0.396187,58.16%,2.0%,47.9%,2024-10-17
VSCO,27.63,2024-11-15,26.00,-5.90%,0.95,25.05,10.30%,139,599,57.38%,0.316828,64.65%,3.8%,47.7%,2024-10-17
NVDA,136.93,2024-11-01,130.00,-5.06%,2.49,127.51,7.39%,5871,14718,49.59%,0.279664,69.73%,2.0%,47.5%,2024-10-17
SLV,28.89,2024-10-28,28.50,-1.35%,0.4,28.1,2.81%,321,1868,29.92%,0.377992,60.32%,1.4%,47.2%,2024-10-17
AMD,156.25,2024-11-08,145.00,-7.20%,4,141,10.82%,795,2563,58.79%,0.271848,69.77%,2.8%,47.1%,2024-10-17
CELH,32.18,2024-11-01,29.00,-9.88%,0.55,28.45,13.11%,5706,2541,72.06%,0.212623,76.18%,1.9%,47.0%,2024-10-17
DAL,55.26,2024-10-25,54.00,-2.28%,0.55,53.45,3.39%,231,594,34.11%,0.309882,67.61%,1.0%,46.9%,2024-10-17
MRNA,54.82,2024-12-20,50.00,-8.79%,3.8,46.2,18.66%,130,927,70.87%,0.314852,62.18%,8.2%,46.9%,2024-10-17
X,37.8,2025-01-17,35.00,-7.41%,3.7,31.3,20.77%,2875,84796,74.05%,0.338827,58.20%,11.8%,46.9%,2024-10-17
MRVL,79.91,2024-11-15,77.50,-3.02%,2.78,74.72,6.95%,239,892,45.41%,0.372165,59.45%,3.7%,46.8%,2024-10-17
RBLX,39.86,2024-11-08,35.00,-12.19%,0.96,34.04,17.10%,404,527,76.40%,0.211669,75.59%,2.8%,46.8%,2024-10-17
SMCI,47.58,2024-12-20,40.00,-15.93%,3,37,28.59%,176,14751,85.65%,0.247065,68.58%,8.1%,46.2%,2024-10-17
BABA,100.07,2024-11-15,97.50,-2.57%,3.45,94.05,6.40%,339,8502,41.97%,0.392019,58.70%,3.7%,46.2%,2024-10-17
TQQQ,73.34,2024-10-25,69.00,-5.92%,0.69,68.31,7.36%,446,798,53.89%,0.207147,77.77%,1.0%,46.1%,2024-10-17
SNOW,119.03,2024-11-15,115.00,-3.39%,4.05,110.95,7.28%,127,2237,46.33%,0.362093,60.40%,3.7%,45.9%,2024-10-17
PLTR,42,2024-11-01,40.50,-3.57%,0.75,39.75,5.66%,362,699,43.60%,0.317496,65.96%,1.9%,45.9%,2024-10-17
GOOGL,162.93,2024-11-08,160.00,-1.80%,4.3,155.7,4.64%,256,852,37.39%,0.39485,57.84%,2.8%,45.8%,2024-10-17
MSFT,416.72,2024-11-01,410.00,-1.61%,7.55,402.45,3.55%,104,1359,32.82%,0.38257,59.65%,1.9%,45.6%,2024-10-17
CAVA,134.29,2024-11-15,120.00,-10.64%,4.2,115.8,15.97%,241,1143,70.08%,0.246618,71.55%,3.6%,45.6%,2024-10-17
NVDA,136.93,2024-11-08,129.00,-5.79%,3.45,125.55,9.06%,218,616,53.01%,0.293763,67.67%,2.7%,45.6%,2024-10-17
PLTR,42,2024-10-25,40.50,-3.57%,0.4,40.1,4.74%,1148,2363,41.90%,0.263614,72.11%,1.0%,45.5%,2024-10-17
RBLX,39.86,2024-10-25,38.50,-3.41%,0.38,38.12,4.56%,1306,2118,40.03%,0.263985,72.10%,1.0%,45.5%,2024-10-17
YOU,37.33,2024-11-15,33.00,-11.60%,1.15,31.85,17.21%,429,540,71.83%,0.234645,72.87%,3.6%,45.4%,2024-10-17
MSTR,193.42,2024-12-20,150.00,-22.45%,11.05,138.95,39.20%,243,1524,99.33%,0.201275,72.95%,8.0%,45.4%,2024-10-17
TSLA,220.89,2024-11-01,205.00,-7.19%,3.75,201.25,9.76%,239,1188,57.61%,0.238068,73.87%,1.9%,45.3%,2024-10-17
AMAT,183.24,2024-11-15,175.00,-4.50%,6.05,168.95,8.46%,141,1405,49.99%,0.338722,62.80%,3.6%,45.1%,2024-10-17
BABA,100.07,2024-11-01,97.00,-3.07%,1.76,95.24,5.07%,1247,2827,41.60%,0.34211,64.41%,1.8%,45.0%,2024-10-17
GME,21.41,2024-10-25,20.50,-4.25%,0.2,20.3,5.47%,184,1329,48.13%,0.261002,72.89%,1.0%,45.0%,2024-10-17
COIN,204.2,2025-01-17,180.00,-11.85%,18.3,161.7,26.28%,147,2588,78.57%,0.294193,62.54%,11.3%,44.9%,2024-10-17
AFRM,43.93,2025-01-17,40.00,-8.95%,4.05,35.95,22.20%,172,2112,72.50%,0.320968,60.16%,11.3%,44.7%,2024-10-17
FCX,47.95,2024-11-15,47.00,-1.98%,1.6,45.4,5.62%,102,6529,39.74%,0.399078,57.09%,3.5%,44.4%,2024-10-17
NVDA,136.93,2024-10-25,131.00,-4.33%,1.26,129.74,5.54%,5735,4636,44.04%,0.233947,75.14%,1.0%,44.3%,2024-10-17
DELL,129.18,2024-11-15,125.00,-3.24%,4.25,120.75,6.98%,139,1168,44.12%,0.364815,60.43%,3.5%,44.3%,2024-10-17
S,26.02,2024-11-15,25.00,-3.92%,0.85,24.15,7.74%,112,1944,48.33%,0.350165,61.55%,3.5%,44.3%,2024-10-17
META,576.93,2024-11-15,555.00,-3.80%,18.85,536.15,7.61%,137,1754,46.21%,0.349962,61.70%,3.5%,44.3%,2024-10-17
NVDA,136.93,2024-11-15,130.00,-5.06%,4.4,125.6,9.02%,6106,24941,50.23%,0.322725,64.31%,3.5%,44.1%,2024-10-17
SNOW,119.03,2024-12-20,115.00,-3.39%,8.25,106.75,11.50%,1280,1629,54.39%,0.384237,56.01%,7.7%,44.1%,2024-10-17
META,576.93,2024-10-25,570.00,-1.20%,5.45,564.55,2.19%,4372,2620,25.68%,0.36001,62.47%,1.0%,44.0%,2024-10-17
TSLA,220.89,2024-11-08,205.00,-7.19%,5.3,199.7,10.61%,241,2668,57.11%,0.267495,70.28%,2.7%,44.0%,2024-10-17
AVGO,181.53,2024-11-01,175.00,-3.60%,3.1,171.9,5.60%,1096,798,40.80%,0.308428,67.11%,1.8%,43.9%,2024-10-17
BA,155.31,2024-11-15,150.00,-3.42%,5.05,144.95,7.15%,510,5922,44.04%,0.365499,61.04%,3.5%,43.8%,2024-10-17
AMZN,187.53,2024-10-25,185.00,-1.35%,1.76,183.24,2.34%,3222,3099,26.71%,0.349848,63.44%,1.0%,43.8%,2024-10-17
NVDA,136.93,2024-12-20,132.00,-3.60%,9.4,122.6,11.69%,1423,4920,54.67%,0.380599,56.36%,7.7%,43.7%,2024-10-17
AMD,156.25,2024-10-25,150.00,-4.00%,1.42,148.58,5.16%,2491,4765,42.07%,0.241491,74.39%,1.0%,43.6%,2024-10-17
PAAS,22.08,2024-11-15,21.00,-4.89%,0.7,20.3,8.77%,116,2154,48.78%,0.326613,64.24%,3.4%,43.4%,2024-10-17
AMZN,187.53,2024-11-01,180.00,-4.02%,3.15,176.85,6.04%,773,3240,43.30%,0.298028,67.97%,1.8%,43.3%,2024-10-17
PLTR,42,2024-12-20,40.00,-4.76%,2.81,37.19,12.93%,294,3548,57.36%,0.362615,58.05%,7.6%,43.1%,2024-10-17
MU,112.05,2024-10-25,107.00,-4.51%,1,106,5.71%,726,574,44.77%,0.229045,75.67%,0.9%,43.0%,2024-10-17
VST,127.27,2024-11-15,115.00,-9.64%,3.8,111.2,14.45%,114,500,64.56%,0.25331,71.13%,3.4%,43.0%,2024-10-17
FXI,30.85,2024-10-25,30.00,-2.76%,0.28,29.72,3.80%,23866,1959,35.66%,0.286908,70.17%,0.9%,43.0%,2024-10-17
KWEB,31.17,2024-11-15,30.00,-3.75%,0.99,29.01,7.45%,1800,13462,44.98%,0.348293,61.86%,3.4%,43.0%,2024-10-17
TPR,45.18,2024-11-15,42.50,-5.93%,1.4,41.1,9.93%,509,1856,52.72%,0.310052,65.97%,3.4%,42.9%,2024-10-17
NVDA,136.93,2024-11-01,129.00,-5.79%,2.23,126.77,8.01%,1115,1246,50.05%,0.255999,72.17%,1.8%,42.8%,2024-10-17
SMH,251.58,2024-11-01,245.00,-2.62%,4.2,240.8,4.48%,262,987,36.14%,0.336854,64.12%,1.7%,42.4%,2024-10-17
TMUS,221.95,2024-10-25,215.00,-3.13%,1.98,213.02,4.19%,263,762,36.85%,0.266472,72.01%,0.9%,42.4%,2024-10-17
AVGO,181.53,2024-10-25,175.00,-3.60%,1.6,173.4,4.69%,1806,1291,39.29%,0.251033,73.56%,0.9%,42.1%,2024-10-17
SMH,251.58,2024-10-25,245.00,-2.62%,2.24,242.76,3.63%,999,3543,33.61%,0.282306,70.29%,0.9%,42.1%,2024-10-17
EL,90.94,2024-11-15,85.00,-6.53%,2.75,82.25,10.57%,163,2016,54.74%,0.299701,66.92%,3.3%,42.1%,2024-10-17
NVDA,136.93,2024-11-08,128.00,-6.52%,3.15,124.85,9.68%,383,1491,52.55%,0.272083,69.94%,2.5%,41.9%,2024-10-17
IBM,232.88,2024-10-25,220.00,-5.53%,2,218,6.83%,182,966,50.15%,0.209192,77.83%,0.9%,41.9%,2024-10-17
DLTR,67.86,2024-11-15,65.00,-4.21%,2.09,62.91,7.87%,144,1298,47.22%,0.339452,62.69%,3.3%,41.8%,2024-10-17
TSLA,220.89,2024-12-20,215.00,-2.67%,14.65,200.35,10.25%,552,3354,50.43%,0.395512,55.09%,7.3%,41.7%,2024-10-17
S,26.02,2024-12-20,25.00,-3.92%,1.7,23.3,11.67%,562,561,54.88%,0.375125,56.91%,7.3%,41.6%,2024-10-17
HOOD,26.32,2024-12-20,24.00,-8.81%,1.63,22.37,17.66%,174,1576,65.22%,0.308429,63.23%,7.3%,41.6%,2024-10-17
UAL,73.33,2024-10-25,70.00,-4.54%,0.63,69.37,5.71%,2163,1545,42.66%,0.227354,76.91%,0.9%,41.4%,2024-10-17
CVNA,191.92,2024-10-25,182.50,-4.91%,1.64,180.86,6.12%,189,12245,47.06%,0.220446,76.50%,0.9%,41.4%,2024-10-17
SYF,56.7,2024-11-15,55.00,-3.00%,1.75,53.25,6.48%,644,712,42.48%,0.369994,60.03%,3.3%,41.4%,2024-10-17
NVDA,136.93,2024-11-15,129.00,-5.79%,4.1,124.9,9.63%,1052,6362,50.85%,0.304933,66.14%,3.3%,41.3%,2024-10-17
ABNB,136.02,2024-11-15,130.00,-4.43%,4.1,125.9,8.04%,131,1765,46.47%,0.331614,63.52%,3.3%,41.0%,2024-10-17
DKNG,37.65,2024-10-25,36.00,-4.38%,0.32,35.68,5.52%,154,800,43.95%,0.23098,75.45%,0.9%,40.9%,2024-10-17
AVGO,181.53,2024-11-15,175.00,-3.60%,5.5,169.5,7.10%,639,1646,43.51%,0.35184,61.74%,3.2%,40.8%,2024-10-17
COIN,204.2,2024-12-20,170.00,-16.75%,11.35,158.65,28.71%,208,1233,82.04%,0.23368,70.32%,7.2%,40.8%,2024-10-17
AMD,156.25,2024-11-15,145.00,-7.20%,4.55,140.45,11.25%,432,10230,55.33%,0.281609,68.41%,3.2%,40.8%,2024-10-17
LRN,65.66,2024-12-20,60.00,-8.62%,4,56,17.25%,140,7565,65.55%,0.31158,62.87%,7.1%,40.7%,2024-10-17
CCL,21.41,2024-10-25,20.50,-4.25%,0.18,20.32,5.36%,440,1385,42.93%,0.24115,75.28%,0.9%,40.4%,2024-10-17
CRWD,310.34,2024-11-01,300.00,-3.33%,4.9,295.1,5.16%,112,1183,39.05%,0.312464,66.57%,1.7%,40.4%,2024-10-17
UPRO,89.39,2024-11-01,86.00,-3.79%,1.4,84.6,5.66%,378,1149,40.88%,0.299669,67.96%,1.7%,40.3%,2024-10-17
TSLA,220.89,2024-11-15,205.00,-7.19%,6.35,198.65,11.20%,342,7013,54.64%,0.279938,68.61%,3.2%,40.2%,2024-10-17
NVDA,136.93,2024-12-20,130.00,-5.06%,8.55,121.45,12.75%,1780,20754,54.82%,0.355453,58.95%,7.0%,40.1%,2024-10-17
INTC,22.44,2024-12-20,21.00,-6.42%,1.38,19.62,14.37%,874,20329,57.33%,0.338903,60.88%,7.0%,40.1%,2024-10-17
TAN,37.02,2024-11-15,34.00,-8.16%,1.05,32.95,12.35%,123,2179,58.82%,0.269114,69.61%,3.2%,40.1%,2024-10-17
META,576.93,2024-11-08,540.00,-6.40%,12.7,527.3,9.41%,300,921,51.19%,0.271655,70.07%,2.4%,40.0%,2024-10-17
DG,81.9,2024-11-15,80.00,-2.32%,2.46,77.54,5.62%,130,4109,37.58%,0.386449,58.77%,3.2%,39.9%,2024-10-17
UBER,79.9,2024-11-01,75.00,-6.13%,1.21,73.79,8.28%,140,585,53.82%,0.257678,71.91%,1.6%,39.9%,2024-10-17
UNP,241.72,2024-10-25,237.50,-1.75%,2.05,235.45,2.66%,203,1666,29.54%,0.331285,65.64%,0.9%,39.7%,2024-10-17
OXY,51.72,2024-10-25,51.00,-1.39%,0.44,50.56,2.29%,191,1201,25.33%,0.341482,64.57%,0.9%,39.7%,2024-10-17
WDC,67.35,2024-11-15,62.50,-7.20%,1.91,60.59,11.16%,274,1948,54.07%,0.282064,68.81%,3.2%,39.7%,2024-10-17
CMG,58.86,2024-10-25,58.00,-1.46%,0.5,57.5,2.37%,233,537,26.39%,0.337593,64.68%,0.9%,39.7%,2024-10-17
PLTR,42,2024-11-15,37.00,-11.90%,1.13,35.87,17.09%,459,11769,68.49%,0.220505,74.43%,3.2%,39.6%,2024-10-17
SMH,251.58,2024-11-15,245.00,-2.62%,7.45,237.55,5.91%,803,6021,38.66%,0.372288,59.61%,3.1%,39.5%,2024-10-17
GDXJ,51.35,2024-11-15,50.00,-2.63%,1.52,48.48,5.92%,175,4143,38.81%,0.372122,59.62%,3.1%,39.5%,2024-10-17
PDD,123.63,2024-12-20,120.00,-2.94%,7.75,112.25,10.14%,120,3830,49.05%,0.389642,55.77%,6.9%,39.4%,2024-10-17
BABA,100.07,2024-10-25,96.00,-4.07%,0.82,95.18,5.14%,353,735,40.23%,0.235017,75.71%,0.9%,39.3%,2024-10-17
NVDA,136.93,2024-11-22,125.00,-8.71%,4.65,120.35,13.78%,665,3960,61.38%,0.277369,68.19%,3.9%,39.2%,2024-10-17
CRWD,310.34,2024-11-15,300.00,-3.33%,9.05,290.95,6.66%,192,854,41.44%,0.353707,61.41%,3.1%,39.1%,2024-10-17
TQQQ,73.34,2024-11-15,65.00,-11.37%,1.96,63.04,16.34%,104,1693,68.89%,0.230855,73.29%,3.1%,39.1%,2024-10-17
YETI,39.53,2024-11-15,35.00,-11.46%,1.05,33.95,16.44%,5273,1583,68.08%,0.227335,73.70%,3.1%,38.9%,2024-10-17
STNG,66.24,2024-11-15,65.00,-1.87%,1.95,63.05,5.06%,200,994,34.91%,0.397913,57.62%,3.1%,38.9%,2024-10-17
GM,49.38,2024-11-15,48.00,-2.79%,1.44,46.56,6.06%,125,2054,39.77%,0.369966,59.98%,3.1%,38.9%,2024-10-17
NVDA,136.93,2024-11-08,127.00,-7.25%,2.9,124.1,10.34%,243,920,53.15%,0.254202,71.80%,2.3%,38.8%,2024-10-17
TQQQ,73.34,2024-11-15,64.00,-12.74%,1.91,62.09,18.12%,500,802,70.56%,0.211466,75.33%,3.1%,38.7%,2024-10-17
FTNT,80.86,2024-10-25,80.00,-1.06%,0.67,79.33,1.93%,182,517,23.28%,0.362021,62.18%,0.8%,38.5%,2024-10-17
NVDA,136.93,2024-11-15,128.00,-6.52%,3.8,124.2,10.25%,1001,5906,51.04%,0.286657,68.04%,3.1%,38.5%,2024-10-17
FSLR,203.37,2025-01-17,190.00,-6.57%,16.8,173.2,17.42%,2005,2255,61.28%,0.342751,58.75%,9.7%,38.5%,2024-10-17
NVDA,136.93,2024-12-20,129.00,-5.79%,8.15,120.85,13.31%,225,2806,54.98%,0.343083,60.22%,6.7%,38.5%,2024-10-17
NVDA,136.93,2024-11-01,128.00,-6.52%,1.99,126.01,8.67%,805,2469,50.36%,0.233089,74.56%,1.6%,38.4%,2024-10-17
AVGO,181.53,2024-11-15,174.00,-4.15%,5.15,168.85,7.51%,408,835,43.31%,0.334105,63.57%,3.1%,38.4%,2024-10-17
YINN,31.41,2025-01-17,25.00,-20.41%,2.2,22.8,37.76%,105,1028,92.07%,0.227809,68.93%,9.6%,38.3%,2024-10-17
LNC,33.62,2024-11-15,32.50,-3.33%,0.95,31.55,6.56%,105,1920,40.48%,0.361313,61.67%,3.0%,37.9%,2024-10-17
NVDA,136.93,2024-10-25,130.00,-5.06%,1.07,128.93,6.20%,21121,18302,44.84%,0.203367,78.30%,0.8%,37.9%,2024-10-17
TRMB,61.43,2024-11-15,60.00,-2.33%,1.75,58.25,5.46%,970,2158,39.45%,0.38408,58.39%,3.0%,37.8%,2024-10-17
RBLX,39.86,2024-11-15,35.00,-12.19%,1.02,33.98,17.30%,366,1311,67.86%,0.213898,75.17%,3.0%,37.8%,2024-10-17
GOOGL,162.93,2024-11-15,160.00,-1.80%,4.65,155.35,4.88%,623,12650,34.83%,0.396671,57.33%,3.0%,37.7%,2024-10-17
USO,72.62,2024-11-15,70.00,-3.61%,2.03,67.97,6.84%,252,16042,41.43%,0.344603,62.35%,3.0%,37.6%,2024-10-17
PLTR,42,2024-12-20,39.00,-7.14%,2.4,36.6,14.75%,143,1373,57.07%,0.323211,62.18%,6.6%,37.4%,2024-10-17
KO,69.9,2024-10-25,69.00,-1.29%,0.56,68.44,2.13%,200,672,24.30%,0.348432,64.07%,0.8%,37.3%,2024-10-17
CEG,271.2,2024-11-15,250.00,-7.82%,7.2,242.8,11.70%,148,4024,54.15%,0.264623,70.31%,3.0%,37.3%,2024-10-17
PLTR,42,2024-11-01,40.00,-4.76%,0.6,39.4,6.60%,602,4876,43.67%,0.269339,70.92%,1.5%,37.1%,2024-10-17
CCJ,56.67,2024-12-20,55.00,-2.95%,3.35,51.65,9.72%,169,999,47.36%,0.389591,55.99%,6.5%,37.0%,2024-10-17
PYPL,79.82,2024-11-15,75.00,-6.04%,2.14,72.86,9.55%,123,3006,49.02%,0.293474,67.39%,2.9%,37.0%,2024-10-17
NVDA,136.93,2024-12-20,128.00,-6.52%,7.75,120.25,13.87%,179,4819,55.08%,0.33081,61.50%,6.4%,36.8%,2024-10-17
JD,38.85,2024-12-20,37.00,-4.76%,2.24,34.76,11.77%,419,1647,48.83%,0.369517,59.43%,6.4%,36.8%,2024-10-17
AMZN,187.53,2024-11-08,180.00,-4.02%,3.9,176.1,6.49%,997,3159,40.71%,0.31401,65.91%,2.2%,36.7%,2024-10-17
NEM,56.5,2024-11-15,55.00,-2.65%,1.56,53.44,5.73%,114,3290,36.77%,0.369991,60.24%,2.9%,36.7%,2024-10-17
QCOM,171.1,2024-11-15,160.00,-6.49%,4.5,155.5,10.03%,172,2550,49.30%,0.285261,68.53%,2.9%,36.4%,2024-10-17
SQ,73.68,2024-12-20,70.00,-4.99%,4.2,65.8,11.98%,110,1331,51.44%,0.352926,59.40%,6.4%,36.4%,2024-10-17
AMD,156.25,2024-12-20,150.00,-4.00%,8.95,141.05,10.78%,273,9897,48.52%,0.368491,57.96%,6.3%,36.2%,2024-10-17
TSLA,220.89,2024-12-20,210.00,-4.93%,12.45,197.55,11.81%,189,7663,50.54%,0.353027,59.44%,6.3%,35.9%,2024-10-17
COIN,204.2,2024-12-20,165.00,-19.20%,9.75,155.25,31.53%,108,952,82.54%,0.208628,73.13%,6.3%,35.8%,2024-10-17
NVDA,136.93,2024-11-08,126.00,-7.98%,2.66,123.34,11.02%,362,787,53.80%,0.237292,73.56%,2.2%,35.8%,2024-10-17
C,63.97,2024-10-25,63.00,-1.52%,0.49,62.51,2.34%,958,1995,23.98%,0.324155,66.65%,0.8%,35.8%,2024-10-17
NVDA,136.93,2025-01-17,132.00,-3.60%,10.9,121.1,13.07%,789,4409,51.69%,0.380022,55.62%,9.0%,35.7%,2024-10-17
VZ,43.85,2024-10-25,42.50,-3.08%,0.33,42.17,3.98%,158,554,33.45%,0.257158,73.61%,0.8%,35.7%,2024-10-17
NVDA,136.93,2024-11-15,127.00,-7.25%,3.5,123.5,10.87%,1777,7501,51.25%,0.268932,69.89%,2.8%,35.7%,2024-10-17
MSFT,416.72,2024-11-01,405.00,-2.81%,5.85,399.15,4.40%,149,1969,33.26%,0.316225,66.39%,1.5%,35.7%,2024-10-17
GOOG,164.51,2024-10-25,162.50,-1.22%,1.26,161.24,2.03%,1388,581,23.34%,0.345984,63.90%,0.8%,35.7%,2024-10-17
HAL,28.94,2024-11-15,28.00,-3.25%,0.77,27.23,6.28%,2033,3312,38.25%,0.353143,62.03%,2.8%,35.6%,2024-10-17
VRDN,24.26,2025-01-17,22.50,-7.25%,1.85,20.65,17.48%,2201,760,61.13%,0.333896,59.69%,9.0%,35.5%,2024-10-17
TSLA,220.89,2025-01-17,215.00,-2.67%,17.65,197.35,11.93%,131,3102,49.69%,0.394489,54.31%,8.9%,35.5%,2024-10-17
FXI,30.85,2024-11-15,30.00,-2.76%,0.82,29.18,5.72%,2768,102944,36.13%,0.367566,60.81%,2.8%,35.4%,2024-10-17
GDX,41.49,2024-10-25,40.50,-2.39%,0.31,40.19,3.23%,2582,557,30.26%,0.280322,70.51%,0.8%,35.2%,2024-10-17
SIL,36.79,2024-11-15,35.00,-4.87%,0.95,34.05,8.05%,2859,2945,43.23%,0.30971,65.88%,2.8%,35.1%,2024-10-17
NVDA,136.93,2024-12-20,127.00,-7.25%,7.35,119.65,14.44%,357,4721,55.12%,0.318572,62.78%,6.1%,35.0%,2024-10-17
NVDA,136.93,2024-11-22,122.00,-10.90%,4.05,117.95,16.09%,181,1073,61.78%,0.237696,72.41%,3.4%,34.8%,2024-10-17
NVDA,136.93,2024-11-29,125.00,-8.71%,4.9,120.1,14.01%,911,733,57.97%,0.280207,67.66%,4.1%,34.6%,2024-10-17
NVDA,136.93,2024-11-01,127.00,-7.25%,1.78,125.22,9.35%,1522,1582,51.01%,0.212836,76.67%,1.4%,34.6%,2024-10-17
BABA,100.07,2024-11-01,95.00,-5.07%,1.33,93.67,6.83%,1077,3247,41.56%,0.256555,73.14%,1.4%,34.6%,2024-10-17
PLTR,42,2025-01-17,40.00,-4.76%,3.2,36.8,14.13%,228,4184,53.79%,0.363345,57.17%,8.7%,34.5%,2024-10-17
UBER,79.9,2024-11-15,75.00,-6.13%,2,73,9.45%,1179,6211,47.12%,0.285216,68.32%,2.7%,34.5%,2024-10-17
PLTR,42,2024-10-25,40.00,-4.76%,0.3,39.7,5.79%,3734,9917,42.79%,0.207047,77.94%,0.8%,34.5%,2024-10-17
UAL,73.33,2024-11-15,70.00,-4.54%,1.86,68.14,7.62%,3816,2049,39.22%,0.330413,66.29%,2.7%,34.4%,2024-10-17
QCOM,171.1,2024-10-25,165.00,-3.57%,1.23,163.77,4.48%,127,682,36.94%,0.241459,74.66%,0.8%,34.3%,2024-10-17
VRT,114.28,2024-11-15,100.00,-12.50%,2.65,97.35,17.39%,962,1217,66.64%,0.20547,76.13%,2.7%,34.3%,2024-10-17
INTC,22.44,2025-01-17,21.00,-6.42%,1.66,19.34,16.03%,169,20846,54.95%,0.34437,59.50%,8.6%,34.1%,2024-10-17
DKNG,37.65,2024-12-20,35.00,-7.04%,1.97,33.03,13.99%,135,635,54.12%,0.320536,62.63%,6.0%,34.0%,2024-10-17
FCX,47.95,2024-11-15,46.00,-4.07%,1.21,44.79,7.06%,111,1334,40.03%,0.327735,64.36%,2.7%,34.0%,2024-10-17
BIDU,92.11,2024-10-25,88.00,-4.46%,0.65,87.35,5.45%,384,878,40.13%,0.207833,77.89%,0.7%,34.0%,2024-10-17
AMAT,183.24,2024-11-15,170.00,-7.23%,4.45,165.55,10.69%,283,869,50.64%,0.268894,70.03%,2.7%,33.8%,2024-10-17
AVGO,181.53,2024-11-15,172.00,-5.25%,4.5,167.5,8.38%,491,980,43.40%,0.300574,67.03%,2.7%,33.8%,2024-10-17
SNOW,119.03,2024-12-20,110.00,-7.59%,6.15,103.85,14.62%,312,1347,54.72%,0.312233,63.47%,5.9%,33.8%,2024-10-17
AVGO,181.53,2024-12-20,175.00,-3.60%,9.75,165.25,9.85%,243,1392,44.52%,0.374778,57.79%,5.9%,33.6%,2024-10-17
AI,25.93,2024-12-20,22.50,-13.23%,1.25,21.25,22.02%,989,13300,67.28%,0.251261,69.27%,5.9%,33.5%,2024-10-17
BIDU,92.11,2024-12-20,90.00,-2.29%,5,85,8.36%,192,2339,42.09%,0.398696,55.23%,5.9%,33.5%,2024-10-17
TSLA,220.89,2024-11-08,200.00,-9.46%,3.95,196.05,12.67%,344,1470,57.32%,0.213414,75.99%,2.0%,33.4%,2024-10-17
URA,32.76,2024-11-15,31.00,-5.37%,0.8,30.2,8.48%,767,620,43.59%,0.295546,67.34%,2.6%,33.3%,2024-10-17
DKNG,37.65,2024-11-15,33.00,-12.35%,0.85,32.15,17.11%,421,687,64.65%,0.202413,76.53%,2.6%,33.3%,2024-10-17
DASH,151.4,2024-11-15,140.00,-7.53%,3.6,136.4,11.00%,188,668,50.98%,0.261224,70.70%,2.6%,33.2%,2024-10-17
MRVL,79.91,2024-11-15,75.00,-6.14%,1.92,73.08,9.35%,859,1777,46.17%,0.282332,68.70%,2.6%,33.1%,2024-10-17
NVDA,136.93,2025-01-17,130.00,-5.06%,10,120,14.11%,3045,33623,52.00%,0.357743,57.88%,8.3%,33.1%,2024-10-17
META,576.93,2024-11-15,540.00,-6.40%,13.8,526.2,9.64%,102,2037,46.76%,0.277251,69.21%,2.6%,33.0%,2024-10-17
PYPL,79.82,2024-10-25,78.00,-2.28%,0.56,77.44,3.07%,283,732,29.51%,0.284099,70.12%,0.7%,33.0%,2024-10-17
MU,112.05,2024-11-15,105.00,-6.29%,2.68,102.32,9.51%,1267,6282,46.33%,0.278925,69.06%,2.6%,33.0%,2024-10-17
DIS,96.54,2024-10-25,95.00,-1.60%,0.68,94.32,2.35%,1159,590,23.69%,0.311246,67.67%,0.7%,32.9%,2024-10-17
NVDA,136.93,2024-11-15,126.00,-7.98%,3.2,122.8,11.51%,859,4697,51.31%,0.251349,71.74%,2.6%,32.8%,2024-10-17
NVDA,136.93,2024-11-08,125.00,-8.71%,2.42,122.58,11.71%,725,3431,53.99%,0.219705,75.42%,2.0%,32.8%,2024-10-17
GOOG,164.51,2024-11-15,160.00,-2.74%,4.05,155.95,5.49%,932,4560,34.67%,0.35865,61.20%,2.6%,32.7%,2024-10-17
AMD,156.25,2024-11-08,140.00,-10.40%,2.7,137.3,13.80%,107,843,59.69%,0.200381,77.32%,2.0%,32.6%,2024-10-17
WYNN,97.99,2024-11-15,95.00,-3.05%,2.4,92.6,5.82%,407,1365,35.63%,0.35043,62.12%,2.6%,32.6%,2024-10-17
BABA,100.07,2024-11-15,95.00,-5.07%,2.4,92.6,8.07%,1227,12339,41.77%,0.310399,67.06%,2.6%,32.6%,2024-10-17
NFLX,687.65,2024-11-15,650.00,-5.48%,16.2,633.8,8.50%,914,769,43.28%,0.291451,67.78%,2.6%,32.2%,2024-10-17
LI,23.75,2025-01-17,22.00,-7.37%,1.65,20.35,16.71%,104,1060,56.80%,0.328558,60.58%,8.1%,32.2%,2024-10-17
META,576.93,2024-10-25,565.00,-2.07%,3.95,561.05,2.83%,1771,1925,26.12%,0.280409,70.55%,0.7%,32.1%,2024-10-17
NVDA,136.93,2024-12-20,126.00,-7.98%,6.7,119.3,14.78%,334,4284,54.85%,0.305891,64.14%,5.6%,32.0%,2024-10-17
NVDA,136.93,2025-01-17,129.00,-5.79%,9.6,119.4,14.68%,229,3863,52.09%,0.346765,59.02%,8.0%,31.9%,2024-10-17
GOOGL,162.93,2024-11-01,155.00,-4.87%,2,153,6.49%,230,1746,40.01%,0.249825,73.08%,1.3%,31.8%,2024-10-17
NVDA,136.93,2024-12-20,125.00,-8.71%,6.6,118.4,15.65%,1181,19478,55.26%,0.294484,65.32%,5.6%,31.8%,2024-10-17
SLV,28.89,2024-11-01,28.00,-3.08%,0.36,27.64,4.52%,278,4011,32.30%,0.295836,68.36%,1.3%,31.7%,2024-10-17
UBER,79.9,2024-11-01,74.00,-7.38%,0.95,73.05,9.38%,129,546,53.67%,0.218988,75.96%,1.3%,31.6%,2024-10-17
TSLA,220.89,2024-11-15,200.00,-9.46%,4.9,195.1,13.22%,1447,20610,55.08%,0.229937,73.89%,2.5%,31.6%,2024-10-17
SQ,73.68,2024-11-15,65.00,-11.78%,1.59,63.41,16.20%,422,2208,62.42%,0.20622,76.19%,2.5%,31.6%,2024-10-17
ASML,700.6,2024-11-15,660.00,-5.80%,16.1,643.9,8.81%,152,1613,43.53%,0.284151,68.67%,2.5%,31.5%,2024-10-17
RBLX,39.86,2024-10-25,38.00,-4.67%,0.26,37.74,5.62%,292,1490,40.87%,0.201678,78.52%,0.7%,31.4%,2024-10-17
TSLA,220.89,2025-01-17,210.00,-4.93%,15.35,194.65,13.48%,205,13314,49.85%,0.357946,58.00%,7.9%,31.3%,2024-10-17
MU,112.05,2024-12-20,105.00,-6.29%,5.45,99.55,12.56%,678,4602,49.01%,0.325985,62.42%,5.5%,31.2%,2024-10-17
AAPL,232.15,2024-11-01,227.50,-2.00%,2.88,224.62,3.35%,400,1522,27.30%,0.336937,64.27%,1.3%,31.2%,2024-10-17
SLV,28.89,2024-10-25,28.00,-3.08%,0.19,27.81,3.88%,546,4530,32.10%,0.241371,74.49%,0.7%,31.2%,2024-10-17
SMH,251.58,2024-11-15,240.00,-4.60%,5.8,234.2,7.42%,1587,9259,39.72%,0.306519,66.31%,2.5%,31.2%,2024-10-17
AMZN,187.53,2024-11-15,180.00,-4.02%,4.3,175.7,6.73%,937,13360,37.59%,0.319228,65.05%,2.4%,30.8%,2024-10-17
TSLA,220.89,2024-12-20,205.00,-7.19%,10.5,194.5,13.57%,119,6715,50.79%,0.311896,63.72%,5.4%,30.8%,2024-10-17
APH,67.54,2024-11-15,65.00,-3.76%,1.55,63.45,6.45%,2335,7412,39.56%,0.336167,63.45%,2.4%,30.7%,2024-10-17
NVDA,136.93,2024-11-15,125.00,-8.71%,2.98,122.02,12.22%,19030,35587,51.90%,0.236088,73.34%,2.4%,30.7%,2024-10-17
CCJ,56.67,2025-01-17,55.00,-2.95%,3.95,51.05,11.01%,216,770,45.11%,0.389377,55.25%,7.7%,30.7%,2024-10-17
PLTR,42,2025-01-17,39.00,-7.14%,2.78,36.22,15.96%,192,1074,53.59%,0.328163,60.85%,7.7%,30.5%,2024-10-17
GM,49.38,2024-11-15,47.00,-4.82%,1.11,45.89,7.61%,1734,1979,39.89%,0.30184,66.98%,2.4%,30.4%,2024-10-17
SLV,28.89,2024-11-15,28.00,-3.08%,0.66,27.34,5.67%,439,20391,34.23%,0.342794,62.71%,2.4%,30.4%,2024-10-17
FSLR,203.37,2025-01-17,180.00,-11.49%,12.8,167.2,21.63%,6000,9779,61.85%,0.281178,65.29%,7.7%,30.4%,2024-10-17
TMF,50.52,2024-11-15,45.00,-10.93%,1.06,43.94,14.98%,128,858,58.26%,0.21163,75.95%,2.4%,30.4%,2024-10-17
MSFT,416.72,2024-11-15,410.00,-1.61%,9.65,400.35,4.09%,554,7079,28.62%,0.391879,57.99%,2.4%,30.3%,2024-10-17
LULU,283.71,2024-11-15,270.00,-4.83%,6.35,263.65,7.61%,124,1248,39.99%,0.299963,66.98%,2.4%,30.3%,2024-10-17
DELL,129.18,2024-12-20,120.00,-7.11%,6.05,113.95,13.37%,232,1387,49.72%,0.31398,63.84%,5.3%,30.3%,2024-10-17
NVDA,136.93,2024-12-20,124.00,-9.44%,6.25,117.75,16.29%,131,13016,55.49%,0.283012,66.53%,5.3%,30.3%,2024-10-17
BA,155.31,2024-11-15,145.00,-6.64%,3.4,141.6,9.68%,454,12061,44.33%,0.269877,70.87%,2.4%,30.2%,2024-10-17
PDD,123.63,2024-11-15,115.00,-6.98%,2.69,112.31,10.08%,256,4368,47.10%,0.262325,70.71%,2.4%,30.1%,2024-10-17
NVDA,136.93,2024-11-08,124.00,-9.44%,2.21,121.79,12.43%,371,2238,54.21%,0.202951,77.20%,1.8%,30.1%,2024-10-17
CBRL,49.81,2024-11-15,45.00,-9.66%,1.05,43.95,13.33%,312,610,55.55%,0.229487,74.17%,2.4%,30.1%,2024-10-17
CRWD,310.34,2025-01-17,300.00,-3.33%,21.1,278.9,11.27%,498,2391,45.34%,0.381611,55.92%,7.6%,30.0%,2024-10-17
AMD,156.25,2025-01-17,150.00,-4.00%,10.55,139.45,12.05%,344,13416,46.43%,0.370606,56.95%,7.6%,30.0%,2024-10-17
NVDA,136.93,2025-01-17,128.00,-6.52%,9,119,15.07%,243,8686,51.94%,0.335556,60.20%,7.6%,30.0%,2024-10-17
MSFT,416.72,2024-10-25,412.50,-1.01%,2.69,409.81,1.69%,1127,670,19.11%,0.34431,64.05%,0.7%,29.9%,2024-10-17
ASHR,26.38,2024-11-01,25.50,-3.34%,0.31,25.19,4.72%,222,2178,34.91%,0.295039,68.42%,1.2%,29.9%,2024-10-17
AVGO,181.53,2024-12-20,172.00,-5.25%,8.55,163.45,11.06%,149,1165,45.16%,0.341144,61.22%,5.2%,29.8%,2024-10-17
TSLA,220.89,2024-11-22,200.00,-9.46%,5.7,194.3,13.69%,100,962,54.13%,0.243736,72.05%,2.9%,29.7%,2024-10-17
CART,42.7,2024-11-15,39.00,-8.67%,0.9,38.1,12.07%,357,7066,52.30%,0.238524,73.06%,2.4%,29.7%,2024-10-17
XOM,120.35,2024-10-25,119.00,-1.12%,0.77,118.23,1.79%,574,548,19.46%,0.338093,65.23%,0.7%,29.7%,2024-10-17
SLB,43.99,2024-11-15,42.50,-3.39%,0.98,41.52,5.95%,311,8120,34.11%,0.335666,64.00%,2.4%,29.7%,2024-10-17
C,63.97,2024-11-15,62.50,-2.30%,1.44,61.06,4.77%,2271,5412,30.01%,0.370665,60.83%,2.4%,29.7%,2024-10-17
BA,155.31,2024-12-20,150.00,-3.42%,7.4,142.6,8.91%,221,1495,39.14%,0.38221,58.41%,5.2%,29.6%,2024-10-17
FUTU,89.71,2025-01-17,80.00,-10.82%,5.55,74.45,20.50%,266,2098,60.09%,0.286922,64.79%,7.5%,29.6%,2024-10-17
NVDA,136.93,2024-11-22,120.00,-12.36%,3.4,116.6,17.44%,2183,4256,62.03%,0.212827,75.09%,2.9%,29.6%,2024-10-17
AVGO,181.53,2024-11-15,170.00,-6.35%,3.9,166.1,9.29%,1373,5632,43.59%,0.26878,70.33%,2.3%,29.6%,2024-10-17
AMD,156.25,2024-11-15,140.00,-10.40%,3.2,136.8,14.22%,1648,16304,55.80%,0.212373,75.75%,2.3%,29.4%,2024-10-17
NVDA,136.93,2025-01-17,127.00,-7.25%,8.75,118.25,15.80%,188,4564,52.04%,0.324628,61.34%,7.4%,29.4%,2024-10-17
CRH,93.65,2024-11-15,90.00,-3.90%,2.05,87.95,6.48%,104,2229,36.69%,0.322522,64.97%,2.3%,29.3%,2024-10-17
TQQQ,73.34,2025-01-17,65.00,-11.37%,4.45,60.55,21.12%,190,3167,62.07%,0.282981,65.08%,7.3%,29.2%,2024-10-17
COIN,204.2,2025-01-17,160.00,-21.65%,10.95,149.05,37.00%,169,2267,79.15%,0.201021,73.03%,7.3%,29.1%,2024-10-17
ADBE,496.83,2024-11-15,490.00,-1.37%,11.05,478.95,3.73%,647,769,27.74%,0.399544,57.03%,2.3%,29.0%,2024-10-17
NVDA,136.93,2024-12-20,123.00,-10.17%,5.95,117.05,16.98%,803,4838,55.66%,0.271636,67.74%,5.1%,29.0%,2024-10-17
GOOGL,162.93,2024-10-25,160.00,-1.80%,1.01,158.99,2.48%,5203,1651,23.23%,0.284714,70.12%,0.6%,29.0%,2024-10-17
SNOW,119.03,2024-11-15,110.00,-7.59%,2.47,107.53,10.69%,464,5870,47.56%,0.248151,72.19%,2.3%,28.9%,2024-10-17
IBM,232.88,2024-11-15,225.00,-3.38%,5.05,219.95,5.88%,119,698,33.53%,0.33457,64.22%,2.3%,28.9%,2024-10-17
AMD,156.25,2024-12-20,145.00,-7.20%,6.95,138.05,13.18%,585,10332,48.77%,0.30761,64.28%,5.0%,28.7%,2024-10-17
UPS,135.41,2024-11-15,130.00,-4.00%,2.88,127.12,6.52%,149,2104,35.43%,0.322091,65.85%,2.3%,28.5%,2024-10-17
NVDA,136.93,2024-11-15,124.00,-9.44%,2.74,121.26,12.92%,1091,4917,52.27%,0.220821,74.96%,2.3%,28.4%,2024-10-17
BAC,42.6,2024-10-25,42.00,-1.41%,0.26,41.74,2.06%,1597,2769,20.48%,0.30907,68.01%,0.6%,28.4%,2024-10-17
NVDA,136.93,2025-01-17,126.00,-7.98%,8.4,117.6,16.44%,276,2671,52.30%,0.314142,62.43%,7.1%,28.3%,2024-10-17
MRNA,54.82,2025-01-17,45.00,-17.91%,3,42,30.52%,125,2676,71.19%,0.223889,70.96%,7.1%,28.3%,2024-10-17
GOOGL,162.93,2024-11-08,155.00,-4.87%,2.6,152.4,6.91%,131,503,37.91%,0.27192,70.40%,1.7%,28.3%,2024-10-17
LRCX,73.14,2024-12-20,68.00,-7.03%,3.2,64.8,12.87%,423,3032,49.75%,0.315243,63.68%,4.9%,28.2%,2024-10-17
CVS,63.67,2024-11-15,60.00,-5.76%,1.31,58.69,8.49%,104,2428,40.21%,0.278521,69.98%,2.2%,28.1%,2024-10-17
SMH,251.58,2024-12-20,245.00,-2.62%,11.5,233.5,7.74%,1086,1154,37.36%,0.38615,56.73%,4.9%,28.1%,2024-10-17
CMG,58.86,2024-11-15,55.00,-6.56%,1.2,53.8,9.41%,556,4808,44.25%,0.26354,70.67%,2.2%,28.1%,2024-10-17
KWEB,31.17,2024-11-15,29.00,-6.96%,0.63,28.37,9.87%,2426,11225,45.51%,0.2571,71.31%,2.2%,27.9%,2024-10-17
NVDA,136.93,2024-11-29,120.00,-12.36%,3.8,116.2,17.84%,346,1450,58.86%,0.217888,74.32%,3.3%,27.8%,2024-10-17
PFE,29.27,2024-11-08,28.00,-4.34%,0.46,27.54,6.28%,140,1347,34.32%,0.285674,70.07%,1.7%,27.7%,2024-10-17
DELL,129.18,2024-11-15,120.00,-7.11%,2.58,117.42,10.02%,605,1161,44.98%,0.253274,71.95%,2.2%,27.7%,2024-10-17
AVGO,181.53,2024-12-20,170.00,-6.35%,7.85,162.15,11.95%,207,3486,45.42%,0.319233,63.50%,4.8%,27.6%,2024-10-17
TSLA,220.89,2025-01-17,205.00,-7.19%,13.3,191.7,15.23%,185,2226,50.06%,0.322685,61.68%,6.9%,27.5%,2024-10-17
META,576.93,2024-10-25,562.50,-2.50%,3.35,559.15,3.18%,723,640,26.81%,0.248366,73.83%,0.6%,27.3%,2024-10-17
GDX,41.49,2024-11-15,40.00,-3.59%,0.85,39.15,5.98%,694,15085,33.89%,0.321385,64.91%,2.2%,27.3%,2024-10-17
BA,155.31,2024-11-01,145.00,-6.64%,1.61,143.39,8.31%,236,1403,46.88%,0.220523,76.51%,1.1%,27.3%,2024-10-17
UAL,73.33,2024-12-20,70.00,-4.54%,3.2,66.8,9.78%,3586,6429,36.87%,0.371456,61.83%,4.8%,27.3%,2024-10-17
NVDA,136.93,2025-01-17,125.00,-8.71%,8,117,17.03%,387,23040,52.31%,0.303399,63.57%,6.8%,27.1%,2024-10-17
GE,192.62,2024-11-15,185.00,-3.96%,3.9,181.1,6.36%,244,1271,35.09%,0.313364,65.84%,2.2%,27.1%,2024-10-17
KWEB,31.17,2024-12-20,30.00,-3.75%,1.36,28.64,8.83%,889,6290,40.59%,0.363119,58.90%,4.7%,27.1%,2024-10-17
CAT,394.49,2024-11-15,380.00,-3.67%,7.95,372.05,6.03%,111,4292,33.30%,0.318936,65.49%,2.1%,26.9%,2024-10-17
AMAT,183.24,2025-01-17,175.00,-4.50%,11.1,163.9,11.80%,108,1366,44.12%,0.361644,58.23%,6.8%,26.9%,2024-10-17
MU,112.05,2025-01-17,105.00,-6.29%,6.65,98.35,13.93%,387,9256,47.16%,0.333685,60.81%,6.8%,26.8%,2024-10-17
ITB,127.81,2024-11-01,124.00,-2.98%,1.35,122.65,4.21%,1000,1038,29.31%,0.285287,69.47%,1.1%,26.8%,2024-10-17
MSFT,416.72,2024-11-01,400.00,-4.01%,4.35,395.65,5.33%,235,3262,33.50%,0.255027,72.67%,1.1%,26.8%,2024-10-17
OXY,51.72,2024-11-15,50.00,-3.33%,1.04,48.96,5.64%,1333,14595,31.91%,0.328094,64.65%,2.1%,26.7%,2024-10-17
NVDA,136.93,2024-11-15,123.00,-10.17%,2.54,120.46,13.67%,1471,7135,52.79%,0.206702,76.45%,2.1%,26.5%,2024-10-17
CAVA,134.29,2025-01-17,120.00,-10.64%,7.5,112.5,19.37%,142,767,55.59%,0.281869,65.66%,6.7%,26.4%,2024-10-17
AMZN,187.53,2024-10-25,182.50,-2.68%,1.05,181.45,3.35%,2400,2240,27.02%,0.234868,75.17%,0.6%,26.4%,2024-10-17
NVO,118.22,2024-11-15,110.00,-6.95%,2.26,107.74,9.73%,672,1239,43.34%,0.250793,72.24%,2.1%,26.4%,2024-10-17
ZBH,104.95,2024-11-15,100.00,-4.72%,2.05,97.95,7.15%,117,3820,36.11%,0.290463,68.25%,2.1%,26.3%,2024-10-17
SBUX,95.27,2024-11-15,90.00,-5.53%,1.84,88.16,8.06%,230,9306,39.07%,0.278144,69.73%,2.1%,26.3%,2024-10-17
KMI,24.82,2024-10-25,24.50,-1.29%,0.14,24.36,1.89%,549,596,20.14%,0.3253,66.83%,0.6%,26.2%,2024-10-17
AVGO,181.53,2024-11-01,170.00,-6.35%,1.81,168.19,7.93%,320,1329,42.03%,0.203604,77.94%,1.1%,26.2%,2024-10-17
PAAS,22.08,2025-01-17,21.00,-4.89%,1.3,19.7,12.08%,1020,2365,44.31%,0.357228,58.92%,6.6%,26.2%,2024-10-17
CRWD,310.34,2024-11-15,290.00,-6.55%,5.9,284.1,9.24%,105,1768,42.26%,0.255829,71.53%,2.1%,26.1%,2024-10-17
NVDA,136.93,2024-12-20,121.00,-11.63%,5.3,115.7,18.35%,196,6789,55.64%,0.248667,70.22%,4.6%,26.1%,2024-10-17
QCOM,171.1,2024-11-15,155.00,-9.41%,3.15,151.85,12.68%,107,1609,50.14%,0.216214,75.78%,2.1%,26.1%,2024-10-17
NFLX,687.65,2024-11-15,640.00,-6.93%,13,627,9.67%,436,732,43.65%,0.250787,72.03%,2.1%,26.1%,2024-10-17
TSLA,220.89,2024-12-20,200.00,-9.46%,8.75,191.25,15.50%,388,10485,51.01%,0.272288,67.91%,4.6%,26.1%,2024-10-17
NVDA,136.93,2025-01-17,124.00,-9.44%,7.65,116.35,17.69%,637,6916,52.48%,0.293013,64.67%,6.6%,26.1%,2024-10-17
IWM,226.12,2024-11-15,223.00,-1.38%,4.51,218.49,3.49%,1227,2641,24.64%,0.393827,57.93%,2.1%,26.0%,2024-10-17
DIS,96.54,2024-11-22,92.00,-4.70%,2.29,89.71,7.61%,225,1559,36.59%,0.308399,66.24%,2.6%,25.9%,2024-10-17
HOOD,26.32,2024-12-20,22.00,-16.41%,0.95,21.05,25.04%,342,1621,65.41%,0.206427,74.36%,4.5%,25.7%,2024-10-17
NCLH,24.11,2024-12-20,22.00,-8.75%,0.95,21.05,14.54%,317,1053,49.24%,0.280285,67.15%,4.5%,25.7%,2024-10-17
DAL,55.26,2024-11-15,52.50,-4.99%,1.05,51.45,7.41%,238,3045,36.83%,0.284189,68.92%,2.0%,25.7%,2024-10-17
FCX,47.95,2024-11-15,45.00,-6.15%,0.9,44.1,8.73%,333,6955,40.66%,0.263222,71.02%,2.0%,25.7%,2024-10-17
PLAY,38.77,2024-11-15,35.00,-9.72%,0.7,34.3,13.03%,1530,1162,51.66%,0.21432,75.88%,2.0%,25.7%,2024-10-17
AVGO,181.53,2024-11-15,168.00,-7.45%,3.35,164.65,10.25%,405,1508,44.01%,0.239667,73.38%,2.0%,25.6%,2024-10-17
NEM,56.5,2024-11-01,53.00,-6.19%,0.55,52.45,7.72%,302,2666,41.24%,0.205949,77.78%,1.0%,25.5%,2024-10-17
EEM,45.47,2024-10-25,45.00,-1.03%,0.25,44.75,1.61%,488,7628,17.83%,0.335461,65.30%,0.6%,25.5%,2024-10-17
WFC,64.38,2024-11-15,62.50,-2.92%,1.24,61.26,5.09%,646,5523,29.43%,0.337546,63.96%,2.0%,25.5%,2024-10-17
CVS,63.67,2024-11-01,61.00,-4.19%,0.63,60.37,5.47%,211,690,34.64%,0.257777,72.91%,1.0%,25.4%,2024-10-17
BAC,42.6,2024-11-15,42.00,-1.41%,0.83,41.17,3.47%,960,10217,23.90%,0.394055,58.34%,2.0%,25.4%,2024-10-17
HPQ,37.58,2024-11-15,37.00,-1.54%,0.73,36.27,3.61%,252,1023,24.86%,0.390988,58.78%,2.0%,25.3%,2024-10-17
BP,31.32,2024-11-15,30.00,-4.21%,0.59,29.41,6.49%,639,2635,33.24%,0.307956,67.71%,2.0%,25.2%,2024-10-17
BAC,42.6,2024-11-01,42.00,-1.41%,0.43,41.57,2.48%,153,1028,20.89%,0.353281,63.12%,1.0%,25.2%,2024-10-17
NVDA,136.93,2025-01-17,123.00,-10.17%,7.3,115.7,18.35%,707,4301,52.61%,0.282724,65.77%,6.3%,25.0%,2024-10-17
MSFT,416.72,2024-11-15,405.00,-2.81%,7.85,397.15,4.93%,478,5259,29.35%,0.337655,63.49%,2.0%,24.9%,2024-10-17
VRT,114.28,2025-01-17,100.00,-12.50%,5.9,94.1,21.45%,278,817,56.67%,0.259309,68.05%,6.3%,24.9%,2024-10-17
TBT,32.52,2024-11-15,31.00,-4.67%,0.6,30.4,6.97%,157,725,35.25%,0.290505,68.50%,2.0%,24.8%,2024-10-17
NVDA,136.93,2024-12-20,120.00,-12.36%,5,115,19.07%,2377,43188,55.80%,0.237851,71.39%,4.3%,24.8%,2024-10-17
AMD,156.25,2025-01-17,145.00,-7.20%,8.5,136.5,14.47%,114,9205,46.64%,0.316787,62.52%,6.2%,24.7%,2024-10-17
JD,38.85,2024-12-20,35.00,-9.91%,1.45,33.55,15.80%,114,4247,49.12%,0.274035,69.41%,4.3%,24.6%,2024-10-17
BA,155.31,2025-01-17,150.00,-3.42%,8.75,141.25,9.95%,1097,6629,37.31%,0.387869,57.37%,6.2%,24.6%,2024-10-17
JD,38.85,2024-11-15,35.00,-9.91%,0.67,34.33,13.17%,1022,10144,55.98%,0.232037,74.58%,2.0%,24.6%,2024-10-17
VST,127.27,2025-01-17,110.00,-13.57%,6.4,103.6,22.85%,2188,2417,58.85%,0.251084,68.92%,6.2%,24.5%,2024-10-17
GILD,87.36,2024-11-15,85.00,-2.70%,1.62,83.38,4.77%,248,1760,27.90%,0.344081,63.62%,1.9%,24.5%,2024-10-17
GOOG,164.51,2024-11-01,155.00,-5.78%,1.54,153.46,7.20%,184,1071,40.48%,0.215925,76.60%,1.0%,24.4%,2024-10-17
UAL,73.33,2025-01-17,70.00,-4.54%,4.05,65.95,11.19%,349,2930,36.65%,0.387423,59.97%,6.1%,24.4%,2024-10-17
SMH,251.58,2024-11-15,235.00,-6.59%,4.45,230.55,9.12%,958,5001,40.66%,0.247949,72.40%,1.9%,24.3%,2024-10-17
ECL,257.1,2024-11-15,250.00,-2.76%,4.7,245.3,4.81%,288,1905,29.18%,0.339727,63.33%,1.9%,24.1%,2024-10-17
GOOGL,162.93,2024-11-15,155.00,-4.87%,2.91,152.09,7.13%,435,11036,35.27%,0.280502,69.21%,1.9%,24.1%,2024-10-17
NKE,83.4,2024-10-25,82.00,-1.68%,0.43,81.57,2.24%,155,586,21.50%,0.285545,70.26%,0.5%,24.1%,2024-10-17
AMZN,187.53,2024-11-08,175.00,-6.68%,2.5,172.5,8.71%,116,724,41.06%,0.223111,75.37%,1.4%,24.0%,2024-10-17
IWM,226.12,2024-11-15,222.00,-1.82%,4.16,217.84,3.80%,123,3430,24.88%,0.369975,60.34%,1.9%,24.0%,2024-10-17
LVS,50.8,2024-11-15,47.50,-6.50%,0.89,46.61,8.99%,584,1563,40.51%,0.25279,72.18%,1.9%,24.0%,2024-10-17
TSLA,220.89,2025-01-17,200.00,-9.46%,11.4,188.6,17.12%,691,36558,50.26%,0.288329,65.31%,6.0%,24.0%,2024-10-17
FXI,30.85,2024-12-20,30.00,-2.76%,1.21,28.79,7.16%,2302,70854,33.78%,0.385646,57.83%,4.2%,24.0%,2024-10-17
NVDA,136.93,2025-01-17,122.00,-10.90%,6.95,115.05,19.02%,341,4129,52.69%,0.272476,66.87%,6.0%,24.0%,2024-10-17
NVO,118.22,2025-01-17,115.00,-2.72%,6.55,108.45,9.01%,365,2295,36.62%,0.389624,55.97%,6.0%,24.0%,2024-10-17
SMH,251.58,2025-01-17,245.00,-2.62%,13.95,231.05,8.89%,114,3660,36.89%,0.38869,55.69%,6.0%,24.0%,2024-10-17
SMH,251.58,2024-12-20,240.00,-4.60%,9.65,230.35,9.22%,361,2960,37.97%,0.337413,61.65%,4.2%,23.9%,2024-10-17
UBER,79.9,2024-11-15,72.50,-9.26%,1.35,71.15,12.30%,230,3598,48.15%,0.209331,76.30%,1.9%,23.9%,2024-10-17
BIDU,92.11,2024-11-15,85.00,-7.72%,1.58,83.42,10.42%,1351,6930,43.89%,0.230183,74.20%,1.9%,23.8%,2024-10-17
PFE,29.27,2024-11-15,28.00,-4.34%,0.52,27.48,6.51%,699,16420,31.99%,0.296593,68.86%,1.9%,23.8%,2024-10-17
XRT,78.23,2024-11-15,77.00,-1.57%,1.43,75.57,3.52%,1012,748,26.56%,0.388081,58.38%,1.9%,23.8%,2024-10-17
QQQ,491.25,2024-11-08,485.00,-1.27%,6.85,478.15,2.74%,258,844,21.29%,0.376962,59.68%,1.4%,23.8%,2024-10-17
CSX,33.09,2024-11-15,32.50,-1.78%,0.6,31.9,3.73%,3602,1598,24.30%,0.370915,60.36%,1.9%,23.7%,2024-10-17
KKR,137.84,2024-11-15,130.00,-5.69%,2.4,127.6,8.03%,549,6210,37.93%,0.264682,70.81%,1.9%,23.7%,2024-10-17
AAPL,232.15,2024-11-01,225.00,-3.08%,2.16,222.84,4.18%,2898,5132,27.50%,0.2686,71.27%,1.0%,23.6%,2024-10-17
CSCO,56.4,2024-11-15,55.00,-2.48%,1.01,53.99,4.46%,1134,1780,26.66%,0.347685,63.10%,1.9%,23.5%,2024-10-17
NVDA,136.93,2024-12-20,119.00,-13.09%,4.7,114.3,19.80%,893,4041,55.96%,0.227311,72.54%,4.1%,23.5%,2024-10-17
BABA,100.07,2024-12-20,95.00,-5.07%,3.75,91.25,9.67%,183,3177,36.53%,0.340582,63.30%,4.1%,23.4%,2024-10-17
PLTR,42,2025-01-17,37.00,-11.90%,2.06,34.94,20.21%,127,4942,54.12%,0.261631,67.96%,5.9%,23.4%,2024-10-17
QQQ,491.25,2024-11-01,486.00,-1.07%,4.61,481.39,2.05%,208,1220,18.42%,0.364093,61.32%,1.0%,23.3%,2024-10-17
SOXX,229.15,2024-11-15,215.00,-6.17%,3.9,211.1,8.55%,174,951,38.82%,0.252574,71.99%,1.8%,23.3%,2024-10-17
IWM,226.12,2024-11-01,223.00,-1.38%,2.11,220.89,2.37%,1599,2734,19.70%,0.344614,63.60%,1.0%,23.2%,2024-10-17
META,576.93,2024-10-25,560.00,-2.93%,2.83,557.17,3.55%,999,1423,26.84%,0.21438,77.32%,0.5%,23.2%,2024-10-17
ASHR,26.38,2024-11-15,25.00,-5.23%,0.45,24.55,7.45%,664,19711,35.38%,0.267132,70.50%,1.8%,23.1%,2024-10-17
FDX,274.26,2024-11-15,270.00,-1.55%,4.85,265.15,3.44%,186,783,23.53%,0.383011,59.33%,1.8%,23.0%,2024-10-17
PYPL,79.82,2025-01-17,77.50,-2.91%,4.25,73.25,8.97%,177,3499,36.71%,0.381956,56.36%,5.8%,23.0%,2024-10-17
IWM,226.12,2024-11-08,220.00,-2.71%,3,217,4.20%,221,645,26.18%,0.312471,66.53%,1.4%,22.9%,2024-10-17
EXPE,158.01,2024-10-25,152.50,-3.49%,0.76,151.74,4.13%,969,845,30.63%,0.205341,78.31%,0.5%,22.9%,2024-10-17
DIS,96.54,2024-11-15,90.00,-6.77%,1.6,88.4,9.21%,349,7414,39.75%,0.241475,73.44%,1.8%,22.8%,2024-10-17
WYNN,97.99,2024-11-15,92.50,-5.60%,1.64,90.86,7.85%,551,554,36.47%,0.261682,71.26%,1.8%,22.7%,2024-10-17
KWEB,31.17,2025-01-17,30.00,-3.75%,1.62,28.38,9.83%,330,15651,38.71%,0.366853,57.80%,5.7%,22.6%,2024-10-17
MRVL,79.91,2024-11-15,72.50,-9.27%,1.28,71.22,12.20%,374,1037,47.04%,0.204905,76.85%,1.8%,22.6%,2024-10-17
PYPL,79.82,2024-12-20,75.00,-6.04%,2.86,72.14,10.65%,197,1191,40.15%,0.309718,64.45%,4.0%,22.6%,2024-10-17
T,21.73,2024-11-15,21.00,-3.36%,0.37,20.63,5.33%,243,4460,28.04%,0.317953,66.73%,1.8%,22.6%,2024-10-17
MU,112.05,2024-12-20,100.00,-10.75%,3.8,96.2,16.48%,376,8422,49.84%,0.247513,70.72%,4.0%,22.5%,2024-10-17
UBER,79.9,2024-12-20,75.00,-6.13%,2.85,72.15,10.74%,249,1663,40.11%,0.307472,64.68%,4.0%,22.5%,2024-10-17
AMD,156.25,2024-12-20,140.00,-10.40%,5.3,134.7,16.00%,481,11173,49.19%,0.250858,70.30%,3.9%,22.4%,2024-10-17
UAL,73.33,2024-11-15,67.50,-7.95%,1.18,66.32,10.57%,186,613,41.00%,0.230124,76.33%,1.8%,22.4%,2024-10-17
MSFT,416.72,2024-10-25,410.00,-1.61%,2,408,2.14%,1534,1936,19.45%,0.272223,71.38%,0.5%,22.4%,2024-10-17
WMT,80.89,2024-10-25,80.00,-1.10%,0.39,79.61,1.61%,251,6788,16.54%,0.310886,67.43%,0.5%,22.4%,2024-10-17
NVDA,136.93,2024-12-20,118.00,-13.82%,4.45,113.55,20.59%,332,6042,56.29%,0.217501,73.61%,3.9%,22.4%,2024-10-17
AAPL,232.15,2024-11-08,225.00,-3.08%,2.99,222.01,4.57%,252,2110,27.58%,0.298385,67.80%,1.3%,22.3%,2024-10-17
AVGO,181.53,2024-11-15,166.00,-8.56%,2.89,163.11,11.29%,163,753,44.49%,0.212776,76.21%,1.8%,22.3%,2024-10-17
REM,23.41,2024-11-15,23.00,-1.75%,0.4,22.6,3.58%,103,833,23.10%,0.38642,60.70%,1.8%,22.3%,2024-10-17
AVGO,181.53,2024-12-20,165.00,-9.11%,6.2,158.8,14.31%,100,2038,45.88%,0.266412,69.04%,3.9%,22.3%,2024-10-17
SQ,73.68,2024-12-20,65.00,-11.78%,2.44,62.56,17.77%,239,3289,53.08%,0.239401,71.36%,3.9%,22.2%,2024-10-17
GOOGL,162.93,2024-12-20,160.00,-1.80%,6,154,5.80%,412,7159,29.58%,0.398727,55.82%,3.9%,22.2%,2024-10-17
IWM,226.12,2024-11-15,221.00,-2.26%,3.82,217.18,4.12%,451,10373,25.13%,0.346968,62.68%,1.8%,22.1%,2024-10-17
BHP,56.89,2024-11-15,55.00,-3.32%,0.95,54.05,5.25%,269,1766,27.58%,0.333629,66.81%,1.8%,22.1%,2024-10-17
ETN,348.49,2024-11-15,330.00,-5.31%,5.7,324.3,7.46%,575,611,35.27%,0.266164,70.83%,1.8%,22.1%,2024-10-17
ZM,70.2,2024-12-20,67.50,-3.85%,2.52,64.98,8.03%,223,1329,35.15%,0.349634,60.51%,3.9%,22.1%,2024-10-17
GDX,41.49,2024-11-01,40.00,-3.59%,0.36,39.64,4.67%,969,662,31.22%,0.262187,71.83%,0.9%,22.1%,2024-10-17
LYB,91.59,2024-11-15,90.00,-1.74%,1.55,88.45,3.55%,167,1014,22.69%,0.382196,60.79%,1.8%,22.1%,2024-10-17
TSLA,220.89,2024-12-20,195.00,-11.72%,7.25,187.75,17.65%,1677,3942,51.42%,0.235456,71.87%,3.9%,22.0%,2024-10-17
BABA,100.07,2024-11-15,92.50,-7.56%,1.59,90.91,10.08%,627,5997,41.04%,0.232301,75.17%,1.7%,22.0%,2024-10-17
TLT,93.8,2024-11-08,92.50,-1.39%,1.21,91.29,2.75%,697,525,20.57%,0.367629,60.88%,1.3%,22.0%,2024-10-17
PFE,29.27,2024-11-01,28.00,-4.34%,0.25,27.75,5.48%,269,3461,31.22%,0.232852,75.83%,0.9%,21.9%,2024-10-17
QQQ,491.25,2024-11-01,485.00,-1.27%,4.33,480.67,2.20%,1651,9444,18.63%,0.344975,63.27%,0.9%,21.9%,2024-10-17
ABBV,188.57,2024-10-25,185.00,-1.89%,0.88,184.12,2.42%,141,1925,21.01%,0.260898,73.06%,0.5%,21.8%,2024-10-17
ALB,94.67,2025-01-17,80.00,-15.50%,4.15,75.85,24.81%,179,11049,57.94%,0.226896,71.86%,5.5%,21.7%,2024-10-17
AVGO,181.53,2025-01-17,168.00,-7.45%,8.7,159.3,13.95%,1121,2128,43.42%,0.308678,63.88%,5.5%,21.7%,2024-10-17
QQQ,491.25,2024-10-25,486.00,-1.07%,2.27,483.73,1.55%,383,8152,15.89%,0.306886,67.61%,0.5%,21.4%,2024-10-17
PANW,376.15,2024-11-15,350.00,-6.95%,5.85,344.15,9.30%,162,975,40.72%,0.2376,73.49%,1.7%,21.4%,2024-10-17
EMR,110.45,2024-11-15,105.00,-4.93%,1.75,103.25,6.97%,209,899,33.22%,0.270984,70.56%,1.7%,21.3%,2024-10-17
URA,32.76,2024-11-15,30.00,-8.42%,0.5,29.5,11.05%,118,619,44.02%,0.212316,76.09%,1.7%,21.3%,2024-10-17
NVDA,136.93,2025-01-17,120.00,-12.36%,6.1,113.9,20.22%,3309,37748,52.92%,0.252586,69.03%,5.4%,21.2%,2024-10-17
NVDA,136.93,2024-12-20,117.00,-14.55%,4.2,112.8,21.39%,102,2888,56.25%,0.206894,74.79%,3.7%,21.2%,2024-10-17
AXP,285.78,2024-12-20,280.00,-2.02%,10.05,269.95,5.86%,217,2045,28.72%,0.391598,56.75%,3.7%,21.2%,2024-10-17
TSM,205.84,2024-11-15,190.00,-7.70%,3.15,186.85,10.16%,1745,2300,40.93%,0.218985,75.62%,1.7%,21.2%,2024-10-17
WMT,80.89,2024-11-15,80.00,-1.10%,1.32,78.68,2.81%,1177,5445,20.25%,0.395704,57.69%,1.7%,21.1%,2024-10-17
WFC,64.38,2024-10-25,63.00,-2.14%,0.29,62.71,2.66%,1385,1091,21.79%,0.241156,74.92%,0.5%,21.1%,2024-10-17
XLK,230.09,2024-11-15,225.00,-2.21%,3.7,221.3,3.97%,412,1653,24.63%,0.344301,62.64%,1.7%,21.0%,2024-10-17
DIS,96.54,2024-10-25,94.00,-2.63%,0.43,93.57,3.17%,387,670,24.22%,0.218322,77.14%,0.5%,21.0%,2024-10-17
IWM,226.12,2024-10-25,223.00,-1.38%,1.02,221.98,1.87%,591,1409,17.61%,0.283239,70.30%,0.5%,21.0%,2024-10-17
AMZN,187.53,2024-11-15,175.00,-6.68%,2.86,172.14,8.94%,363,11387,38.37%,0.234476,73.87%,1.7%,20.9%,2024-10-17
NVDA,136.93,2025-01-17,119.00,-13.09%,5.95,113.05,21.12%,237,2735,52.85%,0.242269,70.16%,5.3%,20.9%,2024-10-17
TSLA,220.89,2025-01-17,195.00,-11.72%,9.7,185.3,19.21%,102,8119,50.48%,0.255456,68.86%,5.2%,20.8%,2024-10-17
FXI,30.85,2024-11-15,29.00,-6.00%,0.47,28.53,8.13%,2663,30856,35.91%,0.24984,72.94%,1.6%,20.7%,2024-10-17
XYL,135.16,2024-11-15,130.00,-3.82%,2.1,127.9,5.68%,102,931,30.46%,0.299302,67.49%,1.6%,20.7%,2024-10-17
QQQ,491.25,2024-11-01,484.00,-1.48%,4.06,479.94,2.36%,145,940,18.90%,0.32709,65.10%,0.8%,20.6%,2024-10-17
WMT,80.89,2024-11-01,80.00,-1.10%,0.67,79.33,1.97%,339,980,17.23%,0.355289,62.43%,0.8%,20.6%,2024-10-17
QQQ,491.25,2024-10-31,485.00,-1.27%,3.79,481.21,2.09%,2581,6482,17.71%,0.334157,64.40%,0.8%,20.5%,2024-10-17
GM,49.38,2025-01-17,48.00,-2.79%,2.36,45.64,8.19%,196,1666,33.12%,0.382845,56.77%,5.2%,20.5%,2024-10-17
IWM,226.12,2024-11-15,220.00,-2.71%,3.52,216.48,4.45%,1892,34494,25.30%,0.324486,64.98%,1.6%,20.5%,2024-10-17
QQQ,491.25,2024-11-15,485.00,-1.27%,7.75,477.25,2.93%,3311,39223,20.53%,0.382501,58.76%,1.6%,20.4%,2024-10-17
SMH,251.58,2024-12-20,235.00,-6.59%,8.1,226.9,10.88%,222,919,38.72%,0.292668,66.29%,3.6%,20.4%,2024-10-17
MU,112.05,2025-01-17,100.00,-10.75%,4.85,95.15,17.76%,243,14555,47.82%,0.26371,68.22%,5.1%,20.2%,2024-10-17
KO,69.9,2024-10-25,68.00,-2.72%,0.3,67.7,3.25%,173,506,25.29%,0.22183,76.91%,0.4%,20.2%,2024-10-17
BIDU,92.11,2024-12-20,85.00,-7.72%,2.91,82.09,12.21%,139,3710,41.33%,0.276817,67.87%,3.5%,20.2%,2024-10-17
PG,172.28,2024-11-15,170.00,-1.32%,2.68,167.32,2.96%,350,4091,20.44%,0.386215,59.14%,1.6%,20.2%,2024-10-17
CEG,271.2,2025-01-17,240.00,-11.50%,11.6,228.4,18.74%,701,772,49.61%,0.257469,68.82%,5.1%,20.1%,2024-10-17
PLTR,42,2025-01-17,36.00,-14.29%,1.74,34.26,22.59%,128,2205,54.66%,0.231011,71.28%,5.1%,20.1%,2024-10-17
MSFT,416.72,2024-11-15,400.00,-4.01%,6.3,393.7,5.85%,476,10952,29.71%,0.286321,68.75%,1.6%,20.1%,2024-10-17
OXY,51.72,2024-11-01,50.00,-3.33%,0.41,49.59,4.30%,1142,646,26.71%,0.250516,73.39%,0.8%,20.1%,2024-10-17
PAYX,142.32,2024-11-15,140.00,-1.63%,2.2,137.8,3.28%,213,1635,21.24%,0.370977,60.82%,1.6%,20.1%,2024-10-17
SLV,28.89,2024-12-31,28.00,-3.08%,1.11,26.89,7.44%,358,10225,31.76%,0.365616,58.60%,4.1%,20.1%,2024-10-17
JPM,224.42,2024-11-15,220.00,-1.97%,3.45,216.55,3.63%,290,2703,22.61%,0.354877,62.25%,1.6%,20.1%,2024-10-17
IWM,226.12,2024-11-01,222.00,-1.82%,1.81,220.19,2.69%,351,3936,19.88%,0.305367,67.59%,0.8%,20.0%,2024-10-17
WYNN,97.99,2025-01-17,95.00,-3.05%,4.55,90.45,8.34%,183,897,33.09%,0.376862,57.40%,5.0%,20.0%,2024-10-17
NVDA,136.93,2025-01-17,118.00,-13.82%,5.65,112.35,21.88%,285,14037,53.20%,0.233331,71.12%,5.0%,20.0%,2024-10-17
AMD,156.25,2025-01-17,140.00,-10.40%,6.7,133.3,17.22%,195,17532,47.16%,0.266435,67.86%,5.0%,19.9%,2024-10-17
GOOG,164.51,2024-12-20,160.00,-2.74%,5.4,154.6,6.41%,104,6093,29.61%,0.368708,58.87%,3.5%,19.9%,2024-10-17
SCHW,71.91,2024-11-15,70.00,-2.66%,1.09,68.91,4.35%,411,1379,24.99%,0.326156,64.89%,1.6%,19.9%,2024-10-17
AAPL,232.15,2024-11-15,225.00,-3.08%,3.5,221.5,4.81%,547,20189,26.58%,0.310706,66.19%,1.6%,19.9%,2024-10-17
EFX,280.3,2024-11-15,270.00,-3.67%,4.2,265.8,5.46%,952,1259,29.69%,0.300294,67.27%,1.6%,19.9%,2024-10-17
GOOG,164.51,2024-11-15,155.00,-5.78%,2.41,152.59,7.81%,170,5549,35.46%,0.249627,72.43%,1.6%,19.9%,2024-10-17
IBM,232.88,2024-11-15,220.00,-5.53%,3.4,216.6,7.52%,355,5536,33.66%,0.253618,72.56%,1.6%,19.8%,2024-10-17
AMZN,187.53,2024-12-20,180.00,-4.02%,6,174,7.78%,180,9098,32.36%,0.337064,61.88%,3.4%,19.7%,2024-10-17
C,63.97,2024-12-20,62.50,-2.30%,2.08,60.42,5.88%,255,3494,26.94%,0.387478,58.16%,3.4%,19.6%,2024-10-17
SLV,28.89,2024-11-01,27.50,-4.81%,0.22,27.28,5.90%,129,1564,32.34%,0.208548,77.40%,0.8%,19.6%,2024-10-17
TGT,155.89,2024-11-15,150.00,-3.78%,2.3,147.7,5.55%,128,6519,27.62%,0.290236,68.96%,1.6%,19.6%,2024-10-17
WDC,67.35,2024-12-20,60.00,-10.91%,1.98,58.02,16.08%,192,2242,46.66%,0.239415,72.29%,3.4%,19.5%,2024-10-17
QQQ,491.25,2024-11-01,483.00,-1.68%,3.82,479.18,2.52%,204,3232,19.12%,0.309591,66.90%,0.8%,19.4%,2024-10-17
BMY,53.18,2024-10-25,52.00,-2.22%,0.22,51.78,2.70%,197,2381,21.67%,0.236165,75.79%,0.4%,19.4%,2024-10-17
QQQ,491.25,2024-10-25,485.00,-1.27%,2.05,482.95,1.72%,7217,23001,16.22%,0.280549,70.31%,0.4%,19.4%,2024-10-17
DELL,129.18,2025-01-17,115.00,-10.98%,5.35,109.65,17.81%,542,3381,47.04%,0.260248,68.88%,4.9%,19.4%,2024-10-17
GDXJ,51.35,2025-01-17,49.00,-4.58%,2.27,46.73,9.89%,1018,2350,36.04%,0.344649,60.21%,4.9%,19.3%,2024-10-17
QQQ,491.25,2024-11-08,480.00,-2.29%,5.5,474.5,3.53%,923,1863,22.32%,0.311303,66.38%,1.2%,19.2%,2024-10-17
NEM,56.5,2024-11-15,52.50,-7.08%,0.79,51.71,9.26%,255,3724,37.32%,0.22009,75.74%,1.5%,19.2%,2024-10-17
AVGO,181.53,2024-11-29,165.00,-9.11%,3.65,161.35,12.51%,142,506,42.64%,0.225709,74.29%,2.3%,19.2%,2024-10-17
NVDA,136.93,2025-01-17,117.00,-14.55%,5.4,111.6,22.70%,252,9419,53.51%,0.224472,72.09%,4.8%,19.2%,2024-10-17
QGEN,42.69,2024-11-15,40.00,-6.30%,0.6,39.4,8.35%,333,2029,35.33%,0.231147,74.33%,1.5%,19.2%,2024-10-17
NEE,83.78,2024-11-15,77.50,-7.50%,1.16,76.34,9.75%,129,4049,38.86%,0.216906,76.16%,1.5%,19.1%,2024-10-17
KWEB,31.17,2024-12-20,29.00,-6.96%,0.94,28.06,11.08%,3318,12577,40.07%,0.288884,66.64%,3.3%,19.1%,2024-10-17
UAL,73.33,2025-01-17,67.50,-7.95%,3.1,64.4,13.87%,533,1497,37.56%,0.317836,66.98%,4.8%,19.1%,2024-10-17
META,576.93,2025-01-17,550.00,-4.67%,25.25,524.75,9.94%,112,4655,35.31%,0.342111,60.63%,4.8%,19.1%,2024-10-17
TSM,205.84,2024-12-20,190.00,-7.70%,6.15,183.85,11.96%,395,1070,39.46%,0.272933,68.60%,3.3%,19.1%,2024-10-17
MRVL,79.91,2025-01-17,70.00,-12.40%,3.2,66.8,19.63%,111,5069,49.15%,0.242457,70.42%,4.8%,19.0%,2024-10-17
QQQ,491.25,2024-11-22,485.00,-1.27%,8.92,476.08,3.19%,811,515,20.73%,0.388055,57.79%,1.9%,19.0%,2024-10-17
MSFT,416.72,2024-12-20,410.00,-1.61%,13.2,396.8,5.02%,115,3934,25.60%,0.39829,56.03%,3.3%,19.0%,2024-10-17
TLT,93.8,2024-11-08,92.00,-1.92%,1.04,90.96,3.12%,144,893,20.67%,0.328392,64.87%,1.1%,19.0%,2024-10-17
LULU,283.71,2024-11-15,260.00,-8.36%,3.85,256.15,10.76%,187,1306,41.17%,0.200718,77.40%,1.5%,18.9%,2024-10-17
ORCL,175.68,2024-11-15,170.00,-3.23%,2.51,167.49,4.89%,987,2048,25.75%,0.29958,67.46%,1.5%,18.9%,2024-10-17
IWM,226.12,2024-11-15,219.00,-3.15%,3.23,215.77,4.80%,162,4940,25.52%,0.302939,67.18%,1.5%,18.8%,2024-10-17
UBER,79.9,2025-01-17,75.00,-6.13%,3.4,71.6,11.59%,313,3702,38.02%,0.316946,62.99%,4.7%,18.8%,2024-10-17
XBI,99.3,2024-11-15,95.00,-4.33%,1.4,93.6,6.09%,151,4849,29.81%,0.272137,70.09%,1.5%,18.8%,2024-10-17
IRDM,33.57,2025-01-17,30.00,-10.63%,1.35,28.65,17.17%,407,1269,49.65%,0.272871,67.40%,4.7%,18.7%,2024-10-17
TSM,205.84,2025-01-17,190.00,-7.70%,8.55,181.45,13.44%,1107,3975,40.32%,0.2958,65.38%,4.7%,18.7%,2024-10-17
MSFT,416.72,2024-11-08,395.00,-5.21%,4.4,390.6,6.69%,116,1528,31.94%,0.226683,75.26%,1.1%,18.7%,2024-10-17
GOOG,164.51,2024-10-25,160.00,-2.74%,0.65,159.35,3.24%,1412,1173,23.94%,0.204395,78.36%,0.4%,18.6%,2024-10-17
NFLX,687.65,2025-01-17,660.00,-4.02%,29.55,630.45,9.07%,422,632,34.17%,0.352663,59.45%,4.7%,18.6%,2024-10-17
ON,69.24,2025-01-17,60.00,-13.34%,2.68,57.32,20.80%,262,5453,51.07%,0.233935,71.18%,4.7%,18.5%,2024-10-17
SLV,28.89,2025-01-17,28.00,-3.08%,1.25,26.75,8.00%,3117,46854,31.46%,0.369361,57.85%,4.7%,18.5%,2024-10-17
MU,112.05,2024-12-20,97.50,-12.99%,3.05,94.45,18.63%,941,1480,49.92%,0.210905,74.71%,3.2%,18.4%,2024-10-17
GDX,41.49,2024-11-15,39.00,-6.00%,0.56,38.44,7.93%,3630,6715,34.93%,0.238393,73.52%,1.5%,18.3%,2024-10-17
TSLA,220.89,2024-12-20,190.00,-13.98%,5.9,184.1,19.98%,330,6962,51.80%,0.201092,75.63%,3.2%,18.3%,2024-10-17
PYPL,79.82,2025-01-17,75.00,-6.04%,3.3,71.7,11.33%,1446,11484,37.35%,0.317005,63.01%,4.6%,18.3%,2024-10-17
NVDA,136.93,2025-01-17,116.00,-15.29%,5.1,110.9,23.47%,135,3261,53.28%,0.214305,73.24%,4.6%,18.2%,2024-10-17
QQQ,491.25,2024-11-01,482.00,-1.88%,3.58,478.42,2.68%,152,954,19.33%,0.292848,68.62%,0.7%,18.2%,2024-10-17
SMH,251.58,2025-01-17,235.00,-6.59%,10.3,224.7,11.96%,227,2584,37.96%,0.307618,63.97%,4.6%,18.2%,2024-10-17
AAPL,232.15,2024-10-25,227.50,-2.00%,0.9,226.6,2.45%,3625,2406,20.37%,0.237612,74.88%,0.4%,18.1%,2024-10-17
AA,40.35,2025-01-17,35.00,-13.26%,1.52,33.48,20.52%,161,9683,49.70%,0.233211,71.57%,4.5%,18.0%,2024-10-17
TSLA,220.89,2025-01-17,190.00,-13.98%,8.25,181.75,21.54%,232,20021,50.87%,0.224514,72.23%,4.5%,18.0%,2024-10-17
CCJ,56.67,2024-12-20,50.00,-11.77%,1.53,48.47,16.92%,132,863,46.93%,0.220766,73.80%,3.2%,18.0%,2024-10-17
WY,32.8,2024-11-15,32.00,-2.44%,0.45,31.55,3.96%,1001,12370,23.67%,0.333987,64.43%,1.4%,18.0%,2024-10-17
ARKK,47.04,2024-12-20,44.00,-6.46%,1.34,42.66,10.27%,141,2633,36.06%,0.285849,67.09%,3.1%,17.9%,2024-10-17
GOOGL,162.93,2025-01-17,160.00,-1.80%,6.9,153.1,6.42%,425,15511,28.07%,0.399085,55.12%,4.5%,17.9%,2024-10-17
NKE,83.4,2024-12-20,80.00,-4.08%,2.43,77.57,7.52%,980,6691,30.12%,0.333125,62.93%,3.1%,17.9%,2024-10-17
AVGO,181.53,2024-12-20,160.00,-11.86%,4.85,155.15,17.00%,245,6767,46.44%,0.218508,74.19%,3.1%,17.8%,2024-10-17
CRM,291.11,2024-11-15,280.00,-3.82%,3.9,276.1,5.44%,100,1187,27.16%,0.279466,69.43%,1.4%,17.8%,2024-10-17
NVO,118.22,2025-01-17,110.00,-6.95%,4.7,105.3,12.27%,182,2314,37.72%,0.303204,64.82%,4.5%,17.7%,2024-10-17
DVN,40.58,2024-11-15,37.50,-7.59%,0.52,36.98,9.73%,219,1340,37.41%,0.209726,77.29%,1.4%,17.7%,2024-10-17
PFE,29.27,2024-10-25,28.50,-2.63%,0.11,28.39,3.10%,642,1667,22.78%,0.210901,78.53%,0.4%,17.7%,2024-10-17
MS,119.44,2024-11-15,115.00,-3.72%,1.58,113.42,5.31%,453,542,25.96%,0.283455,69.77%,1.4%,17.5%,2024-10-17
QQQ,491.25,2024-10-25,484.00,-1.48%,1.85,482.15,1.89%,466,1317,16.49%,0.2556,72.87%,0.4%,17.5%,2024-10-17
NVDA,136.93,2025-01-17,115.00,-16.02%,4.85,110.15,24.31%,723,44296,53.49%,0.205575,74.21%,4.4%,17.5%,2024-10-17
AA,40.35,2024-12-20,35.00,-13.26%,1.04,33.96,18.82%,417,3752,50.46%,0.209414,74.96%,3.1%,17.5%,2024-10-17
BABA,100.07,2025-01-17,95.00,-5.07%,4,91,9.97%,164,7895,34.14%,0.351838,61.92%,4.4%,17.4%,2024-10-17
PLTR,42,2025-01-17,35.00,-16.67%,1.47,33.53,25.26%,554,4485,55.19%,0.202342,74.47%,4.4%,17.4%,2024-10-17
BX,169.73,2024-11-15,160.00,-5.73%,2.18,157.82,7.55%,3529,585,33.63%,0.244327,73.33%,1.4%,17.4%,2024-10-17
C,63.97,2025-01-17,62.50,-2.30%,2.62,59.88,6.83%,286,9343,27.02%,0.39573,56.80%,4.4%,17.4%,2024-10-17
IWM,226.12,2024-11-15,218.00,-3.59%,2.96,215.04,5.15%,105,8652,25.87%,0.283328,69.20%,1.4%,17.3%,2024-10-17
WFC,64.38,2024-12-20,62.50,-2.92%,1.84,60.66,6.13%,319,3453,26.49%,0.360351,60.53%,3.0%,17.3%,2024-10-17
IWM,226.12,2024-11-08,217.00,-4.03%,2.23,214.77,5.28%,122,733,26.94%,0.246528,73.32%,1.0%,17.2%,2024-10-17
MU,112.05,2025-01-17,97.50,-12.99%,4.05,93.45,19.90%,192,2447,48.07%,0.230912,71.78%,4.3%,17.2%,2024-10-17
QQQ,491.25,2024-11-01,481.00,-2.09%,3.36,477.64,2.85%,168,1491,19.56%,0.276854,70.25%,0.7%,17.1%,2024-10-17
PANW,376.15,2024-12-20,340.00,-9.61%,9.9,330.1,13.95%,120,1160,41.90%,0.240169,71.77%,3.0%,17.1%,2024-10-17
GDX,41.49,2025-01-17,40.00,-3.59%,1.65,38.35,8.19%,1522,7516,32.57%,0.359245,58.85%,4.3%,17.1%,2024-10-17
CCJ,56.67,2025-01-17,50.00,-11.77%,2.06,47.94,18.21%,623,6165,45.68%,0.242041,70.75%,4.3%,17.0%,2024-10-17
FXI,30.85,2024-12-20,29.00,-6.00%,0.84,28.16,9.55%,2072,31696,34.97%,0.302258,66.36%,3.0%,17.0%,2024-10-17
AKAM,104.73,2025-01-17,100.00,-4.52%,4.1,95.9,9.21%,109,1975,33.87%,0.34062,60.71%,4.3%,17.0%,2024-10-17
PYPL,79.82,2024-12-20,72.50,-9.17%,2.09,70.41,13.36%,1033,2779,40.43%,0.243202,71.50%,3.0%,16.9%,2024-10-17
QQQ,491.25,2024-11-15,480.00,-2.29%,6.37,473.63,3.72%,5259,43795,21.47%,0.321827,64.91%,1.3%,16.9%,2024-10-17
EWJ,69.76,2024-11-15,68.00,-2.52%,0.9,67.1,3.96%,132,544,22.78%,0.317682,65.47%,1.3%,16.9%,2024-10-17
MSFT,416.72,2024-10-25,407.50,-2.21%,1.48,406.02,2.64%,440,856,20.06%,0.213275,77.44%,0.4%,16.6%,2024-10-17
XLF,47.61,2024-11-15,47.00,-1.28%,0.61,46.39,2.63%,15847,8030,18.92%,0.376835,59.55%,1.3%,16.6%,2024-10-17
EL,90.94,2025-01-17,80.00,-12.03%,3.2,76.8,18.41%,171,2262,44.39%,0.239109,71.74%,4.2%,16.5%,2024-10-17
SPY,582.35,2024-11-08,576.00,-1.09%,5.68,570.32,2.11%,393,1821,15.85%,0.362527,61.09%,1.0%,16.5%,2024-10-17
TLT,93.8,2024-11-15,92.00,-1.92%,1.19,90.81,3.29%,2718,14000,19.88%,0.338031,63.53%,1.3%,16.5%,2024-10-17
MSFT,416.72,2024-11-15,395.00,-5.21%,5.1,389.9,6.88%,371,4939,30.05%,0.239477,73.63%,1.3%,16.5%,2024-10-17
IWM,226.12,2024-12-20,222.00,-1.82%,6.2,215.8,4.78%,2087,1726,23.21%,0.385297,57.50%,2.9%,16.4%,2024-10-17
XOM,120.35,2024-11-15,115.00,-4.45%,1.47,113.53,6.01%,107,8745,26.98%,0.256793,72.50%,1.3%,16.3%,2024-10-17
GOOG,164.51,2025-01-17,160.00,-2.74%,6.3,153.7,7.03%,158,5937,28.03%,0.372331,57.83%,4.1%,16.3%,2024-10-17
WFC,64.38,2025-01-17,62.50,-2.92%,2.46,60.04,7.23%,165,2254,27.43%,0.374065,58.52%,4.1%,16.3%,2024-10-17
XLU,81.48,2024-11-15,80.00,-1.82%,1.02,78.98,3.17%,7438,7564,20.12%,0.350154,62.67%,1.3%,16.3%,2024-10-17
GLD,248.63,2024-10-25,246.00,-1.06%,0.87,245.13,1.43%,188,741,13.81%,0.283016,69.85%,0.4%,16.2%,2024-10-17
BAC,42.6,2024-11-15,41.00,-3.76%,0.52,40.48,5.24%,319,3815,25.21%,0.274606,70.50%,1.3%,16.2%,2024-10-17
QQQ,491.25,2024-11-01,480.00,-2.29%,3.16,476.84,3.02%,2031,6212,19.81%,0.261969,71.80%,0.7%,16.1%,2024-10-17
IWM,226.12,2024-10-25,222.00,-1.82%,0.78,221.22,2.21%,2355,14244,17.54%,0.226907,76.06%,0.4%,16.1%,2024-10-17
CMG,58.86,2024-10-25,57.00,-3.16%,0.2,56.8,3.63%,179,520,27.21%,0.200263,78.73%,0.4%,16.1%,2024-10-17
APO,145.19,2024-11-15,135.00,-7.02%,1.7,133.3,8.92%,402,861,35.30%,0.209954,76.77%,1.3%,16.1%,2024-10-17
SLV,28.89,2024-11-15,27.00,-6.54%,0.34,26.66,8.36%,11167,20125,33.37%,0.211286,76.40%,1.3%,16.1%,2024-10-17
AMZN,187.53,2025-01-17,180.00,-4.02%,6.95,173.05,8.37%,264,22255,30.39%,0.34283,60.59%,4.0%,15.9%,2024-10-17
ITB,127.81,2024-11-15,120.00,-6.11%,1.5,118.5,7.86%,1000,2086,33.45%,0.226394,74.82%,1.3%,15.9%,2024-10-17
PAYX,142.32,2024-12-20,140.00,-1.63%,3.8,136.2,4.49%,381,6146,22.30%,0.397706,56.99%,2.8%,15.9%,2024-10-17
AVGO,181.53,2025-01-17,160.00,-11.86%,6.15,153.85,17.99%,862,4567,43.90%,0.235977,71.66%,4.0%,15.9%,2024-10-17
QQQ,491.25,2024-10-25,483.00,-1.68%,1.67,481.33,2.06%,293,670,16.83%,0.233439,75.17%,0.3%,15.8%,2024-10-17
APP,143,2025-01-17,120.00,-16.08%,4.6,115.4,23.92%,132,1376,53.07%,0.203402,74.48%,4.0%,15.8%,2024-10-17
UPS,135.41,2024-11-15,125.00,-7.69%,1.55,123.45,9.69%,137,2153,36.04%,0.20004,78.45%,1.3%,15.8%,2024-10-17
SPY,582.35,2024-11-08,575.00,-1.26%,5.41,569.59,2.24%,332,2159,16.04%,0.347313,62.65%,0.9%,15.8%,2024-10-17
SBUX,95.27,2024-10-25,93.00,-2.38%,0.32,92.68,2.79%,396,543,23.46%,0.233964,75.63%,0.3%,15.8%,2024-10-17
GOOGL,162.93,2024-12-20,155.00,-4.87%,4.15,150.85,8.01%,374,6044,29.88%,0.303918,65.50%,2.8%,15.7%,2024-10-17
VICI,33.05,2024-11-15,32.50,-1.66%,0.4,32.1,2.96%,126,605,17.56%,0.358256,63.27%,1.2%,15.7%,2024-10-17
RSG,205.62,2024-11-15,200.00,-2.73%,2.45,197.55,4.09%,125,598,22.25%,0.30406,67.07%,1.2%,15.6%,2024-10-17
JPM,224.42,2024-10-25,220.00,-1.97%,0.75,219.25,2.36%,782,3718,18.26%,0.221053,76.91%,0.3%,15.6%,2024-10-17
QQQ,491.25,2024-11-08,475.00,-3.31%,4.4,470.6,4.39%,132,521,23.32%,0.255326,72.16%,0.9%,15.5%,2024-10-17
IWM,226.12,2024-12-20,221.00,-2.26%,5.84,215.16,5.09%,394,8322,23.50%,0.368256,59.20%,2.7%,15.5%,2024-10-17
NKE,83.4,2025-01-17,80.00,-4.08%,3,77,8.31%,267,11043,29.26%,0.344441,61.15%,3.9%,15.5%,2024-10-17
WDAY,243.26,2024-12-20,220.00,-9.56%,5.8,214.2,13.57%,116,508,39.65%,0.231825,72.75%,2.7%,15.4%,2024-10-17
KMI,24.82,2024-11-15,24.00,-3.30%,0.29,23.71,4.68%,115,608,23.36%,0.291487,69.51%,1.2%,15.4%,2024-10-17
TSM,205.84,2025-01-17,185.00,-10.12%,6.9,178.1,15.58%,145,1128,40.50%,0.252384,70.02%,3.9%,15.4%,2024-10-17
MSFT,416.72,2025-01-17,410.00,-1.61%,15.25,394.75,5.57%,240,9931,24.49%,0.399677,55.26%,3.9%,15.3%,2024-10-17
SCHW,71.91,2024-12-20,70.00,-2.66%,1.83,68.17,5.49%,1373,2280,24.25%,0.357273,60.45%,2.7%,15.3%,2024-10-17
XRT,78.23,2024-11-15,75.00,-4.13%,0.9,74.1,5.57%,576,3597,28.06%,0.271551,70.30%,1.2%,15.3%,2024-10-17
PFE,29.27,2024-12-20,28.00,-4.34%,0.73,27.27,7.33%,324,21021,26.60%,0.325323,65.48%,2.7%,15.3%,2024-10-17
UAL,73.33,2024-12-20,65.00,-11.36%,1.69,63.31,15.83%,453,3231,39.66%,0.223863,76.61%,2.7%,15.2%,2024-10-17
UAL,73.33,2025-01-17,65.00,-11.36%,2.4,62.6,17.14%,816,830,38.67%,0.255258,73.27%,3.8%,15.2%,2024-10-17
CVX,151.2,2024-11-15,145.00,-4.10%,1.73,143.27,5.54%,398,3709,25.27%,0.263787,72.17%,1.2%,15.2%,2024-10-17
TSM,205.84,2024-12-20,185.00,-10.12%,4.75,180.25,14.20%,4411,895,39.85%,0.223556,73.88%,2.6%,15.0%,2024-10-17
DIS,96.54,2024-12-20,90.00,-6.77%,2.3,87.7,10.08%,632,7431,32.88%,0.269631,69.48%,2.6%,15.0%,2024-10-17
ABT,117.89,2024-11-15,115.00,-2.45%,1.35,113.65,3.73%,249,1359,20.29%,0.309175,66.78%,1.2%,15.0%,2024-10-17
SCHW,71.91,2025-01-17,70.00,-2.66%,2.54,67.46,6.60%,1264,5625,26.08%,0.373544,58.14%,3.8%,14.9%,2024-10-17
YUMC,43.37,2025-01-17,40.00,-7.77%,1.45,38.55,12.50%,177,2776,37.30%,0.286387,66.71%,3.8%,14.9%,2024-10-17
BXSL,30.46,2024-11-15,30.00,-1.51%,0.35,29.65,2.73%,647,994,17.63%,0.396572,62.03%,1.2%,14.9%,2024-10-17
HPQ,37.58,2024-11-15,36.00,-4.20%,0.42,35.58,5.62%,192,2294,25.43%,0.256155,72.55%,1.2%,14.9%,2024-10-17
BA,155.31,2025-01-17,140.00,-9.86%,5.05,134.95,15.09%,1036,10000,38.37%,0.261464,70.50%,3.7%,14.8%,2024-10-17
NKE,83.4,2024-11-15,80.00,-4.08%,0.93,79.07,5.48%,148,6387,24.94%,0.255284,72.31%,1.2%,14.8%,2024-10-17
MU,112.05,2025-01-17,95.00,-15.22%,3.4,91.6,22.33%,422,6339,48.59%,0.201166,75.07%,3.7%,14.7%,2024-10-17
AMZN,187.53,2024-12-20,175.00,-6.68%,4.4,170.6,9.92%,125,8501,32.98%,0.266849,69.17%,2.6%,14.7%,2024-10-17
QQQ,491.25,2024-10-31,480.00,-2.29%,2.69,477.31,2.92%,335,16693,18.92%,0.246741,73.41%,0.6%,14.7%,2024-10-17
ARKK,47.04,2024-12-20,43.00,-8.59%,1.08,41.92,12.21%,139,2017,36.79%,0.239593,72.00%,2.6%,14.7%,2024-10-17
IWM,226.12,2024-11-01,220.00,-2.71%,1.32,218.68,3.40%,8102,13020,20.49%,0.237628,74.56%,0.6%,14.7%,2024-10-17
IWM,226.12,2024-11-15,216.00,-4.48%,2.49,213.51,5.91%,197,6097,26.23%,0.244648,73.21%,1.2%,14.7%,2024-10-17
SPY,582.35,2024-11-15,576.00,-1.09%,6.64,569.36,2.28%,538,4244,15.63%,0.371213,59.82%,1.2%,14.7%,2024-10-17
ASHR,26.38,2025-01-17,25.00,-5.23%,0.89,24.11,9.42%,177,8239,32.09%,0.318507,63.06%,3.7%,14.6%,2024-10-17
IWM,226.12,2024-12-20,220.00,-2.71%,5.5,214.5,5.42%,2639,44781,23.65%,0.351539,60.91%,2.6%,14.6%,2024-10-17
CMG,58.86,2025-01-17,55.00,-6.56%,1.95,53.05,10.95%,147,12741,34.16%,0.295682,65.38%,3.7%,14.6%,2024-10-17
QQQ,491.25,2024-11-29,480.00,-2.29%,8.07,471.93,4.09%,147,576,20.93%,0.337353,62.64%,1.7%,14.5%,2024-10-17
DAL,55.26,2024-12-20,50.00,-9.52%,1.24,48.76,13.33%,160,2717,38.22%,0.228842,73.40%,2.5%,14.5%,2024-10-17
META,576.93,2024-12-20,520.00,-9.87%,12.85,507.15,13.76%,109,2242,38.79%,0.222444,73.88%,2.5%,14.5%,2024-10-17
QQQ,491.25,2024-12-20,485.00,-1.27%,11.98,473.02,3.85%,1287,12804,20.14%,0.394987,56.03%,2.5%,14.4%,2024-10-17
C,63.97,2024-11-15,60.00,-6.21%,0.68,59.32,7.84%,864,13575,30.73%,0.213032,77.02%,1.1%,14.4%,2024-10-17
META,576.93,2025-01-17,530.00,-8.13%,18.55,511.45,12.80%,539,1189,35.84%,0.270004,68.14%,3.6%,14.4%,2024-10-17
SLV,28.89,2024-11-29,27.00,-6.54%,0.45,26.55,8.81%,573,5299,31.87%,0.236045,73.19%,1.7%,14.4%,2024-10-17
EBAY,65.36,2025-01-17,62.50,-4.38%,2.18,60.32,8.36%,245,593,28.73%,0.334215,62.18%,3.6%,14.3%,2024-10-17
QQQ,491.25,2024-10-25,482.00,-1.88%,1.51,480.49,2.24%,1858,1664,17.13%,0.212638,77.33%,0.3%,14.3%,2024-10-17
QQQ,491.25,2024-11-01,478.00,-2.70%,2.79,475.21,3.38%,445,875,20.24%,0.233634,74.74%,0.6%,14.3%,2024-10-17
TTE,65,2024-11-15,62.50,-3.85%,0.7,61.8,5.18%,569,1783,24.21%,0.267518,71.72%,1.1%,14.3%,2024-10-17
IWM,226.12,2024-11-08,215.00,-4.92%,1.82,213.18,6.07%,286,2320,27.38%,0.207926,77.34%,0.9%,14.2%,2024-10-17
TMUS,221.95,2024-11-15,210.00,-5.38%,2.33,207.67,6.88%,3662,1884,28.28%,0.221631,75.63%,1.1%,14.1%,2024-10-17
QCOM,171.1,2025-01-17,150.00,-12.33%,5.15,144.85,18.12%,1395,7020,42.25%,0.22433,73.25%,3.6%,14.1%,2024-10-17
SPY,582.35,2024-11-15,575.00,-1.26%,6.37,568.63,2.41%,4101,15819,15.79%,0.357439,61.23%,1.1%,14.1%,2024-10-17
IBB,145.69,2024-11-15,140.00,-3.91%,1.55,138.45,5.23%,222,1714,24.11%,0.253286,72.11%,1.1%,14.1%,2024-10-17
JPM,224.42,2024-12-20,220.00,-1.97%,5.3,214.7,4.53%,139,1347,20.87%,0.375512,59.00%,2.5%,14.1%,2024-10-17
QQQ,491.25,2024-11-15,475.00,-3.31%,5.25,469.75,4.58%,6085,29648,22.42%,0.270074,70.27%,1.1%,14.1%,2024-10-17
TLT,93.8,2024-11-08,91.00,-2.99%,0.76,90.24,3.95%,6101,2630,20.97%,0.25708,72.19%,0.8%,14.0%,2024-10-17
V,290.39,2024-10-25,285.00,-1.86%,0.87,284.13,2.20%,475,2277,16.96%,0.214556,77.23%,0.3%,14.0%,2024-10-17
VZ,43.85,2024-11-15,42.00,-4.22%,0.46,41.54,5.56%,214,3903,24.28%,0.256404,73.56%,1.1%,13.9%,2024-10-17
NFLX,687.65,2025-01-17,640.00,-6.93%,21.7,618.3,11.22%,714,1182,33.68%,0.2857,66.45%,3.5%,13.9%,2024-10-17
T,21.73,2024-12-20,21.00,-3.36%,0.5,20.5,6.00%,106,9093,23.21%,0.342194,63.75%,2.4%,13.9%,2024-10-17
CSX,33.09,2025-01-17,32.50,-1.78%,1.1,31.4,5.38%,102,7146,23.68%,0.395494,56.01%,3.5%,13.9%,2024-10-17
TD,56.42,2024-11-15,55.00,-2.52%,0.6,54.4,3.71%,121,2887,18.73%,0.305987,68.54%,1.1%,13.9%,2024-10-17
NEM,56.5,2025-01-17,52.50,-7.08%,1.75,50.75,11.33%,217,3717,32.52%,0.28365,67.35%,3.4%,13.7%,2024-10-17
EWZ,28.39,2024-11-15,27.00,-4.90%,0.29,26.71,6.29%,238,14666,26.12%,0.230118,75.23%,1.1%,13.7%,2024-10-17
SPY,582.35,2024-11-08,572.00,-1.78%,4.67,567.33,2.65%,257,1738,16.64%,0.305072,66.97%,0.8%,13.7%,2024-10-17
AAPL,232.15,2024-12-20,225.00,-3.08%,5.25,219.75,5.64%,184,12740,23.78%,0.334649,62.33%,2.4%,13.6%,2024-10-17
KWEB,31.17,2024-12-20,28.00,-10.17%,0.65,27.35,13.97%,218,6082,38.74%,0.215241,74.57%,2.4%,13.6%,2024-10-17
GLD,248.63,2024-11-15,245.00,-1.46%,2.61,242.39,2.57%,563,1877,16.35%,0.341682,62.52%,1.1%,13.6%,2024-10-17
SPY,582.35,2024-11-15,574.00,-1.43%,6.11,567.89,2.55%,1441,4990,15.96%,0.344154,62.59%,1.1%,13.5%,2024-10-17
MSFT,416.72,2025-01-17,405.00,-2.81%,13.35,391.65,6.40%,102,3046,24.77%,0.361496,59.07%,3.4%,13.5%,2024-10-17
IWM,226.12,2024-11-15,215.00,-4.92%,2.28,212.72,6.30%,7058,60653,26.53%,0.227629,74.99%,1.1%,13.5%,2024-10-17
CVX,151.2,2024-12-20,145.00,-4.10%,3.35,141.65,6.74%,434,4757,24.62%,0.317841,65.77%,2.4%,13.5%,2024-10-17
VZ,43.85,2024-12-20,43.00,-1.94%,0.99,42.01,4.38%,156,5264,18.91%,0.391739,59.76%,2.4%,13.4%,2024-10-17
KBH,83.73,2025-01-17,75.00,-10.43%,2.45,72.55,15.41%,142,1277,38.39%,0.239244,71.61%,3.4%,13.4%,2024-10-17
USB,49.97,2025-01-17,47.50,-4.94%,1.55,45.95,8.75%,1008,1173,27.50%,0.324427,64.32%,3.4%,13.4%,2024-10-17
IWM,226.12,2025-01-17,222.00,-1.82%,7.24,214.76,5.29%,150,851,22.31%,0.388876,56.52%,3.4%,13.4%,2024-10-17
EEM,45.47,2024-10-25,44.50,-2.13%,0.13,44.37,2.48%,458,516,18.68%,0.208518,78.22%,0.3%,13.4%,2024-10-17
MS,119.44,2024-12-20,115.00,-3.72%,2.63,112.37,6.29%,283,644,24.06%,0.323563,64.66%,2.3%,13.3%,2024-10-17
SPY,582.35,2024-11-01,576.00,-1.09%,3.13,572.87,1.65%,686,1371,13.01%,0.314955,66.12%,0.5%,13.3%,2024-10-17
O,63.96,2024-11-15,62.50,-2.28%,0.65,61.85,3.41%,152,1446,19.06%,0.309672,66.64%,1.1%,13.2%,2024-10-17
GOOGL,162.93,2025-01-17,155.00,-4.87%,5,150,8.62%,1729,9391,28.44%,0.315469,63.66%,3.3%,13.2%,2024-10-17
GLD,248.63,2024-11-01,245.00,-1.46%,1.32,243.68,2.03%,209,921,14.77%,0.287219,68.83%,0.5%,13.2%,2024-10-17
SPY,582.35,2024-11-15,573.00,-1.61%,5.86,567.14,2.68%,878,4470,16.11%,0.331169,63.92%,1.0%,13.0%,2024-10-17
BABA,100.07,2024-12-20,90.00,-10.06%,2,88,13.72%,670,4652,36.45%,0.222538,75.64%,2.3%,13.0%,2024-10-17
JPM,224.42,2024-11-15,215.00,-4.20%,2.18,212.82,5.45%,259,3380,23.91%,0.242575,73.77%,1.0%,12.9%,2024-10-17
BABA,100.07,2025-01-17,92.50,-7.56%,2.91,89.59,11.70%,260,5030,32.43%,0.290107,68.55%,3.2%,12.9%,2024-10-17
HPQ,37.58,2025-01-17,35.00,-6.87%,1.1,33.9,10.86%,130,1175,30.77%,0.285216,67.74%,3.2%,12.9%,2024-10-17
USB,49.97,2024-11-15,47.50,-4.94%,0.48,47.02,6.27%,171,2425,25.70%,0.227573,75.80%,1.0%,12.8%,2024-10-17
MS,119.44,2025-01-17,115.00,-3.72%,3.6,111.4,7.22%,346,641,24.70%,0.344443,62.00%,3.2%,12.8%,2024-10-17
AAPL,232.15,2024-11-15,220.00,-5.23%,2.21,217.79,6.59%,1031,23796,27.52%,0.220326,75.58%,1.0%,12.8%,2024-10-17
SLV,28.89,2025-01-17,27.00,-6.54%,0.84,26.16,10.44%,4476,18760,31.18%,0.283817,66.72%,3.2%,12.7%,2024-10-17
IWM,226.12,2025-01-17,221.00,-2.26%,6.87,214.13,5.60%,115,2817,22.42%,0.373306,58.06%,3.2%,12.7%,2024-10-17
IBM,232.88,2024-12-20,220.00,-5.53%,4.8,215.2,8.22%,108,746,27.39%,0.279418,69.01%,2.2%,12.7%,2024-10-17
QQQ,491.25,2024-12-20,480.00,-2.29%,10.47,469.53,4.63%,5719,40717,20.83%,0.350911,60.47%,2.2%,12.7%,2024-10-17
INDA,56.34,2024-11-15,55.00,-2.38%,0.55,54.45,3.47%,168,574,19.06%,0.296776,67.30%,1.0%,12.7%,2024-10-17
XLU,81.48,2024-11-15,79.00,-3.04%,0.79,78.21,4.18%,4020,19373,20.90%,0.278371,70.01%,1.0%,12.7%,2024-10-17
AAPL,232.15,2024-11-08,220.00,-5.23%,1.67,218.33,6.33%,247,3238,28.70%,0.202837,77.73%,0.8%,12.7%,2024-10-17
QQQ,491.25,2024-12-20,479.78,-2.33%,10.41,469.37,4.66%,194,3642,20.84%,0.348997,60.67%,2.2%,12.6%,2024-10-17
TSM,205.84,2025-01-17,180.00,-12.55%,5.55,174.45,17.99%,593,3729,40.92%,0.212814,74.31%,3.2%,12.6%,2024-10-17
KWEB,31.17,2025-01-17,28.00,-10.17%,0.86,27.14,14.85%,247,42328,37.46%,0.236522,71.58%,3.2%,12.6%,2024-10-17
QQQ,491.25,2024-11-08,470.00,-4.33%,3.53,466.47,5.31%,198,7064,24.32%,0.208661,77.05%,0.8%,12.6%,2024-10-17
DIS,96.54,2025-01-17,90.00,-6.77%,2.76,87.24,10.66%,101,19392,30.27%,0.280912,67.78%,3.2%,12.6%,2024-10-17
IWM,226.12,2024-11-01,219.00,-3.15%,1.12,217.88,3.78%,6264,1026,20.70%,0.207291,77.71%,0.5%,12.5%,2024-10-17
SPY,582.35,2024-11-15,572.00,-1.78%,5.62,566.38,2.82%,1145,68398,16.31%,0.31892,65.18%,1.0%,12.5%,2024-10-17
BAC,42.6,2025-01-17,41.00,-3.76%,1.25,39.75,7.17%,1580,16448,24.57%,0.339376,62.18%,3.1%,12.5%,2024-10-17
TSN,59.79,2025-01-17,57.50,-3.83%,1.75,55.75,7.25%,105,1683,24.16%,0.339626,62.62%,3.1%,12.5%,2024-10-17
SPY,582.35,2024-11-08,570.00,-2.12%,4.24,565.76,2.93%,6198,1844,17.01%,0.279568,69.61%,0.7%,12.4%,2024-10-17
TLT,93.8,2024-11-15,91.00,-2.99%,0.89,90.11,4.10%,1576,7555,20.02%,0.270846,70.44%,1.0%,12.4%,2024-10-17
IWM,226.12,2024-11-15,214.00,-5.36%,2.09,211.91,6.71%,8361,83596,26.75%,0.210915,76.75%,1.0%,12.4%,2024-10-17
AMZN,187.53,2025-01-17,175.00,-6.68%,5.3,169.7,10.51%,350,13955,30.88%,0.279143,67.22%,3.1%,12.4%,2024-10-17
TFC,42.95,2024-12-20,40.00,-6.87%,0.85,39.15,9.71%,378,969,29.40%,0.258477,71.84%,2.2%,12.4%,2024-10-17
SPY,582.35,2024-11-01,575.00,-1.26%,2.91,572.09,1.79%,852,3190,13.22%,0.29463,68.22%,0.5%,12.4%,2024-10-17
MSFT,416.72,2024-12-20,395.00,-5.21%,8.3,386.7,7.76%,104,3658,26.77%,0.277791,68.35%,2.1%,12.2%,2024-10-17
CRH,93.65,2024-11-01,90.00,-3.90%,0.45,89.55,4.58%,1000,1014,29.34%,0.235469,74.81%,0.5%,12.2%,2024-10-17
TLT,93.8,2024-11-01,92.00,-1.92%,0.46,91.54,2.47%,503,4947,15.83%,0.254194,72.70%,0.5%,12.2%,2024-10-17
SPY,582.35,2024-10-31,576.00,-1.09%,2.68,573.32,1.58%,166,2893,12.32%,0.301249,67.52%,0.5%,12.2%,2024-10-17
XOM,120.35,2024-12-20,115.00,-4.45%,2.4,112.6,6.88%,162,10518,24.05%,0.297126,67.42%,2.1%,12.2%,2024-10-17
IWM,226.12,2025-01-17,220.00,-2.71%,6.52,213.48,5.92%,624,39512,22.52%,0.35836,59.59%,3.1%,12.1%,2024-10-17
QQQ,491.25,2025-01-17,485.00,-1.27%,14.36,470.64,4.38%,217,14841,19.88%,0.398196,55.10%,3.1%,12.1%,2024-10-17
MA,513.76,2024-11-15,490.00,-4.62%,4.65,485.35,5.85%,191,568,25.28%,0.229087,74.68%,1.0%,12.1%,2024-10-17
BABA,100.07,2025-01-17,90.00,-10.06%,2.65,87.35,14.56%,8012,2932,34.38%,0.245202,73.05%,3.0%,12.0%,2024-10-17
C,63.97,2024-12-20,60.00,-6.21%,1.24,58.76,8.87%,1030,10645,27.74%,0.26324,70.94%,2.1%,12.0%,2024-10-17
GOOG,164.51,2025-01-17,155.00,-5.78%,4.55,150.45,9.35%,261,3132,28.44%,0.29146,66.17%,3.0%,12.0%,2024-10-17
SPY,582.35,2024-11-15,571.00,-1.95%,5.39,565.61,2.96%,1440,3672,16.48%,0.306935,66.41%,1.0%,12.0%,2024-10-17
BMO,93.58,2024-12-20,90.00,-3.83%,1.85,88.15,6.16%,138,693,21.97%,0.315638,66.42%,2.1%,12.0%,2024-10-17
COST,885.29,2024-11-15,850.00,-3.99%,8,842,5.14%,259,568,22.95%,0.239812,73.53%,1.0%,12.0%,2024-10-17
CMCSA,42.23,2025-01-17,40.00,-5.28%,1.17,38.83,8.76%,2282,16495,26.53%,0.305993,65.81%,3.0%,12.0%,2024-10-17
TD,56.42,2025-01-17,55.00,-2.52%,1.6,53.4,5.66%,109,760,20.24%,0.381264,59.90%,3.0%,11.9%,2024-10-17
WM,213.08,2025-01-17,210.00,-1.45%,6.1,203.9,4.50%,118,500,19.80%,0.397455,55.82%,3.0%,11.9%,2024-10-17
FXI,30.85,2024-12-20,28.00,-9.24%,0.57,27.43,12.47%,204,50042,33.95%,0.218831,75.23%,2.1%,11.9%,2024-10-17
GLD,248.63,2024-11-15,244.00,-1.86%,2.27,241.73,2.85%,211,524,16.28%,0.308481,65.90%,0.9%,11.8%,2024-10-17
RTO,24.56,2025-01-17,22.50,-8.39%,0.65,21.85,12.40%,1019,733,32.97%,0.261073,70.17%,3.0%,11.8%,2024-10-17
GLD,248.63,2024-10-25,245.00,-1.46%,0.63,244.37,1.74%,312,688,13.78%,0.218804,76.45%,0.3%,11.8%,2024-10-17
QQQ,491.25,2024-12-31,480.00,-2.29%,11.31,468.69,4.81%,137,2149,20.53%,0.354061,59.83%,2.4%,11.7%,2024-10-17
GDX,41.49,2025-01-17,38.00,-8.41%,1.09,36.91,12.41%,227,5736,33.19%,0.251435,70.10%,3.0%,11.7%,2024-10-17
C,63.97,2025-01-17,60.00,-6.21%,1.72,58.28,9.76%,107,30547,27.83%,0.289836,67.68%,3.0%,11.7%,2024-10-17
QQQ,491.25,2024-10-29,480.00,-2.29%,1.84,478.16,2.74%,697,665,17.19%,0.211507,77.13%,0.4%,11.7%,2024-10-17
QQQ,491.25,2024-11-15,470.00,-4.33%,4.33,465.67,5.49%,3231,28384,23.36%,0.225901,74.90%,0.9%,11.7%,2024-10-17
DIA,432.45,2024-11-15,425.00,-1.72%,3.9,421.1,2.70%,424,1571,15.78%,0.31555,65.19%,0.9%,11.7%,2024-10-17
SPY,582.35,2024-11-29,575.00,-1.26%,7.76,567.24,2.66%,254,1569,15.28%,0.366451,59.57%,1.4%,11.6%,2024-10-17
NKE,83.4,2025-01-17,77.50,-7.07%,2.2,75.3,10.76%,108,9865,30.10%,0.272597,68.63%,2.9%,11.6%,2024-10-17
SPY,582.35,2024-11-15,570.00,-2.12%,5.18,564.82,3.10%,4185,31429,16.66%,0.295417,67.59%,0.9%,11.5%,2024-10-17
AAPL,232.15,2025-01-17,225.00,-3.08%,6.35,218.65,6.17%,450,12403,22.90%,0.34357,60.72%,2.9%,11.5%,2024-10-17
SPY,582.35,2024-10-25,576.00,-1.09%,1.45,574.55,1.36%,1523,2459,11.62%,0.244711,73.81%,0.3%,11.5%,2024-10-17
SPY,582.35,2024-11-01,574.00,-1.43%,2.7,571.3,1.93%,317,639,13.39%,0.274937,70.26%,0.5%,11.5%,2024-10-17
TLT,93.8,2024-12-20,92.00,-1.92%,1.79,90.21,3.98%,349,23379,18.16%,0.358272,60.06%,2.0%,11.3%,2024-10-17
SPY,582.35,2024-10-31,575.00,-1.26%,2.48,572.52,1.72%,2228,3386,12.54%,0.279723,69.76%,0.4%,11.3%,2024-10-17
WFC,64.38,2025-01-17,60.00,-6.80%,1.65,58.35,10.33%,182,15241,28.33%,0.272899,68.98%,2.8%,11.2%,2024-10-17
SPY,582.35,2024-11-22,571.00,-1.95%,6.24,564.76,3.11%,494,901,16.42%,0.318229,64.87%,1.1%,11.2%,2024-10-17
QQQ,491.25,2024-12-20,475.00,-3.31%,9.15,465.85,5.45%,1546,23466,21.46%,0.310976,64.59%,2.0%,11.2%,2024-10-17
XLF,47.61,2024-12-20,47.00,-1.28%,0.9,46.1,3.28%,1639,1777,17.12%,0.386571,57.14%,2.0%,11.1%,2024-10-17
SPY,582.35,2024-11-15,569.00,-2.29%,4.97,564.03,3.25%,457,4116,16.83%,0.284274,68.75%,0.9%,11.1%,2024-10-17
V,290.39,2024-11-15,275.00,-5.30%,2.4,272.6,6.53%,173,2078,25.37%,0.201095,77.68%,0.9%,11.1%,2024-10-17
PYPL,79.82,2025-01-17,70.00,-12.30%,1.89,68.11,17.19%,779,9049,38.45%,0.203524,75.18%,2.8%,11.0%,2024-10-17
IWM,226.12,2024-12-20,215.00,-4.92%,4.05,210.95,7.19%,573,42886,24.47%,0.274258,68.87%,1.9%,10.9%,2024-10-17
KO,69.9,2024-11-15,67.50,-3.43%,0.58,66.92,4.45%,235,4944,19.94%,0.249281,73.29%,0.9%,10.9%,2024-10-17
JPM,224.42,2025-01-17,215.00,-4.20%,5.75,209.25,7.25%,278,2877,23.43%,0.318847,64.23%,2.7%,10.9%,2024-10-17
GOOGL,162.93,2024-12-20,150.00,-7.94%,2.81,147.19,10.69%,706,12630,30.62%,0.223184,74.05%,1.9%,10.9%,2024-10-17
CNX,35.05,2025-01-17,30.00,-14.41%,0.8,29.2,20.03%,611,44373,32.33%,0.230949,83.11%,2.7%,10.9%,2024-10-17
QQQ,491.25,2025-01-17,480.00,-2.29%,12.78,467.22,5.14%,2358,9367,20.40%,0.359588,58.95%,2.7%,10.9%,2024-10-17
SPY,582.35,2024-11-22,570.00,-2.12%,6.02,563.98,3.26%,282,1434,16.53%,0.307022,66.02%,1.1%,10.8%,2024-10-17
AMZN,187.53,2024-12-20,170.00,-9.35%,3.15,166.85,12.39%,197,11105,33.56%,0.205644,75.75%,1.9%,10.8%,2024-10-17
WFC,64.38,2024-12-20,60.00,-6.80%,1.11,58.89,9.32%,1328,7437,27.60%,0.241057,72.89%,1.9%,10.7%,2024-10-17
SPY,582.35,2024-11-01,573.00,-1.61%,2.52,570.48,2.08%,158,2340,13.68%,0.258068,72.03%,0.4%,10.7%,2024-10-17
SPY,582.35,2024-11-15,568.00,-2.46%,4.77,563.23,3.39%,786,4232,17.00%,0.273634,69.87%,0.8%,10.7%,2024-10-17
QQQ,491.25,2024-11-29,470.00,-4.33%,5.81,464.19,5.83%,331,1200,22.51%,0.250727,71.65%,1.3%,10.6%,2024-10-17
FDX,274.26,2024-11-15,260.00,-5.20%,2.17,257.83,6.37%,132,1288,25.10%,0.206344,77.48%,0.8%,10.6%,2024-10-17
XOM,120.35,2025-01-17,115.00,-4.45%,2.97,112.03,7.43%,254,14909,22.92%,0.313118,65.36%,2.7%,10.5%,2024-10-17
SPY,582.35,2024-11-29,572.00,-1.78%,7,565,3.07%,206,655,15.74%,0.332965,63.00%,1.2%,10.5%,2024-10-17
PFE,29.27,2025-01-17,27.50,-6.05%,0.71,26.79,9.26%,2177,59170,24.87%,0.288881,69.13%,2.7%,10.5%,2024-10-17
WMT,80.89,2024-11-15,77.50,-4.19%,0.64,76.86,5.24%,206,8657,21.71%,0.219549,75.80%,0.8%,10.5%,2024-10-17
SPY,582.35,2024-12-20,576.00,-1.09%,10.37,565.63,2.96%,139,1189,15.40%,0.387785,56.75%,1.8%,10.5%,2024-10-17
QQQ,491.25,2024-12-31,475.00,-3.31%,9.96,465.04,5.64%,398,13305,21.13%,0.315976,63.72%,2.1%,10.4%,2024-10-17
MSFT,416.72,2025-01-17,395.00,-5.21%,10.1,384.9,8.27%,216,3782,25.22%,0.290679,66.38%,2.6%,10.4%,2024-10-17
SPY,582.35,2024-10-31,574.00,-1.43%,2.27,571.73,1.86%,163,2198,12.77%,0.259954,71.82%,0.4%,10.4%,2024-10-17
IWM,226.12,2024-12-20,214.00,-5.36%,3.81,210.19,7.58%,3189,10666,24.59%,0.260133,70.36%,1.8%,10.3%,2024-10-17
AAPL,232.15,2024-12-20,220.00,-5.23%,3.9,216.1,7.43%,312,10653,24.54%,0.261359,69.96%,1.8%,10.3%,2024-10-17
SPY,582.35,2024-11-15,567.00,-2.64%,4.59,562.41,3.55%,1132,3119,17.22%,0.263895,70.89%,0.8%,10.3%,2024-10-17
EWZ,28.39,2024-12-20,26.00,-8.42%,0.46,25.54,11.16%,132,77820,31.34%,0.222743,74.86%,1.8%,10.3%,2024-10-17
JPM,224.42,2024-12-20,215.00,-4.20%,3.8,211.2,6.26%,163,1863,21.99%,0.288405,67.93%,1.8%,10.3%,2024-10-17
SPY,582.35,2024-12-20,575.00,-1.26%,10.09,564.91,3.09%,351,6051,15.54%,0.377806,57.74%,1.8%,10.2%,2024-10-17
SPY,582.35,2024-10-25,575.00,-1.26%,1.28,573.72,1.50%,9087,15208,11.91%,0.219601,76.43%,0.2%,10.2%,2024-10-17
ORCL,175.68,2025-01-17,160.00,-8.93%,4,156,12.62%,151,1415,31.25%,0.233474,72.44%,2.6%,10.2%,2024-10-17
TLT,93.8,2024-12-31,92.00,-1.92%,1.88,90.12,4.08%,236,5497,17.69%,0.360173,59.55%,2.1%,10.2%,2024-10-17
PM,120.14,2025-01-17,115.00,-4.28%,2.85,112.15,7.12%,479,2218,21.77%,0.319527,65.54%,2.5%,10.1%,2024-10-17
GILD,87.36,2025-01-17,82.50,-5.56%,2.04,80.46,8.58%,110,1077,24.88%,0.291844,67.66%,2.5%,10.1%,2024-10-17
COP,106.15,2025-01-17,97.50,-8.15%,2.41,95.09,11.63%,156,3799,29.27%,0.247174,71.85%,2.5%,10.1%,2024-10-17
PG,172.28,2025-01-17,170.00,-1.32%,4.2,165.8,3.91%,180,928,16.78%,0.398022,56.28%,2.5%,10.1%,2024-10-17
SBUX,95.27,2025-01-17,87.50,-8.16%,2.16,85.34,11.64%,114,3852,29.62%,0.246931,71.64%,2.5%,10.0%,2024-10-17
SPY,582.35,2024-11-01,572.00,-1.78%,2.35,569.65,2.23%,399,4330,13.90%,0.24144,73.78%,0.4%,10.0%,2024-10-17
XLP,82.06,2024-11-15,81.00,-1.29%,0.64,80.36,2.12%,106,7501,13.74%,0.337621,63.15%,0.8%,10.0%,2024-10-17
LVS,50.8,2025-01-17,45.00,-11.42%,1.1,43.9,15.72%,375,3616,34.88%,0.205723,75.56%,2.5%,9.9%,2024-10-17
XLF,47.61,2024-11-15,46.00,-3.38%,0.36,45.64,4.32%,3326,14415,19.92%,0.245941,72.99%,0.8%,9.9%,2024-10-17
SPY,582.35,2024-12-20,574.00,-1.43%,9.82,564.18,3.22%,122,915,15.67%,0.367788,58.71%,1.7%,9.9%,2024-10-17
SPY,582.35,2024-11-15,566.00,-2.81%,4.41,561.59,3.70%,554,5454,17.37%,0.25378,71.96%,0.8%,9.9%,2024-10-17
QQQ,491.25,2024-12-20,470.00,-4.33%,8,462,6.33%,2217,48357,22.12%,0.275264,68.35%,1.7%,9.9%,2024-10-17
SPY,582.35,2024-11-08,565.00,-2.98%,3.34,561.66,3.68%,803,2139,17.94%,0.224316,75.39%,0.6%,9.9%,2024-10-17
ABT,117.89,2025-01-17,115.00,-2.45%,2.79,112.21,5.06%,582,3799,18.99%,0.355885,60.27%,2.5%,9.9%,2024-10-17
SPY,582.35,2024-11-29,570.00,-2.12%,6.54,563.46,3.35%,4590,8032,16.05%,0.312209,65.14%,1.2%,9.9%,2024-10-17
QQQ,491.25,2024-12-20,469.78,-4.37%,7.95,461.83,6.37%,120,3264,22.15%,0.273807,68.50%,1.7%,9.8%,2024-10-17
DIA,432.45,2024-11-01,426.00,-1.49%,1.71,424.29,1.92%,117,868,12.73%,0.254948,71.99%,0.4%,9.8%,2024-10-17
EFA,81.39,2024-12-20,80.00,-1.71%,1.35,78.65,3.48%,10005,37322,15.50%,0.385773,60.46%,1.7%,9.8%,2024-10-17
XLU,81.48,2024-11-15,78.00,-4.27%,0.6,77.4,5.27%,113,1591,21.68%,0.218308,76.25%,0.8%,9.8%,2024-10-17
QQQ,491.25,2025-01-17,475.00,-3.31%,11.39,463.61,5.96%,663,4876,20.95%,0.324283,62.55%,2.5%,9.7%,2024-10-17
PG,172.28,2024-11-15,165.00,-4.23%,1.26,163.74,5.22%,105,2727,21.05%,0.215328,76.66%,0.8%,9.7%,2024-10-17
SPY,582.35,2024-12-20,573.00,-1.61%,9.56,563.44,3.36%,138,1493,15.81%,0.35863,59.66%,1.7%,9.7%,2024-10-17
SPY,582.35,2024-10-29,575.00,-1.26%,1.82,573.18,1.60%,1550,710,11.57%,0.25125,72.75%,0.3%,9.7%,2024-10-17
BAC,42.6,2025-01-17,40.00,-6.10%,0.95,39.05,9.09%,567,16170,25.01%,0.27196,69.20%,2.4%,9.7%,2024-10-17
DIA,432.45,2024-10-25,427.00,-1.26%,0.9,426.1,1.49%,450,527,11.72%,0.214334,76.76%,0.2%,9.6%,2024-10-17
SPY,582.35,2024-10-31,573.00,-1.61%,2.11,570.89,2.01%,366,3405,12.98%,0.241296,73.78%,0.4%,9.6%,2024-10-17
GOOGL,162.93,2025-01-17,150.00,-7.94%,3.55,146.45,11.25%,316,10851,29.16%,0.241947,71.39%,2.4%,9.6%,2024-10-17
BAC,42.6,2024-12-20,40.00,-6.10%,0.66,39.34,8.29%,667,7678,24.85%,0.243001,72.75%,1.7%,9.6%,2024-10-17
AMZN,187.53,2025-01-17,170.00,-9.35%,4,166,12.97%,377,18352,31.36%,0.221823,73.35%,2.4%,9.6%,2024-10-17
SPY,582.35,2024-11-15,565.00,-2.98%,4.24,560.76,3.85%,3283,20727,17.55%,0.244387,72.95%,0.8%,9.5%,2024-10-17
GLD,248.63,2024-12-20,245.00,-1.46%,4,241,3.17%,236,2089,15.59%,0.361248,58.91%,1.7%,9.5%,2024-10-17
KO,69.9,2024-12-20,67.50,-3.43%,1.1,66.4,5.27%,122,6219,19.16%,0.301844,66.84%,1.7%,9.4%,2024-10-17
TLT,93.8,2024-11-15,90.00,-4.05%,0.67,89.33,5.00%,651,66448,20.50%,0.214792,76.29%,0.8%,9.4%,2024-10-17
SPY,582.35,2024-12-20,572.00,-1.78%,9.31,562.69,3.49%,192,1085,15.95%,0.349361,60.58%,1.7%,9.4%,2024-10-17
IWM,226.12,2025-01-17,215.00,-4.92%,4.98,210.02,7.67%,158,40947,23.16%,0.288738,66.78%,2.4%,9.4%,2024-10-17
SCHW,71.91,2024-12-20,67.50,-6.13%,1.09,66.41,8.28%,228,1746,25.20%,0.240581,72.57%,1.6%,9.4%,2024-10-17
SPY,582.35,2024-11-01,571.00,-1.95%,2.18,568.82,2.38%,3116,1968,14.13%,0.225807,75.41%,0.4%,9.3%,2024-10-17
BHP,56.89,2025-01-17,52.50,-7.72%,1.2,51.3,10.90%,100,1458,25.50%,0.270325,73.48%,2.3%,9.3%,2024-10-17
TLT,93.8,2025-01-17,92.00,-1.92%,2.1,89.9,4.34%,122,9380,17.40%,0.364731,58.78%,2.3%,9.3%,2024-10-17
QQQ,491.25,2024-12-31,470.00,-4.33%,8.78,461.22,6.51%,109,1617,21.73%,0.281612,67.32%,1.9%,9.3%,2024-10-17
SPY,582.35,2024-12-20,571.00,-1.95%,9.07,561.93,3.63%,587,1166,16.09%,0.340649,61.49%,1.6%,9.2%,2024-10-17
EEM,45.47,2024-12-20,43.50,-4.33%,0.69,42.81,6.21%,880,5133,21.63%,0.281038,68.76%,1.6%,9.2%,2024-10-17
SPY,582.35,2024-11-15,564.00,-3.15%,4.08,559.92,4.01%,522,5886,17.74%,0.235417,73.90%,0.7%,9.2%,2024-10-17
TLT,93.8,2024-12-20,91.00,-2.99%,1.44,89.56,4.73%,398,7045,18.28%,0.306234,65.39%,1.6%,9.2%,2024-10-17
MSFT,416.72,2025-01-17,390.00,-6.41%,8.8,381.2,9.32%,148,8386,25.69%,0.259884,69.63%,2.3%,9.2%,2024-10-17
SPY,582.35,2024-11-22,565.00,-2.98%,5.05,559.95,4.00%,131,1777,17.38%,0.259044,71.02%,0.9%,9.1%,2024-10-17
PEP,174.67,2024-12-20,170.00,-2.67%,2.68,167.32,4.39%,146,1130,17.05%,0.323691,64.79%,1.6%,9.1%,2024-10-17
AAPL,232.15,2025-01-17,220.00,-5.23%,4.9,215.1,7.93%,879,30405,23.50%,0.277861,67.57%,2.3%,9.0%,2024-10-17
EEM,45.47,2024-11-15,43.50,-4.33%,0.31,43.19,5.28%,5535,2935,20.80%,0.207244,77.50%,0.7%,9.0%,2024-10-17
SPY,582.35,2024-10-28,575.00,-1.26%,1.56,573.44,1.55%,536,677,11.17%,0.236043,74.37%,0.3%,9.0%,2024-10-17
SPY,582.35,2024-12-20,570.00,-2.12%,8.83,561.17,3.77%,1586,18450,16.23%,0.331917,62.38%,1.6%,9.0%,2024-10-17
TSN,59.79,2024-12-20,55.00,-8.01%,0.85,54.15,10.42%,129,1111,28.04%,0.21298,76.15%,1.6%,9.0%,2024-10-17
IWM,226.12,2025-01-17,214.00,-5.36%,4.72,209.28,8.05%,139,1702,23.37%,0.276526,68.07%,2.3%,8.9%,2024-10-17
WMT,80.89,2025-01-17,76.67,-5.22%,1.69,74.98,7.88%,430,5171,23.00%,0.278002,67.86%,2.3%,8.9%,2024-10-17
SPY,582.35,2024-10-31,572.00,-1.78%,1.95,570.05,2.16%,161,3036,13.21%,0.224031,75.58%,0.3%,8.9%,2024-10-17
GLD,248.63,2024-11-15,242.00,-2.67%,1.7,240.3,3.47%,259,962,16.39%,0.248884,72.08%,0.7%,8.9%,2024-10-17
SPY,582.35,2024-11-15,563.00,-3.32%,3.92,559.08,4.16%,856,4610,17.91%,0.226626,74.83%,0.7%,8.8%,2024-10-17
SPY,582.35,2024-11-01,570.00,-2.12%,2.05,567.95,2.54%,3266,13750,14.38%,0.211697,76.90%,0.4%,8.8%,2024-10-17
SPY,582.35,2024-12-20,569.00,-2.29%,8.61,560.39,3.92%,432,1306,16.37%,0.323596,63.24%,1.5%,8.8%,2024-10-17
QQQ,491.25,2025-01-17,470.00,-4.33%,10.15,459.85,6.83%,1013,14684,21.50%,0.292104,65.90%,2.2%,8.8%,2024-10-17
IYR,101.19,2024-11-15,97.00,-4.14%,0.67,96.33,5.05%,378,3006,19.90%,0.209369,77.45%,0.7%,8.8%,2024-10-17
QQQ,491.25,2024-12-20,465.00,-5.34%,7,458,7.26%,1032,13297,22.78%,0.243228,71.76%,1.5%,8.7%,2024-10-17
NKE,83.4,2025-01-17,75.00,-10.07%,1.6,73.4,13.62%,124,10306,30.76%,0.209235,75.41%,2.2%,8.6%,2024-10-17
DIA,432.45,2024-11-15,420.00,-2.88%,2.86,417.14,3.67%,242,2703,16.71%,0.238432,73.24%,0.7%,8.6%,2024-10-17
SPY,582.35,2024-12-20,568.00,-2.46%,8.39,559.61,4.06%,150,1641,16.51%,0.315289,64.09%,1.5%,8.6%,2024-10-17
SPY,582.35,2025-01-17,575.00,-1.26%,12.13,562.87,3.46%,769,8615,15.27%,0.382775,56.58%,2.2%,8.5%,2024-10-17
SPY,582.35,2024-11-15,562.00,-3.49%,3.77,558.23,4.32%,373,3808,18.09%,0.218243,75.73%,0.7%,8.5%,2024-10-17
JPM,224.42,2025-01-17,210.00,-6.43%,4.4,205.6,9.15%,1812,5014,24.04%,0.255146,70.90%,2.1%,8.5%,2024-10-17
SPY,582.35,2024-11-29,565.00,-2.98%,5.55,559.45,4.09%,163,8502,16.84%,0.266434,69.96%,1.0%,8.4%,2024-10-17
SLV,28.89,2025-01-17,26.00,-10.00%,0.54,25.46,13.47%,3104,15187,30.77%,0.204583,75.25%,2.1%,8.4%,2024-10-17
SPY,582.35,2024-12-20,567.00,-2.64%,8.17,558.83,4.21%,424,1817,16.65%,0.307455,64.92%,1.5%,8.3%,2024-10-17
JNJ,164.47,2024-11-15,160.00,-2.72%,1.05,158.95,3.47%,1937,9344,15.58%,0.248279,73.48%,0.7%,8.3%,2024-10-17
SPY,582.35,2024-10-31,571.00,-1.95%,1.81,569.19,2.31%,723,1932,13.46%,0.208489,77.23%,0.3%,8.3%,2024-10-17
EEM,45.47,2025-01-17,44.00,-3.23%,0.9,43.1,5.50%,987,159100,20.28%,0.335383,62.66%,2.1%,8.3%,2024-10-17
SPY,582.35,2024-12-31,570.00,-2.12%,9.51,560.49,3.90%,127,3150,15.90%,0.335189,61.69%,1.7%,8.3%,2024-10-17
IWM,226.12,2024-12-20,210.00,-7.13%,2.98,207.02,9.23%,2701,78680,25.44%,0.210936,75.62%,1.4%,8.2%,2024-10-17
SPY,582.35,2024-11-15,561.00,-3.67%,3.63,557.37,4.48%,202,4359,18.31%,0.210514,76.54%,0.7%,8.2%,2024-10-17
JNJ,164.47,2024-12-20,160.00,-2.72%,2.25,157.75,4.26%,146,1186,16.32%,0.31454,65.66%,1.4%,8.1%,2024-10-17
IWM,226.12,2025-01-17,212.00,-6.24%,4.24,207.76,8.84%,101,7503,23.78%,0.253009,70.54%,2.0%,8.1%,2024-10-17
EEM,45.47,2024-12-20,43.00,-5.43%,0.6,42.4,7.24%,4057,74038,21.71%,0.240101,73.05%,1.4%,8.1%,2024-10-17
MSFT,416.72,2025-01-17,385.00,-7.61%,7.65,377.35,10.43%,177,2994,25.96%,0.229848,72.83%,2.0%,8.0%,2024-10-17
SPY,582.35,2024-10-29,573.00,-1.61%,1.5,571.5,1.90%,542,921,12.05%,0.210241,77.06%,0.3%,8.0%,2024-10-17
SPY,582.35,2024-12-20,565.00,-2.98%,7.77,557.23,4.51%,1189,4776,16.93%,0.292343,66.51%,1.4%,8.0%,2024-10-17
EWZ,28.39,2025-01-17,26.00,-8.42%,0.51,25.49,11.38%,1183,97796,29.53%,0.242412,72.34%,2.0%,7.9%,2024-10-17
CSCO,56.4,2024-12-20,52.50,-6.91%,0.72,51.78,8.92%,129,2914,24.35%,0.215027,75.89%,1.4%,7.9%,2024-10-17
KIE,58.68,2024-11-15,56.00,-4.57%,0.35,55.65,5.44%,3031,4642,22.54%,0.208008,76.90%,0.6%,7.9%,2024-10-17
SPY,582.35,2024-11-15,560.00,-3.84%,3.5,556.5,4.65%,10570,77817,18.46%,0.202439,77.40%,0.6%,7.9%,2024-10-17
KO,69.9,2025-01-17,67.50,-3.43%,1.32,66.18,5.62%,222,4855,18.04%,0.315343,65.01%,2.0%,7.9%,2024-10-17
PEP,174.67,2025-01-17,170.00,-2.67%,3.3,166.7,4.78%,345,3266,16.40%,0.338361,62.89%,2.0%,7.9%,2024-10-17
C,63.97,2025-01-17,57.50,-10.11%,1.11,56.39,13.44%,2041,12173,28.82%,0.202137,76.94%,2.0%,7.8%,2024-10-17
EFA,81.39,2024-11-15,78.00,-4.17%,0.48,77.52,4.99%,1071,39792,18.44%,0.201633,79.35%,0.6%,7.8%,2024-10-17
WMT,80.89,2024-12-20,75.00,-7.28%,1.01,73.99,9.33%,127,3834,25.25%,0.204615,76.27%,1.4%,7.8%,2024-10-17
SPY,582.35,2024-11-22,560.00,-3.84%,4.26,555.74,4.79%,223,602,18.23%,0.219172,75.28%,0.8%,7.8%,2024-10-17
SPY,582.35,2024-12-20,564.00,-3.15%,7.57,556.43,4.66%,391,2109,17.05%,0.284874,67.31%,1.4%,7.8%,2024-10-17
USB,49.97,2025-01-17,45.00,-9.95%,0.86,44.14,13.21%,457,10516,28.39%,0.204754,76.88%,1.9%,7.7%,2024-10-17
QQQ,491.25,2024-12-20,460.00,-6.36%,6.14,453.86,8.24%,605,30909,23.47%,0.214661,74.82%,1.4%,7.7%,2024-10-17
SPY,582.35,2025-01-17,570.00,-2.12%,10.84,559.16,4.15%,1291,12574,15.87%,0.343234,60.61%,1.9%,7.7%,2024-10-17
SPY,582.35,2024-12-20,563.00,-3.32%,7.39,555.61,4.81%,755,2605,17.24%,0.278124,68.02%,1.3%,7.6%,2024-10-17
EFA,81.39,2024-11-15,79.00,-2.94%,0.47,78.53,3.64%,632,25580,16.92%,0.261292,73.40%,0.6%,7.5%,2024-10-17
JNJ,164.47,2025-01-17,160.00,-2.72%,2.98,157.02,4.74%,192,6055,16.12%,0.333434,63.33%,1.9%,7.5%,2024-10-17
AAPL,232.15,2024-12-20,215.00,-7.39%,2.8,212.2,9.40%,138,9487,25.48%,0.201269,76.40%,1.3%,7.5%,2024-10-17
JPM,224.42,2024-12-20,210.00,-6.43%,2.72,207.28,8.27%,118,3975,23.01%,0.21675,75.47%,1.3%,7.5%,2024-10-17
BTI,35.37,2024-11-15,34.00,-3.87%,0.2,33.8,4.64%,4489,3137,18.41%,0.228386,77.68%,0.6%,7.4%,2024-10-17
TLT,93.8,2024-12-20,90.00,-4.05%,1.15,88.85,5.57%,2548,23399,18.49%,0.259,70.34%,1.3%,7.4%,2024-10-17
IWM,226.12,2025-01-17,210.00,-7.13%,3.8,206.2,9.66%,106,14881,23.94%,0.229166,73.08%,1.8%,7.3%,2024-10-17
SPY,582.35,2024-11-29,560.00,-3.84%,4.73,555.27,4.88%,1818,4442,17.69%,0.228037,74.04%,0.9%,7.2%,2024-10-17
QQQ,491.25,2025-01-17,460.00,-6.36%,8.08,451.92,8.70%,262,33121,22.62%,0.236308,71.86%,1.8%,7.1%,2024-10-17
SPY,582.35,2024-12-20,560.00,-3.84%,6.86,553.14,5.28%,10352,38528,17.65%,0.25798,70.18%,1.2%,7.1%,2024-10-17
PG,172.28,2024-12-20,165.00,-4.23%,2.02,162.98,5.71%,741,3104,18.28%,0.255845,71.36%,1.2%,7.1%,2024-10-17
AAPL,232.15,2025-01-17,215.00,-7.39%,3.7,211.3,9.87%,234,21085,24.26%,0.221715,73.57%,1.8%,6.9%,2024-10-17
SPY,582.35,2025-01-17,565.00,-2.98%,9.71,555.29,4.87%,2121,3983,16.47%,0.307665,64.27%,1.7%,6.9%,2024-10-17
VZ,43.85,2024-12-20,41.00,-6.50%,0.48,40.52,8.22%,144,8577,21.11%,0.21418,77.65%,1.2%,6.8%,2024-10-17
TLT,93.8,2024-12-31,90.00,-4.05%,1.23,88.77,5.67%,353,4382,17.77%,0.262441,69.61%,1.4%,6.7%,2024-10-17
BTI,35.37,2025-01-17,33.00,-6.70%,0.55,32.45,9.00%,606,3097,20.71%,0.255644,74.77%,1.7%,6.7%,2024-10-17
SCHD,28.81,2024-11-15,28.33,-1.67%,0.15,28.18,2.24%,211,567,13.33%,0.291582,67.26%,0.5%,6.7%,2024-10-17
SPY,582.35,2024-12-31,560.00,-3.84%,7.5,552.5,5.40%,1141,3673,17.28%,0.264431,69.14%,1.4%,6.6%,2024-10-17
JPM,224.42,2025-01-17,205.00,-8.65%,3.35,201.65,11.29%,403,2924,25.00%,0.203001,76.46%,1.7%,6.6%,2024-10-17
ENB,41.84,2025-01-17,40.00,-4.40%,0.65,39.35,6.33%,108,1298,16.35%,0.288045,70.81%,1.7%,6.6%,2024-10-17
TLT,93.8,2025-01-17,90.00,-4.05%,1.44,88.56,5.92%,2581,36682,17.62%,0.275021,68.00%,1.6%,6.5%,2024-10-17
XOM,120.35,2025-01-17,110.00,-8.60%,1.75,108.25,11.18%,127,15008,24.36%,0.203264,76.89%,1.6%,6.4%,2024-10-17
XLF,47.61,2024-12-20,45.00,-5.48%,0.5,44.5,6.99%,4885,67010,20.20%,0.217809,74.75%,1.1%,6.4%,2024-10-17
SPY,582.35,2024-12-20,555.00,-4.70%,6.08,548.92,6.09%,15013,10969,18.36%,0.228071,73.42%,1.1%,6.3%,2024-10-17
INDA,56.34,2024-12-20,55.00,-2.38%,0.6,54.4,3.57%,152,737,17.58%,0.324595,62.82%,1.1%,6.3%,2024-10-17
SPY,582.35,2025-01-17,560.00,-3.84%,8.73,551.27,5.64%,1035,18213,17.08%,0.276105,67.59%,1.6%,6.3%,2024-10-17
SPY,582.35,2024-12-20,553.00,-5.04%,5.8,547.2,6.42%,1039,1876,18.65%,0.217018,74.61%,1.1%,6.0%,2024-10-17
TLT,93.8,2024-12-20,89.00,-5.12%,0.91,88.09,6.48%,284,18019,18.48%,0.213698,75.14%,1.0%,5.9%,2024-10-17
SPY,582.35,2024-12-20,551.00,-5.38%,5.53,545.47,6.76%,325,2327,18.93%,0.206695,75.74%,1.0%,5.8%,2024-10-17
SPY,582.35,2025-01-17,555.00,-4.70%,7.87,547.13,6.44%,10841,12475,17.69%,0.24824,70.60%,1.4%,5.7%,2024-10-17
SPY,582.35,2024-12-20,550.00,-5.56%,5.4,544.6,6.93%,7594,29907,19.08%,0.201744,76.28%,1.0%,5.7%,2024-10-17
ABT,117.89,2025-01-17,110.00,-6.69%,1.48,108.52,8.63%,104,3586,20.26%,0.213126,75.21%,1.4%,5.4%,2024-10-17
SPY,582.35,2024-12-31,550.00,-5.56%,6,544,7.05%,761,7440,18.62%,0.209991,75.08%,1.1%,5.4%,2024-10-17
SPY,582.35,2025-01-17,550.00,-5.56%,7.1,542.9,7.27%,1244,53074,18.30%,0.22354,73.31%,1.3%,5.2%,2024-10-17
LQD,110.88,2024-11-15,109.00,-1.70%,0.42,108.58,2.12%,151,21880,10.07%,0.241211,72.65%,0.4%,4.9%,2024-10-17
PEP,174.67,2025-01-17,165.00,-5.54%,2,163,7.16%,617,3054,17.17%,0.22642,74.56%,1.2%,4.9%,2024-10-17
SPY,582.35,2025-01-17,545.00,-6.41%,6.43,538.57,8.13%,312,13566,18.91%,0.201681,75.74%,1.2%,4.7%,2024-10-17
HYG,79.61,2025-01-17,78.00,-2.02%,0.4,77.6,2.59%,57465,40942,8.17%,0.255039,69.07%,0.5%,2.0%,2024-10-17
SMAR,56.06,2025-01-17,55.00,-1.89%,0.2,54.8,2.30%,500,1683,7.36%,0.218145,69.73%,0.4%,1.4%,2024-10-17
"Downloaded from Barchart.com as of 10-17-2024 10:58pm CDT"
