Symbol,Price~,"Exp Date",Strike,Moneyness,Bid,"BE (Bid)",BE%,Volume,"Open Int",IV,Delta,"OTM Prob","Ptnl Rtn","Ann Rtn",Time
AA,41.31,2024-12-20,40.00,-3.17%,2.32,37.68,9.63%,100,2093,47.21%,0.385296,56.69%,6.2%,37.5%,"11:34 ET"
AA,41.31,2024-11-15,40.00,-3.17%,1.45,38.55,7.16%,714,4041,50.02%,0.371214,59.72%,3.8%,54.9%,"11:20 ET"
AAPL,236.5,2024-12-20,230.00,-2.75%,5.35,224.65,5.27%,385,13357,23.30%,0.343631,61.60%,2.4%,14.5%,"13:10 ET"
AAPL,236.5,2024-12-20,225.00,-4.86%,3.9,221.1,6.97%,306,12872,24.15%,0.267737,69.47%,1.8%,10.7%,"13:11 ET"
AAPL,236.5,2024-12-20,220.00,-6.98%,2.85,217.15,8.91%,298,11025,24.94%,0.20395,76.27%,1.3%,8.0%,"12:58 ET"
AAPL,236.5,2024-12-20,215.00,-9.09%,2.07,212.93,11.07%,248,9790,25.87%,0.15332,81.82%,1.0%,5.9%,"13:08 ET"
AAPL,236.5,2024-12-20,210.00,-11.21%,1.5,208.5,13.43%,299,23338,26.90%,0.114262,86.21%,0.7%,4.4%,"13:05 ET"
AAPL,236.5,2024-12-20,205.00,-13.32%,1.11,203.89,15.99%,498,8075,28.20%,0.086126,89.44%,0.5%,3.3%,"13:03 ET"
AAPL,236.5,2024-12-20,200.00,-15.43%,0.83,199.17,18.74%,896,18067,29.46%,0.064406,91.97%,0.4%,2.5%,"13:10 ET"
AAPL,236.5,2024-12-20,195.00,-17.55%,0.64,194.36,21.68%,528,7643,30.99%,0.049295,93.77%,0.3%,2.0%,"12:59 ET"
AAPL,236.5,2024-12-20,190.00,-19.66%,0.5,189.5,24.80%,104,26734,32.72%,0.038585,95.06%,0.3%,1.6%,"13:01 ET"
AAPL,236.5,2025-01-17,230.00,-2.75%,6.45,223.55,5.79%,518,18416,22.47%,0.351476,59.97%,2.9%,12.0%,"13:09 ET"
AAPL,236.5,2025-01-17,225.00,-4.86%,4.95,220.05,7.48%,570,12585,23.13%,0.283707,66.96%,2.2%,9.3%,"13:09 ET"
AAPL,236.5,2025-01-17,220.00,-6.98%,3.75,216.25,9.36%,648,31835,23.85%,0.225927,73.15%,1.7%,7.2%,"13:07 ET"
AAPL,236.5,2025-01-17,215.00,-9.09%,2.87,212.13,11.49%,100,21361,24.58%,0.176942,78.51%,1.4%,5.6%,"12:57 ET"
AAPL,236.5,2025-01-17,210.00,-11.21%,2.19,207.81,13.81%,511,21288,25.49%,0.138333,82.88%,1.1%,4.4%,"13:11 ET"
AAPL,236.5,2025-01-17,200.00,-15.43%,1.27,198.73,19.01%,289,108769,27.46%,0.08339,89.31%,0.6%,2.7%,"13:11 ET"
AAPL,236.5,2025-01-17,190.00,-19.66%,0.79,189.21,24.99%,287,41592,29.98%,0.051774,93.15%,0.4%,1.7%,"13:08 ET"
AAPL,236.5,2025-01-17,180.00,-23.89%,0.52,179.48,31.77%,111,64627,32.87%,0.033344,95.46%,0.3%,1.2%,"12:54 ET"
AAPL,236.5,2025-01-17,170.00,-28.12%,0.37,169.63,39.42%,136,44066,36.09%,0.022312,96.88%,0.2%,0.9%,"13:08 ET"
AAPL,236.5,2025-01-17,135.00,-42.92%,0.13,134.87,75.35%,597,19168,49.66%,0.006897,98.93%,0.1%,0.4%,"11:42 ET"
AAPL,236.5,2025-01-17,130.00,-45.03%,0.11,129.89,82.08%,607,23992,51.65%,0.005771,99.08%,0.1%,0.4%,"12:14 ET"
AAPL,236.5,2025-01-17,125.00,-47.15%,0.11,124.89,89.37%,100,18750,54.70%,0.005455,99.12%,0.1%,0.4%,"09:46 ET"
AAPL,236.5,2024-11-08,230.00,-2.75%,3.05,226.95,4.21%,1085,1974,28.59%,0.309298,66.97%,1.3%,27.3%,"13:05 ET"
AAPL,236.5,2024-11-08,225.00,-4.86%,1.87,223.13,5.99%,233,2172,29.74%,0.207557,77.48%,0.8%,17.0%,"13:05 ET"
AAPL,236.5,2024-11-08,220.00,-6.98%,1.13,218.87,8.06%,282,3699,31.32%,0.135402,85.08%,0.5%,10.5%,"12:50 ET"
AAPL,236.5,2024-11-08,200.00,-15.43%,0.21,199.79,18.37%,1407,1023,40.36%,0.02642,96.93%,0.1%,2.1%,"13:09 ET"
AAPL,236.5,2024-11-22,230.00,-2.75%,3.9,226.1,4.60%,108,544,25.47%,0.326874,64.41%,1.7%,19.7%,"13:10 ET"
AAPL,236.5,2024-11-15,230.00,-2.75%,3.55,226.45,4.44%,576,13789,26.77%,0.320379,65.46%,1.6%,22.9%,"13:11 ET"
AAPL,236.5,2024-11-15,225.00,-4.86%,2.32,222.68,6.21%,537,23350,27.86%,0.225241,75.29%,1.0%,15.2%,"13:10 ET"
AAPL,236.5,2024-11-15,220.00,-6.98%,1.51,218.49,8.24%,2400,29094,29.38%,0.155669,82.65%,0.7%,10.1%,"13:11 ET"
AAPL,236.5,2024-11-15,215.00,-9.09%,1,214,10.51%,568,15378,31.01%,0.10616,87.99%,0.5%,6.8%,"13:11 ET"
AAPL,236.5,2024-11-15,210.00,-11.21%,0.68,209.32,12.98%,462,24072,32.84%,0.072635,91.66%,0.3%,4.7%,"13:11 ET"
AAPL,236.5,2024-11-15,205.00,-13.32%,0.49,204.51,15.64%,2050,14156,35.17%,0.051747,93.98%,0.2%,3.5%,"13:10 ET"
AAPL,236.5,2024-11-15,200.00,-15.43%,0.37,199.63,18.47%,863,28736,37.75%,0.038109,95.51%,0.2%,2.7%,"13:10 ET"
AAPL,236.5,2024-11-15,190.00,-19.66%,0.22,189.78,24.62%,854,10690,43.02%,0.021454,97.41%,0.1%,1.7%,"13:09 ET"
AAPL,236.5,2024-11-01,232.50,-1.69%,2.91,229.59,3.01%,777,1433,29.23%,0.351617,63.16%,1.3%,42.1%,"13:10 ET"
AAPL,236.5,2024-11-01,230.00,-2.75%,2.14,227.86,3.79%,2326,5998,29.65%,0.278572,70.59%,0.9%,31.2%,"13:11 ET"
AAPL,236.5,2024-11-01,227.50,-3.81%,1.55,225.95,4.67%,326,1846,30.08%,0.214982,77.12%,0.7%,22.8%,"13:01 ET"
AAPL,236.5,2024-11-01,225.00,-4.86%,1.11,223.89,5.63%,678,6399,30.68%,0.162859,82.54%,0.5%,16.5%,"13:11 ET"
AAPL,236.5,2024-11-01,222.50,-5.92%,0.79,221.71,6.67%,562,2499,31.49%,0.122349,86.78%,0.4%,11.8%,"13:11 ET"
AAPL,236.5,2024-11-01,220.00,-6.98%,0.57,219.43,7.78%,713,5681,32.30%,0.090538,90.15%,0.3%,8.6%,"13:10 ET"
AAPL,236.5,2024-11-01,215.00,-9.09%,0.32,214.68,10.16%,510,2517,35.04%,0.053117,94.14%,0.1%,4.9%,"13:10 ET"
AAPL,236.5,2024-11-01,210.00,-11.21%,0.2,209.8,12.73%,377,4698,38.33%,0.033171,96.30%,0.1%,3.2%,"12:55 ET"
AAPL,236.5,2024-11-01,205.00,-13.32%,0.14,204.86,15.44%,147,6169,41.75%,0.021497,97.57%,0.1%,2.3%,"13:07 ET"
AAPL,236.5,2024-11-01,200.00,-15.43%,0.1,199.9,18.31%,334,3668,45.47%,0.014741,98.31%,0.1%,1.7%,"12:44 ET"
AAPL,236.5,2024-11-01,190.00,-19.66%,0.06,189.94,24.51%,614,2170,53.64%,0.007991,99.06%,0.0%,1.0%,"11:59 ET"
ABBV,187.03,2024-11-15,170.00,-9.11%,1.2,168.8,10.80%,149,1473,34.95%,0.138223,85.17%,0.7%,10.4%,"12:32 ET"
ABNB,137.64,2025-01-17,115.00,-16.45%,2.11,112.89,21.92%,116,2570,40.43%,0.142835,81.74%,1.9%,7.8%,"11:02 ET"
ABNB,137.64,2024-11-15,110.00,-20.08%,0.48,109.52,25.68%,183,2727,56.93%,0.053311,93.38%,0.4%,6.4%,"12:47 ET"
ABT,117.15,2025-01-17,110.00,-6.10%,1.51,108.49,7.98%,108,3588,19.93%,0.223138,74.00%,1.4%,5.8%,"12:26 ET"
ABT,117.15,2024-11-15,110.00,-6.10%,0.46,109.54,6.95%,110,1982,23.37%,0.136757,84.84%,0.4%,6.1%,"12:43 ET"
ABT,117.15,2024-11-15,100.00,-14.64%,0.07,99.93,17.23%,131,2553,31.06%,0.021971,97.42%,0.1%,1.0%,"09:37 ET"
ADBE,496.28,2024-11-15,490.00,-1.27%,10.8,479.2,3.56%,121,1362,28.56%,0.398263,56.77%,2.3%,32.9%,"12:28 ET"
ADI,223.75,2024-12-20,210.00,-6.15%,6,204,9.68%,330,1155,34.87%,0.284882,67.32%,2.9%,17.9%,"12:11 ET"
ADM,56.08,2024-11-15,55.00,-1.93%,1.3,53.7,4.43%,105,1016,31.65%,0.386152,59.28%,2.4%,35.3%,"13:02 ET"
AEM,86.94,2024-11-15,85.00,-2.23%,2.45,82.55,5.32%,228,629,38.88%,0.38196,58.78%,3.0%,43.3%,"13:04 ET"
AEM,86.94,2024-11-15,80.00,-7.98%,1,79,10.05%,158,2021,40.70%,0.194385,78.26%,1.3%,18.5%,"13:04 ET"
AEM,86.94,2024-11-15,75.00,-13.73%,0.35,74.65,16.46%,534,1340,43.58%,0.084034,90.24%,0.5%,6.8%,"12:59 ET"
AER,97.05,2024-11-15,90.00,-7.26%,0.95,89.05,8.98%,210,1581,36.63%,0.194694,78.43%,1.1%,15.6%,"11:32 ET"
AI,25.49,2024-11-15,25.00,-1.92%,1.2,23.8,7.10%,328,7034,56.22%,0.410557,55.25%,5.0%,73.6%,"12:59 ET"
AIG,77.78,2024-12-20,65.00,-16.43%,0.5,64.5,20.59%,326,1816,36.79%,0.094993,88.56%,0.8%,4.7%,"11:03 ET"
ALAB,66.26,2024-11-15,45.00,-32.09%,0.45,44.55,48.73%,231,6880,102.31%,0.053696,92.58%,1.0%,14.7%,"12:30 ET"
ALB,93.46,2024-12-20,70.00,-25.10%,1.3,68.7,36.04%,3545,9092,64.75%,0.104104,86.46%,1.9%,11.5%,"12:21 ET"
ALLY,34.72,2024-11-15,34.00,-2.07%,0.95,33.05,5.05%,204,1547,40.15%,0.385252,57.90%,2.9%,42.0%,"12:54 ET"
ALLY,34.72,2024-11-15,30.00,-13.59%,0.15,29.85,16.31%,107,800,43.48%,0.084134,90.04%,0.5%,7.3%,"12:50 ET"
AMAT,184.47,2024-11-15,180.00,-2.42%,7.05,172.95,6.66%,181,3990,49.39%,0.391724,57.53%,4.1%,59.5%,"12:59 ET"
AMAT,184.47,2024-11-15,165.00,-10.55%,2.56,162.44,13.56%,120,954,51.55%,0.179999,79.58%,1.6%,23.0%,"12:42 ET"
AMAT,184.47,2024-11-15,160.00,-13.27%,1.73,158.27,16.55%,154,1430,52.62%,0.130665,84.93%,1.1%,16.0%,"12:54 ET"
AMD,156.34,2024-11-08,150.00,-4.06%,5.05,144.95,7.86%,138,1768,59.81%,0.341808,62.24%,3.5%,70.6%,"13:10 ET"
AMD,156.34,2024-11-08,145.00,-7.25%,3.4,141.6,10.41%,114,2616,60.20%,0.254633,71.34%,2.4%,48.7%,"12:27 ET"
AMD,156.34,2024-11-08,140.00,-10.45%,2.18,137.82,13.44%,137,992,61.00%,0.180756,79.24%,1.6%,32.1%,"13:00 ET"
AMD,156.34,2024-11-15,150.00,-4.06%,5.7,144.3,8.34%,859,10813,55.21%,0.347942,61.27%,4.0%,57.7%,"12:54 ET"
AMD,156.34,2024-11-15,145.00,-7.25%,4,141,10.88%,380,10549,55.67%,0.266866,69.74%,2.8%,41.4%,"13:09 ET"
AMD,156.34,2024-11-15,140.00,-10.45%,2.7,137.3,13.87%,348,15943,56.43%,0.196499,77.26%,2.0%,28.7%,"13:08 ET"
AMD,156.34,2024-11-15,135.00,-13.65%,1.77,133.23,17.35%,191,8081,57.51%,0.139432,83.52%,1.3%,19.4%,"13:08 ET"
AMD,156.34,2024-11-15,130.00,-16.85%,1.15,128.85,21.33%,241,19235,59.07%,0.096341,88.37%,0.9%,13.0%,"13:08 ET"
AMD,156.34,2024-11-15,125.00,-20.05%,0.74,124.26,25.82%,463,8033,60.82%,0.064726,92.01%,0.6%,8.7%,"12:25 ET"
AMD,156.34,2024-11-15,120.00,-23.24%,0.49,119.51,30.82%,321,13051,63.21%,0.043458,94.51%,0.4%,6.0%,"12:57 ET"
AMD,156.34,2024-11-22,150.00,-4.06%,6.45,143.55,8.91%,121,640,53.91%,0.354464,60.23%,4.5%,51.3%,"13:00 ET"
AMD,156.34,2025-01-17,125.00,-20.05%,2.75,122.25,27.89%,529,13328,48.37%,0.132853,82.69%,2.2%,9.3%,"12:54 ET"
AMD,156.34,2025-01-17,120.00,-23.24%,2.02,117.98,32.51%,297,19197,49.17%,0.102319,86.34%,1.7%,7.1%,"12:51 ET"
AMD,156.34,2025-01-17,75.00,-52.03%,0.12,74.88,108.79%,132,12772,67.04%,0.007438,98.72%,0.2%,0.7%,"11:30 ET"
AMD,156.34,2024-11-01,152.50,-2.46%,4.9,147.6,5.92%,378,721,64.28%,0.379527,58.82%,3.3%,110.2%,"13:11 ET"
AMD,156.34,2024-11-01,150.00,-4.06%,3.95,146.05,7.05%,617,2324,64.52%,0.324976,64.42%,2.7%,89.7%,"13:10 ET"
AMD,156.34,2024-11-01,145.00,-7.25%,2.43,142.57,9.66%,409,2742,65.09%,0.226253,74.74%,1.7%,56.6%,"12:56 ET"
AMD,156.34,2024-11-01,140.00,-10.45%,1.41,138.59,12.81%,388,2407,66.11%,0.147436,83.19%,1.0%,33.8%,"13:10 ET"
AMD,156.34,2024-11-01,135.00,-13.65%,0.79,134.21,16.49%,396,1532,67.78%,0.091143,89.38%,0.6%,19.5%,"13:01 ET"
AMD,156.34,2024-11-01,130.00,-16.85%,0.45,129.55,20.68%,216,1299,69.75%,0.053574,93.62%,0.3%,11.5%,"13:10 ET"
AMD,156.34,2024-12-20,150.00,-4.06%,8.4,141.6,10.41%,317,10044,48.13%,0.362357,58.40%,5.9%,36.1%,"13:12 ET"
AMD,156.34,2024-12-20,145.00,-7.25%,6.45,138.55,12.84%,141,10759,48.46%,0.299874,64.92%,4.7%,28.3%,"13:12 ET"
AMD,156.34,2024-12-20,140.00,-10.45%,4.85,135.15,15.68%,135,11336,48.91%,0.241953,71.11%,3.6%,21.8%,"13:04 ET"
AMD,156.34,2024-12-20,135.00,-13.65%,3.55,131.45,18.94%,108,12986,49.34%,0.189884,76.84%,2.7%,16.4%,"12:33 ET"
AMD,156.34,2024-12-20,130.00,-16.85%,2.6,127.4,22.72%,152,6326,50.09%,0.145779,81.82%,2.0%,12.4%,"12:49 ET"
AMD,156.34,2024-12-20,125.00,-20.05%,1.85,123.15,26.95%,467,7821,51.19%,0.110098,85.95%,1.5%,9.1%,"12:59 ET"
AMD,156.34,2024-12-20,120.00,-23.24%,1.31,118.69,31.72%,105,6960,52.18%,0.080737,89.44%,1.1%,6.7%,"12:45 ET"
AMD,156.34,2024-12-20,105.00,-32.84%,0.45,104.55,49.54%,2258,20246,57.23%,0.030603,95.69%,0.4%,2.6%,"12:43 ET"
AMRC,31.12,2024-11-15,25.00,-19.67%,0.5,24.5,27.02%,925,925,90.82%,0.141651,82.16%,2.0%,29.8%,"12:57 ET"
AMZN,188.66,2024-11-15,185.00,-1.94%,5.6,179.4,5.16%,487,10864,38.78%,0.393154,57.65%,3.1%,45.6%,"12:51 ET"
AMZN,188.66,2024-11-15,180.00,-4.59%,3.75,176.25,7.04%,1347,13743,38.91%,0.294102,67.78%,2.1%,31.1%,"13:01 ET"
AMZN,188.66,2024-11-15,175.00,-7.24%,2.41,172.59,9.31%,816,12266,39.53%,0.209581,76.62%,1.4%,20.4%,"12:58 ET"
AMZN,188.66,2024-11-15,170.00,-9.89%,1.49,168.51,11.96%,374,17259,40.14%,0.141459,83.93%,0.9%,12.9%,"12:56 ET"
AMZN,188.66,2024-11-15,165.00,-12.54%,0.91,164.09,14.97%,293,14574,41.13%,0.092056,89.34%,0.6%,8.1%,"13:02 ET"
AMZN,188.66,2024-11-15,160.00,-15.19%,0.56,159.44,18.33%,158,30346,42.81%,0.059952,92.93%,0.4%,5.1%,"13:11 ET"
AMZN,188.66,2024-11-08,175.00,-7.24%,2.05,172.95,9.08%,293,745,43.26%,0.19652,78.30%,1.2%,24.0%,"13:05 ET"
AMZN,188.66,2024-11-08,170.00,-9.89%,1.21,168.79,11.77%,917,1201,43.97%,0.127317,85.69%,0.7%,14.5%,"13:05 ET"
AMZN,188.66,2024-11-08,160.00,-15.19%,0.44,159.56,18.24%,113,575,47.71%,0.051491,94.01%,0.3%,5.6%,"12:55 ET"
AMZN,188.66,2024-11-22,170.00,-9.89%,1.78,168.22,12.15%,138,1545,38.24%,0.155811,82.12%,1.1%,12.1%,"12:54 ET"
AMZN,188.66,2024-11-22,160.00,-15.19%,0.73,159.27,18.45%,133,688,40.67%,0.071776,91.44%,0.5%,5.2%,"12:45 ET"
AMZN,188.66,2024-11-01,185.00,-1.94%,4.4,180.6,4.46%,534,4737,47.90%,0.384533,59.31%,2.4%,80.8%,"13:07 ET"
AMZN,188.66,2024-11-01,182.50,-3.27%,3.45,179.05,5.37%,209,661,48.04%,0.323996,65.47%,1.9%,63.9%,"12:59 ET"
AMZN,188.66,2024-11-01,180.00,-4.59%,2.64,177.36,6.37%,1031,3549,47.95%,0.266541,71.38%,1.5%,49.4%,"13:04 ET"
AMZN,188.66,2024-11-01,177.50,-5.92%,1.99,175.51,7.49%,603,1019,48.01%,0.21455,76.78%,1.1%,37.6%,"13:08 ET"
AMZN,188.66,2024-11-01,175.00,-7.24%,1.46,173.54,8.71%,1013,4416,48.07%,0.168516,81.61%,0.8%,27.9%,"13:11 ET"
AMZN,188.66,2024-11-01,172.50,-8.57%,1.07,171.43,10.05%,592,589,48.64%,0.13131,85.55%,0.6%,20.7%,"13:08 ET"
AMZN,188.66,2024-11-01,170.00,-9.89%,0.77,169.23,11.48%,1016,4139,49.13%,0.100041,88.90%,0.5%,15.1%,"13:06 ET"
AMZN,188.66,2024-11-01,165.00,-12.54%,0.4,164.6,14.62%,561,2161,50.56%,0.056183,93.66%,0.2%,8.1%,"13:02 ET"
AMZN,188.66,2024-11-01,160.00,-15.19%,0.23,159.77,18.08%,111,4511,53.26%,0.032544,96.26%,0.1%,4.8%,"12:58 ET"
AMZN,188.66,2024-11-01,150.00,-20.49%,0.09,149.91,25.85%,175,808,60.80%,0.012559,98.51%,0.1%,2.0%,"11:14 ET"
AMZN,188.66,2024-11-29,170.00,-9.89%,2.03,167.97,12.32%,164,1573,36.29%,0.164029,81.00%,1.2%,11.3%,"13:09 ET"
AMZN,188.66,2025-01-17,185.00,-1.94%,8.5,176.5,6.89%,177,17489,30.52%,0.395867,55.20%,4.8%,20.0%,"13:10 ET"
AMZN,188.66,2025-01-17,180.00,-4.59%,6.55,173.45,8.77%,201,22158,30.87%,0.327141,62.17%,3.8%,15.7%,"12:05 ET"
AMZN,188.66,2025-01-17,175.00,-7.24%,4.95,170.05,10.94%,799,13976,31.29%,0.264325,68.77%,2.9%,12.1%,"12:45 ET"
AMZN,188.66,2025-01-17,170.00,-9.89%,3.7,166.3,13.45%,231,18361,32.06%,0.210287,74.59%,2.2%,9.2%,"12:48 ET"
AMZN,188.66,2025-01-17,165.00,-12.54%,2.75,162.25,16.28%,200,15412,32.52%,0.162385,79.94%,1.7%,7.0%,"13:10 ET"
AMZN,188.66,2025-01-17,160.00,-15.19%,2.01,157.99,19.41%,662,13841,33.29%,0.12401,84.33%,1.3%,5.3%,"12:46 ET"
AMZN,188.66,2025-01-17,85.00,-54.95%,0.06,84.94,122.11%,700,14001,63.70%,0.003063,99.46%,0.1%,0.3%,"12:31 ET"
AMZN,188.66,2024-12-20,185.00,-1.94%,7.4,177.6,6.23%,730,7208,32.18%,0.396227,55.97%,4.2%,25.3%,"13:03 ET"
AMZN,188.66,2024-12-20,180.00,-4.59%,5.5,174.5,8.11%,426,9152,32.97%,0.319689,63.74%,3.2%,19.2%,"13:08 ET"
AMZN,188.66,2024-12-20,175.00,-7.24%,4,171,10.33%,221,8769,33.33%,0.249765,71.10%,2.3%,14.2%,"13:08 ET"
AMZN,188.66,2024-12-20,170.00,-9.89%,2.85,167.15,12.87%,460,11060,33.84%,0.189425,77.61%,1.7%,10.4%,"12:56 ET"
AMZN,188.66,2024-12-20,165.00,-12.54%,2,163,15.74%,227,9660,34.50%,0.139998,83.10%,1.2%,7.5%,"13:00 ET"
AMZN,188.66,2024-12-20,160.00,-15.19%,1.38,158.62,18.94%,357,17644,35.44%,0.101995,87.42%,0.9%,5.3%,"12:31 ET"
AMZN,188.66,2024-12-20,155.00,-17.84%,0.97,154.03,22.48%,631,6107,36.73%,0.074297,90.65%,0.6%,3.8%,"12:47 ET"
AMZN,188.66,2024-12-20,110.00,-41.69%,0.08,109.92,71.63%,120,1030,56.34%,0.006043,99.09%,0.1%,0.4%,"09:41 ET"
ANET,405.83,2024-11-15,360.00,-11.29%,6.5,353.5,14.80%,1441,551,58.21%,0.184241,78.42%,1.8%,26.8%,"12:31 ET"
ANF,159.46,2024-11-01,145.00,-9.07%,0.95,144.05,10.70%,253,549,52.50%,0.131433,85.15%,0.7%,21.9%,"12:59 ET"
APA,25.22,2024-12-20,22.50,-10.79%,0.76,21.74,16.01%,128,4892,48.76%,0.241514,71.81%,3.5%,21.3%,"12:43 ET"
APH,67.13,2024-11-15,65.00,-3.17%,1.6,63.4,5.88%,943,9654,38.12%,0.343177,62.67%,2.5%,36.8%,"13:11 ET"
APH,67.13,2024-11-15,55.00,-18.07%,0.15,54.85,22.39%,397,6610,48.47%,0.048407,94.19%,0.3%,4.0%,"13:07 ET"
APP,155.15,2024-11-01,140.00,-9.76%,0.6,139.4,11.30%,137,645,51.39%,0.095622,87.53%,0.4%,14.3%,"11:51 ET"
APP,155.15,2024-11-15,120.00,-22.66%,1.3,118.7,30.71%,903,1033,80.65%,0.084195,88.82%,1.1%,16.0%,"13:10 ET"
APP,155.15,2025-01-17,130.00,-16.21%,5.1,124.9,24.22%,422,1168,55.42%,0.196395,74.21%,4.1%,16.9%,"12:18 ET"
APP,155.15,2025-01-17,120.00,-22.66%,2.9,117.1,32.49%,1185,2428,55.52%,0.125363,82.70%,2.5%,10.3%,"13:11 ET"
APP,155.15,2025-01-17,115.00,-25.88%,2.05,112.95,37.36%,123,1071,55.27%,0.095133,86.51%,1.8%,7.5%,"12:50 ET"
ARLP,25.14,2024-11-15,22.50,-10.50%,0.2,22.3,12.74%,352,1768,43.44%,0.157915,83.54%,0.9%,13.1%,"12:33 ET"
ARM,150.69,2024-11-08,120.00,-20.37%,1.67,118.33,27.35%,273,513,91.94%,0.107991,86.77%,1.4%,28.6%,"13:04 ET"
ARM,150.69,2024-12-20,130.00,-13.73%,6.75,123.25,22.26%,230,4844,67.90%,0.240179,70.42%,5.5%,33.3%,"10:37 ET"
ARM,150.69,2024-12-20,110.00,-27.00%,2.47,107.53,40.14%,232,3119,71.96%,0.104566,85.96%,2.3%,14.0%,"12:19 ET"
ASML,711.48,2024-11-15,650.00,-8.64%,8.6,641.4,10.93%,224,620,43.09%,0.188316,78.86%,1.3%,19.6%,"12:50 ET"
ASML,711.48,2024-12-20,640.00,-10.05%,15,625,13.84%,568,1270,39.33%,0.216455,74.66%,2.4%,14.6%,"13:05 ET"
ASML,711.48,2024-12-20,600.00,-15.67%,7.6,592.4,20.10%,119,1009,40.70%,0.123927,84.91%,1.3%,7.8%,"13:07 ET"
ASTS,27.45,2024-11-15,25.00,-8.93%,2.3,22.7,20.93%,168,19141,124.78%,0.325912,61.27%,10.1%,147.9%,"13:08 ET"
AVGO,179.4,2024-12-20,174.00,-3.01%,9.55,164.45,9.09%,154,1170,44.55%,0.382267,56.72%,5.8%,35.3%,"12:56 ET"
AVGO,179.4,2024-12-20,170.00,-5.24%,7.95,162.05,10.71%,111,3547,44.92%,0.334716,61.62%,4.9%,29.8%,"12:36 ET"
AVGO,179.4,2024-12-20,162.00,-9.70%,5.35,156.65,14.52%,379,1232,45.85%,0.247329,70.84%,3.4%,20.8%,"12:55 ET"
AVGO,179.4,2024-12-20,160.00,-10.81%,4.8,155.2,15.59%,119,6816,46.09%,0.227531,72.99%,3.1%,18.8%,"13:11 ET"
AVGO,179.4,2024-12-20,150.00,-16.39%,2.77,147.23,21.85%,243,4377,47.63%,0.143639,82.30%,1.9%,11.4%,"13:10 ET"
AVGO,179.4,2024-12-20,145.00,-19.18%,2.06,142.94,25.51%,394,1669,48.66%,0.111641,85.97%,1.4%,8.8%,"12:47 ET"
AVGO,179.4,2025-01-17,172.00,-4.12%,10.4,161.6,11.01%,136,807,42.67%,0.362546,57.97%,6.4%,26.7%,"12:29 ET"
AVGO,179.4,2025-01-17,125.00,-30.32%,1,124,44.68%,1807,5615,49.77%,0.050029,93.03%,0.8%,3.3%,"13:01 ET"
AVGO,179.4,2024-11-08,160.00,-10.81%,1.13,158.87,12.92%,151,1479,47.20%,0.118789,86.26%,0.7%,14.4%,"12:37 ET"
AVGO,179.4,2024-11-08,155.00,-13.60%,0.67,154.33,16.24%,156,579,48.71%,0.074765,91.17%,0.4%,8.8%,"13:03 ET"
AVGO,179.4,2024-11-15,175.00,-2.45%,5.5,169.5,5.84%,413,2153,42.72%,0.375859,58.79%,3.2%,47.4%,"12:56 ET"
AVGO,179.4,2024-11-15,172.00,-4.12%,4.45,167.55,7.07%,106,1071,43.31%,0.320383,64.49%,2.7%,38.8%,"13:07 ET"
AVGO,179.4,2024-11-15,170.00,-5.24%,3.8,166.2,7.94%,161,6154,43.46%,0.284844,68.19%,2.3%,33.4%,"12:56 ET"
AVGO,179.4,2024-11-15,165.00,-8.03%,2.53,162.47,10.42%,122,2383,44.25%,0.20646,76.50%,1.6%,22.7%,"12:48 ET"
AVGO,179.4,2024-11-15,160.00,-10.81%,1.64,158.36,13.29%,219,4132,45.34%,0.144217,83.26%,1.0%,15.1%,"12:56 ET"
AVGO,179.4,2024-11-15,158.00,-11.93%,1.37,156.63,14.54%,157,1401,45.85%,0.123833,85.51%,0.9%,12.8%,"12:29 ET"
AVGO,179.4,2024-11-15,155.00,-13.60%,1.05,153.95,16.53%,211,2549,46.74%,0.097997,88.40%,0.7%,10.0%,"12:46 ET"
AVGO,179.4,2024-11-15,154.00,-14.16%,0.96,153.04,17.22%,1319,2535,47.01%,0.090281,89.27%,0.6%,9.2%,"12:48 ET"
AVGO,179.4,2024-11-15,145.00,-19.18%,0.43,144.57,24.09%,352,3414,50.40%,0.043228,94.67%,0.3%,4.3%,"12:59 ET"
AVGO,179.4,2024-11-01,175.00,-2.45%,2.93,172.07,4.26%,358,1575,41.13%,0.334572,63.60%,1.7%,56.5%,"13:01 ET"
AVGO,179.4,2024-11-01,170.00,-5.24%,1.56,168.44,6.51%,428,1536,42.33%,0.208321,76.80%,0.9%,30.7%,"13:07 ET"
AVGO,179.4,2024-11-01,165.00,-8.03%,0.78,164.22,9.24%,275,957,43.23%,0.116054,86.75%,0.5%,15.8%,"13:11 ET"
AXP,271.07,2024-11-15,260.00,-4.08%,3.05,256.95,5.50%,751,2434,27.88%,0.261912,71.61%,1.2%,17.3%,"12:48 ET"
AXP,271.07,2024-11-15,250.00,-7.77%,1.37,248.63,9.03%,405,954,29.84%,0.134755,84.99%,0.6%,8.0%,"13:11 ET"
AXP,271.07,2024-12-20,250.00,-7.77%,3.25,246.75,9.86%,349,2631,26.30%,0.193733,77.60%,1.3%,8.0%,"12:56 ET"
AZN,77.8,2024-11-15,70.00,-10.03%,0.36,69.64,11.72%,3020,1865,34.73%,0.109834,87.74%,0.5%,7.5%,"12:35 ET"
AZN,77.8,2025-01-17,70.00,-10.03%,0.93,69.07,12.64%,180,4865,25.71%,0.172037,79.87%,1.3%,5.6%,"11:30 ET"
BA,160.04,2025-01-17,155.00,-3.15%,8.75,146.25,9.43%,262,5646,36.55%,0.391189,57.08%,6.0%,24.8%,"13:08 ET"
BA,160.04,2025-01-17,150.00,-6.27%,6.8,143.2,11.76%,111,7064,37.08%,0.324833,63.90%,4.7%,19.7%,"13:09 ET"
BA,160.04,2025-01-17,145.00,-9.40%,5.15,139.85,14.44%,601,7420,37.64%,0.26335,70.33%,3.7%,15.3%,"11:41 ET"
BA,160.04,2025-01-17,140.00,-12.52%,3.85,136.15,17.55%,646,10251,38.15%,0.207858,76.24%,2.8%,11.7%,"12:59 ET"
BA,160.04,2025-01-17,130.00,-18.77%,2.03,127.97,25.06%,1091,6568,40.09%,0.123102,85.45%,1.6%,6.6%,"13:11 ET"
BA,160.04,2025-01-17,120.00,-25.02%,1.02,118.98,34.51%,645,2641,41.85%,0.065763,91.94%,0.9%,3.6%,"13:11 ET"
BA,160.04,2025-01-17,100.00,-37.52%,0.29,99.71,60.51%,187,1325,49.19%,0.019181,97.42%,0.3%,1.2%,"11:41 ET"
BA,160.04,2024-11-01,155.00,-3.15%,2.94,152.06,5.25%,557,1472,47.72%,0.334495,65.03%,1.9%,64.2%,"13:05 ET"
BA,160.04,2024-11-01,150.00,-6.27%,1.57,148.43,7.82%,1193,4274,49.31%,0.212038,77.54%,1.1%,35.1%,"13:09 ET"
BA,160.04,2024-11-01,145.00,-9.40%,0.8,144.2,10.98%,564,1457,50.12%,0.119509,87.17%,0.6%,18.4%,"12:58 ET"
BA,160.04,2024-11-01,140.00,-12.52%,0.39,139.61,14.63%,256,1690,51.62%,0.062126,93.23%,0.3%,9.3%,"13:11 ET"
BA,160.04,2024-11-01,135.00,-15.65%,0.2,134.8,18.72%,167,4431,54.76%,0.033128,96.33%,0.1%,4.9%,"12:55 ET"
BA,160.04,2024-11-15,155.00,-3.15%,4.75,150.25,6.52%,415,3703,43.14%,0.366502,61.16%,3.2%,46.2%,"13:09 ET"
BA,160.04,2024-11-15,150.00,-6.27%,3.1,146.9,8.94%,5593,6005,44.06%,0.26748,71.29%,2.1%,30.8%,"13:08 ET"
BA,160.04,2024-11-15,145.00,-9.40%,1.85,143.15,11.80%,502,12036,44.88%,0.184172,79.96%,1.3%,18.9%,"13:08 ET"
BA,160.04,2024-11-15,140.00,-12.52%,1.15,138.85,15.26%,890,12110,45.79%,0.119645,86.79%,0.8%,12.1%,"13:08 ET"
BA,160.04,2024-11-15,135.00,-15.65%,0.67,134.33,19.14%,457,6220,47.05%,0.074419,91.65%,0.5%,7.3%,"13:11 ET"
BA,160.04,2024-11-15,130.00,-18.77%,0.4,129.6,23.49%,427,4188,49.03%,0.046064,94.74%,0.3%,4.5%,"13:10 ET"
BA,160.04,2024-11-15,125.00,-21.89%,0.25,124.75,28.29%,297,2770,52.56%,0.031072,96.38%,0.2%,2.9%,"13:06 ET"
BA,160.04,2024-11-15,120.00,-25.02%,0.15,119.85,33.53%,159,2351,53.98%,0.017494,97.92%,0.1%,1.8%,"12:48 ET"
BA,160.04,2024-12-20,155.00,-3.15%,7.25,147.75,8.32%,119,1551,38.01%,0.3859,58.22%,4.9%,29.9%,"12:44 ET"
BA,160.04,2024-12-20,150.00,-6.27%,5.35,144.65,10.64%,256,1559,38.66%,0.309808,66.03%,3.7%,22.5%,"12:43 ET"
BA,160.04,2024-12-20,145.00,-9.40%,3.9,141.1,13.42%,262,1435,39.60%,0.242226,73.06%,2.8%,16.8%,"13:04 ET"
BA,160.04,2024-12-20,140.00,-12.52%,2.68,137.32,16.55%,152,1615,40.16%,0.182265,79.44%,2.0%,11.9%,"13:11 ET"
BA,160.04,2024-12-20,135.00,-15.65%,1.83,133.17,20.18%,127,1658,40.77%,0.132354,84.84%,1.4%,8.4%,"13:06 ET"
BA,160.04,2024-12-20,130.00,-18.77%,1.26,128.74,24.31%,216,1842,41.99%,0.095246,88.90%,1.0%,6.0%,"12:52 ET"
BA,160.04,2024-12-20,125.00,-21.89%,0.87,124.13,28.93%,117,1831,43.43%,0.067579,91.97%,0.7%,4.3%,"13:03 ET"
BA,160.04,2024-11-08,140.00,-12.52%,0.77,139.23,14.95%,160,616,47.86%,0.09478,89.59%,0.6%,11.2%,"12:59 ET"
BABA,100.45,2024-11-15,97.50,-2.94%,3,94.5,6.30%,154,8583,42.14%,0.373976,60.65%,3.2%,46.3%,"13:06 ET"
BABA,100.45,2024-11-15,95.00,-5.43%,2.09,92.91,8.12%,593,12660,42.14%,0.289012,69.35%,2.2%,32.8%,"13:08 ET"
BABA,100.45,2024-11-15,87.50,-12.89%,0.56,86.94,15.54%,192,791,43.69%,0.104077,88.63%,0.6%,9.4%,"12:32 ET"
BABA,100.45,2024-11-15,85.00,-15.38%,0.37,84.63,18.69%,4528,6156,44.77%,0.069631,92.30%,0.4%,6.4%,"12:17 ET"
BABA,100.45,2024-11-15,80.00,-20.36%,0.17,79.83,25.83%,409,2561,49.15%,0.033722,96.16%,0.2%,3.1%,"12:30 ET"
BABA,100.45,2024-11-01,98.00,-2.44%,1.59,96.41,4.19%,841,5173,38.99%,0.346316,64.24%,1.6%,54.7%,"12:58 ET"
BABA,100.45,2024-11-01,97.00,-3.43%,1.25,95.75,4.91%,577,3090,38.64%,0.290796,69.88%,1.3%,43.3%,"12:24 ET"
BABA,100.45,2024-11-01,95.00,-5.43%,0.76,94.24,6.59%,246,3684,38.84%,0.19566,79.60%,0.8%,26.8%,"13:09 ET"
BABA,100.45,2024-11-01,90.00,-10.40%,0.21,89.79,11.87%,144,2183,42.37%,0.063455,93.23%,0.2%,7.8%,"12:46 ET"
BABA,100.45,2024-12-20,90.00,-10.40%,1.86,88.14,13.97%,524,5067,36.17%,0.207553,77.31%,2.1%,12.8%,"13:06 ET"
BABA,100.45,2024-12-20,85.00,-15.38%,0.92,84.08,19.47%,1162,1553,37.33%,0.120803,86.51%,1.1%,6.7%,"12:35 ET"
BABA,100.45,2024-12-20,80.00,-20.36%,0.44,79.56,26.26%,165,3716,38.50%,0.063301,92.76%,0.6%,3.4%,"12:54 ET"
BABA,100.45,2025-01-17,90.00,-10.40%,2.39,87.61,14.66%,112,9160,33.83%,0.230791,74.58%,2.7%,11.3%,"12:22 ET"
BAC,41.9,2025-01-17,41.00,-2.15%,1.43,39.57,5.89%,131,17861,24.51%,0.382577,57.16%,3.6%,15.0%,"12:32 ET"
BAC,41.9,2025-01-17,40.00,-4.53%,1.09,38.91,7.68%,444,16358,25.17%,0.309896,64.64%,2.8%,11.6%,"12:23 ET"
BAC,41.9,2025-01-17,39.00,-6.92%,0.82,38.18,9.74%,483,31952,25.88%,0.246319,71.38%,2.1%,8.9%,"13:11 ET"
BAC,41.9,2025-01-17,38.00,-9.31%,0.61,37.39,12.06%,276,28504,26.65%,0.192274,77.23%,1.6%,6.8%,"12:28 ET"
BAC,41.9,2024-11-01,41.00,-2.15%,0.25,40.75,2.82%,998,3048,22.35%,0.25945,71.22%,0.6%,20.4%,"13:07 ET"
BAC,41.9,2024-11-01,40.00,-4.53%,0.11,39.89,5.04%,360,1220,25.32%,0.127869,85.45%,0.3%,9.2%,"13:04 ET"
BAC,41.9,2024-11-08,40.00,-4.53%,0.28,39.72,5.49%,205,1055,27.66%,0.201886,77.50%,0.7%,14.3%,"12:41 ET"
BAC,41.9,2024-12-20,41.00,-2.15%,1.09,39.91,4.99%,162,1935,24.11%,0.37198,58.79%,2.7%,16.6%,"12:57 ET"
BAC,41.9,2024-12-20,40.00,-4.53%,0.77,39.23,6.81%,246,7735,24.55%,0.283602,67.95%,2.0%,11.9%,"12:54 ET"
BAC,41.9,2024-12-20,39.00,-6.92%,0.54,38.46,8.94%,134,3600,25.35%,0.2105,75.74%,1.4%,8.5%,"13:02 ET"
BAC,41.9,2024-12-20,33.00,-21.24%,0.1,32.9,27.36%,380,1484,36.35%,0.04145,94.74%,0.3%,1.8%,"11:57 ET"
BAC,41.9,2024-11-15,41.00,-2.15%,0.64,40.36,3.82%,535,4350,25.13%,0.339434,62.94%,1.6%,23.2%,"12:50 ET"
BAC,41.9,2024-11-15,40.00,-4.53%,0.37,39.63,5.73%,561,8342,26.41%,0.225038,74.90%,0.9%,13.6%,"13:11 ET"
BAC,41.9,2024-11-15,39.00,-6.92%,0.22,38.78,8.05%,495,7667,27.61%,0.140826,83.96%,0.6%,8.3%,"12:42 ET"
BAC,41.9,2024-11-15,36.00,-14.08%,0.08,35.92,16.65%,6328,9275,37.29%,0.050545,94.00%,0.2%,3.3%,"12:37 ET"
BBY,93.44,2024-11-15,90.00,-3.68%,1.55,88.45,5.64%,141,636,30.96%,0.309515,67.83%,1.8%,25.6%,"12:36 ET"
BFH,50.01,2024-12-20,37.50,-25.01%,0.85,36.65,36.45%,453,1679,67.50%,0.11314,85.36%,2.3%,14.1%,"12:59 ET"
BHP,56.34,2024-11-15,50.00,-11.25%,0.15,49.85,13.02%,460,824,33.85%,0.087786,91.11%,0.3%,4.4%,"12:07 ET"
BIDU,91.43,2024-11-15,85.00,-7.03%,1.53,83.47,9.54%,107,7628,44.06%,0.235571,73.64%,1.8%,26.8%,"13:08 ET"
BIDU,91.43,2024-11-15,80.00,-12.50%,0.57,79.43,15.11%,252,1643,44.67%,0.108946,87.34%,0.7%,10.5%,"13:08 ET"
BIDU,91.43,2024-12-20,90.00,-1.56%,5.1,84.9,7.69%,124,2422,42.44%,0.414324,53.65%,6.0%,36.5%,"12:45 ET"
BIDU,91.43,2024-12-20,85.00,-7.03%,3,82,11.50%,163,3841,42.20%,0.289639,66.50%,3.7%,22.3%,"12:42 ET"
BIDU,91.43,2024-12-20,80.00,-12.50%,1.61,78.39,16.63%,135,2334,41.61%,0.178347,78.57%,2.1%,12.5%,"13:03 ET"
BIDU,91.43,2025-01-17,85.00,-7.03%,3.75,81.25,12.53%,226,6292,40.64%,0.302776,64.26%,4.6%,19.1%,"11:44 ET"
BJ,86.22,2024-11-15,85.00,-1.41%,1.7,83.3,3.51%,370,1414,28.05%,0.396828,57.70%,2.0%,29.8%,"12:34 ET"
BMY,52.44,2025-01-17,40.00,-23.72%,0.17,39.83,31.66%,100,20705,35.08%,0.047432,94.20%,0.4%,1.8%,"12:58 ET"
BMY,52.44,2024-11-15,50.00,-4.65%,0.79,49.21,6.56%,165,4952,33.08%,0.273746,70.89%,1.6%,23.4%,"11:59 ET"
BMY,52.44,2024-11-15,45.00,-14.19%,0.14,44.86,16.90%,3599,1973,38.78%,0.05884,93.41%,0.3%,4.6%,"10:59 ET"
BP,31.51,2024-12-20,30.00,-4.79%,0.79,29.21,7.87%,148,3857,28.78%,0.313182,66.31%,2.7%,16.5%,"12:25 ET"
BRK.B,462.86,2024-11-15,450.00,-2.78%,3.9,446.1,3.76%,144,1542,20.36%,0.261548,70.15%,0.9%,12.8%,"12:41 ET"
BRK.B,462.86,2024-11-15,440.00,-4.94%,2.28,437.72,5.74%,121,1365,21.95%,0.161072,81.10%,0.5%,7.6%,"12:43 ET"
BSX,88.47,2025-01-17,87.50,-1.10%,3.5,84,5.32%,366,864,26.02%,0.414999,53.44%,4.2%,17.3%,"12:25 ET"
BSX,88.47,2025-01-17,75.00,-15.23%,0.75,74.25,19.15%,365,2806,31.43%,0.112034,85.77%,1.0%,4.2%,"12:25 ET"
C,61.99,2024-11-15,60.00,-3.21%,1.13,58.87,5.30%,692,15692,32.34%,0.318852,65.01%,1.9%,28.0%,"12:59 ET"
C,61.99,2024-11-15,57.50,-7.24%,0.52,56.98,8.79%,128,7534,33.34%,0.171748,80.56%,0.9%,13.3%,"13:07 ET"
C,61.99,2024-11-01,61.00,-1.60%,0.57,60.43,2.58%,182,535,24.81%,0.320091,64.57%,0.9%,31.3%,"13:07 ET"
C,61.99,2025-01-17,60.00,-3.21%,2.21,57.79,7.27%,202,30608,27.41%,0.360885,59.58%,3.8%,15.9%,"12:54 ET"
C,61.99,2025-01-17,57.50,-7.24%,1.41,56.09,10.52%,171,13028,28.22%,0.255413,70.63%,2.5%,10.4%,"13:10 ET"
C,61.99,2025-01-17,55.00,-11.28%,0.88,54.12,14.54%,127,33375,29.30%,0.171588,79.72%,1.6%,6.7%,"13:08 ET"
C,61.99,2024-12-20,60.00,-3.21%,1.72,58.28,6.37%,130,10991,27.66%,0.347386,61.44%,3.0%,18.0%,"12:22 ET"
C,61.99,2024-12-20,55.00,-11.28%,0.56,54.44,13.87%,257,35019,30.13%,0.139478,83.63%,1.0%,6.3%,"12:48 ET"
CART,42.64,2024-11-15,39.00,-8.54%,0.85,38.15,11.77%,109,7123,54.32%,0.236078,73.49%,2.2%,32.5%,"12:01 ET"
CAT,390.89,2024-11-15,340.00,-13.02%,1.29,338.71,15.41%,206,985,39.77%,0.077357,90.99%,0.4%,5.6%,"10:50 ET"
CAVA,135.17,2024-12-20,100.00,-26.02%,1.8,98.2,37.65%,215,786,65.58%,0.09597,87.15%,1.8%,11.2%,"13:08 ET"
CAVA,135.17,2024-12-20,85.00,-37.12%,0.6,84.4,60.15%,204,554,72.67%,0.039461,94.23%,0.7%,4.3%,"12:24 ET"
CBRL,49.69,2024-11-15,42.50,-14.47%,0.5,42,18.31%,116,563,62.32%,0.125073,83.10%,1.2%,17.4%,"12:05 ET"
CCJ,58.05,2024-11-15,55.00,-5.25%,1.81,53.19,9.14%,135,1593,53.27%,0.322381,65.07%,3.4%,49.7%,"13:01 ET"
CCJ,58.05,2024-11-15,46.00,-20.76%,0.21,45.79,26.77%,2506,6392,58.62%,0.054952,93.53%,0.5%,6.7%,"11:46 ET"
CCJ,58.05,2024-11-15,45.00,-22.48%,0.17,44.83,29.49%,182,6859,61.09%,0.046689,94.44%,0.4%,5.5%,"12:53 ET"
CCJ,58.05,2024-11-08,55.00,-5.25%,1.55,53.45,8.61%,2625,2569,57.12%,0.312697,66.48%,2.9%,58.8%,"12:49 ET"
CCJ,58.05,2024-12-20,55.00,-5.25%,2.89,52.11,11.40%,104,895,47.72%,0.346108,60.99%,5.5%,33.7%,"13:08 ET"
CCJ,58.05,2024-12-20,50.00,-13.87%,1.29,48.71,19.17%,173,945,48.60%,0.189834,77.56%,2.6%,16.1%,"12:42 ET"
CCL,21.25,2024-11-15,21.00,-1.18%,0.77,20.23,5.04%,220,5943,41.27%,0.433278,54.36%,3.8%,55.6%,"12:30 ET"
CEG,271.76,2024-11-15,240.00,-11.69%,4.7,235.3,15.50%,115,1901,60.90%,0.189992,78.22%,2.0%,29.2%,"13:00 ET"
CELH,32.16,2024-11-15,30.00,-6.72%,1.74,28.26,13.80%,963,11464,85.37%,0.328656,62.22%,6.2%,89.9%,"13:11 ET"
CELH,32.16,2024-11-15,25.00,-22.26%,0.38,24.62,30.63%,109,10660,88.44%,0.110316,86.17%,1.5%,22.5%,"12:38 ET"
CELH,32.16,2024-11-15,22.50,-30.04%,0.19,22.31,44.15%,649,23701,93.42%,0.054423,92.80%,0.9%,12.4%,"12:45 ET"
CELH,32.16,2024-11-01,30.00,-6.72%,0.59,29.41,9.35%,296,2052,67.88%,0.249641,72.24%,2.0%,66.6%,"12:58 ET"
CELH,32.16,2024-11-01,29.00,-9.83%,0.32,28.68,12.13%,189,7871,68.03%,0.168082,80.94%,1.1%,37.0%,"13:04 ET"
CELH,32.16,2024-11-01,28.00,-12.94%,0.21,27.79,15.73%,280,968,71.97%,0.115691,86.62%,0.8%,25.1%,"12:46 ET"
CELH,32.16,2025-01-17,30.00,-6.72%,3.25,26.75,20.22%,136,6572,73.40%,0.343295,57.65%,12.1%,50.4%,"13:03 ET"
CHD,103.8,2024-11-15,95.00,-8.48%,0.6,94.4,9.96%,2201,6049,32.23%,0.131554,85.32%,0.6%,9.3%,"13:05 ET"
CHWY,27.87,2024-11-15,25.00,-10.30%,0.44,24.56,13.48%,270,1927,54.00%,0.193062,77.90%,1.8%,26.2%,"13:05 ET"
CL,99.47,2024-11-15,95.00,-4.49%,0.8,94.2,5.59%,299,1035,24.92%,0.221096,75.96%,0.8%,12.4%,"13:00 ET"
CLS,56.47,2024-11-15,52.50,-7.03%,2.1,50.4,12.04%,119,559,69.50%,0.298572,65.57%,4.2%,60.8%,"13:07 ET"
CMCSA,40.85,2025-01-17,40.00,-2.08%,1.56,38.44,6.27%,186,15900,25.87%,0.396754,56.57%,4.1%,16.8%,"12:50 ET"
CMCSA,40.85,2025-01-17,37.50,-8.20%,0.78,36.72,11.25%,138,14663,27.75%,0.232984,73.50%,2.1%,8.8%,"12:46 ET"
CMG,59.67,2024-12-20,50.00,-16.21%,0.5,49.5,20.55%,1337,7245,39.63%,0.110891,86.44%,1.0%,6.1%,"13:04 ET"
CMG,59.67,2024-12-20,40.00,-32.96%,0.1,39.9,49.55%,112,3174,53.22%,0.023119,96.81%,0.3%,1.5%,"10:52 ET"
CMG,59.67,2024-11-15,55.00,-7.83%,0.95,54.05,10.40%,180,5165,46.03%,0.225065,75.07%,1.8%,25.7%,"13:04 ET"
CMG,59.67,2024-11-01,57.00,-4.47%,1.15,55.85,6.84%,155,572,56.57%,0.301117,67.94%,2.1%,68.3%,"13:06 ET"
CMG,59.67,2024-11-01,56.00,-6.15%,0.85,55.15,8.20%,101,607,57.31%,0.243858,73.83%,1.5%,51.1%,"13:02 ET"
CMG,59.67,2025-01-17,52.00,-12.85%,1,51,17.00%,208,10108,35.30%,0.174698,78.64%,2.0%,8.1%,"13:01 ET"
COIN,211.81,2024-12-20,190.00,-10.30%,16.5,173.5,22.08%,122,666,83.81%,0.299848,62.54%,9.5%,57.9%,"13:02 ET"
COIN,211.81,2024-12-20,170.00,-19.74%,9.5,160.5,31.97%,138,1409,84.64%,0.198161,73.92%,5.9%,36.0%,"12:51 ET"
COIN,211.81,2024-12-20,160.00,-24.46%,6.95,153.05,38.39%,401,2771,85.62%,0.154441,79.05%,4.5%,27.6%,"12:30 ET"
COIN,211.81,2024-12-20,155.00,-26.82%,5.85,149.15,42.01%,333,642,86.06%,0.134506,81.46%,3.9%,23.9%,"12:11 ET"
COIN,211.81,2024-12-20,150.00,-29.18%,4.95,145.05,46.03%,440,1938,86.75%,0.116508,83.67%,3.4%,20.8%,"13:08 ET"
COIN,211.81,2024-12-20,135.00,-36.26%,2.83,132.17,60.26%,123,959,89.24%,0.072029,89.34%,2.1%,13.0%,"11:45 ET"
COIN,211.81,2024-11-15,200.00,-5.58%,14.55,185.45,14.21%,397,2414,97.01%,0.350226,58.94%,7.8%,114.5%,"13:08 ET"
COIN,211.81,2024-11-15,195.00,-7.94%,12.4,182.6,16.00%,231,1404,96.56%,0.313592,62.82%,6.8%,99.1%,"12:55 ET"
COIN,211.81,2024-11-15,190.00,-10.30%,10.6,179.4,18.07%,160,983,97.01%,0.278557,66.57%,5.9%,86.3%,"13:01 ET"
COIN,211.81,2024-11-15,180.00,-15.02%,7.4,172.6,22.72%,127,2596,97.77%,0.212973,73.76%,4.3%,62.6%,"13:05 ET"
COIN,211.81,2024-11-15,170.00,-19.74%,5.05,164.95,28.41%,161,2012,99.58%,0.157228,80.06%,3.1%,44.7%,"13:07 ET"
COIN,211.81,2024-11-15,160.00,-24.46%,3.25,156.75,35.13%,112,3320,101.75%,0.111633,85.39%,2.1%,30.3%,"13:02 ET"
COIN,211.81,2024-11-15,150.00,-29.18%,2.09,147.91,43.20%,113,2687,103.95%,0.075615,89.77%,1.4%,20.6%,"13:11 ET"
COIN,211.81,2024-11-15,145.00,-31.54%,1.67,143.33,47.78%,104,1133,104.93%,0.060835,91.62%,1.2%,17.0%,"12:49 ET"
COIN,211.81,2024-11-01,182.50,-13.84%,2.79,179.71,17.86%,198,755,94.84%,0.152105,81.72%,1.6%,51.5%,"13:11 ET"
COIN,211.81,2024-11-01,180.00,-15.02%,2.34,177.66,19.22%,338,1155,94.86%,0.133272,83.85%,1.3%,43.7%,"12:46 ET"
COIN,211.81,2024-11-01,175.00,-17.38%,1.69,173.31,22.21%,155,615,96.55%,0.103365,87.26%,1.0%,32.4%,"13:10 ET"
COIN,211.81,2024-11-01,170.00,-19.74%,1.23,168.77,25.50%,194,1112,97.49%,0.077303,90.31%,0.7%,24.2%,"12:48 ET"
COIN,211.81,2024-11-01,160.00,-24.46%,0.73,159.27,32.99%,184,936,104.03%,0.046417,93.98%,0.5%,15.2%,"13:03 ET"
COIN,211.81,2025-01-17,160.00,-24.46%,9.45,150.55,40.69%,342,2371,80.85%,0.172472,76.01%,6.3%,26.0%,"12:59 ET"
COIN,211.81,2025-01-17,155.00,-26.82%,8.1,146.9,44.19%,323,2553,81.56%,0.154079,78.22%,5.5%,22.9%,"12:03 ET"
COR,238.52,2024-11-15,220.00,-7.76%,1.2,218.8,9.01%,146,1202,29.65%,0.134625,85.12%,0.5%,8.0%,"12:44 ET"
CPRI,41.92,2024-11-15,30.00,-28.44%,3.3,26.7,57.00%,537,11020,216.21%,0.188031,72.28%,12.4%,180.4%,"13:05 ET"
CPRI,41.92,2024-11-15,25.00,-40.36%,1.65,23.35,79.53%,147,19083,220.18%,0.115831,81.51%,7.1%,103.2%,"13:08 ET"
CPRI,41.92,2024-12-20,30.00,-28.44%,3.8,26.2,60.00%,502,1197,152.49%,0.193047,70.58%,14.5%,88.2%,"12:49 ET"
CRH,92.45,2024-11-15,90.00,-2.65%,2.45,87.55,5.60%,1162,2249,39.02%,0.365195,60.37%,2.8%,40.9%,"12:24 ET"
CRI,66.99,2024-11-15,65.00,-2.97%,2.1,62.9,6.50%,188,5963,43.16%,0.375393,60.53%,3.3%,48.7%,"13:02 ET"
CRM,291.02,2024-11-15,280.00,-3.79%,3.65,276.35,5.31%,328,1227,28.54%,0.271183,69.74%,1.3%,19.3%,"12:02 ET"
CRM,291.02,2024-11-15,260.00,-10.66%,0.9,259.1,12.32%,215,2402,33.08%,0.0816,90.35%,0.3%,5.1%,"12:57 ET"
CRWD,308.67,2025-01-17,300.00,-2.81%,20.85,279.15,10.58%,115,2714,45.03%,0.38647,55.13%,7.5%,31.0%,"10:20 ET"
CRWD,308.67,2024-12-20,260.00,-15.77%,5.85,254.15,21.45%,205,1027,50.54%,0.162271,79.88%,2.3%,14.0%,"11:24 ET"
CRWD,308.67,2024-11-01,300.00,-2.81%,4.25,295.75,4.37%,103,1260,39.22%,0.307784,66.22%,1.4%,47.7%,"13:01 ET"
CRWD,308.67,2024-11-15,300.00,-2.81%,8.8,291.2,6.00%,124,999,42.18%,0.360498,60.18%,3.0%,44.1%,"12:43 ET"
CRWD,308.67,2024-11-15,280.00,-9.29%,3.6,276.4,11.68%,234,1610,45.20%,0.1772,79.50%,1.3%,19.0%,"13:05 ET"
CRWD,308.67,2024-11-15,240.00,-22.25%,0.42,239.58,28.84%,107,3229,54.64%,0.030914,96.08%,0.2%,2.6%,"12:57 ET"
CSCO,56.97,2024-12-20,55.00,-3.46%,1.11,53.89,5.72%,1449,2936,22.28%,0.319889,65.16%,2.1%,12.5%,"13:00 ET"
CSCO,56.97,2024-12-20,50.00,-12.23%,0.31,49.69,14.65%,252,3454,27.19%,0.102263,88.18%,0.6%,3.8%,"12:59 ET"
CSCO,56.97,2024-11-15,55.00,-3.46%,0.79,54.21,5.09%,205,2684,27.90%,0.296678,68.51%,1.5%,21.3%,"12:51 ET"
CSCO,56.97,2024-11-15,52.50,-7.85%,0.32,52.18,9.18%,153,5954,30.28%,0.138791,84.88%,0.6%,9.0%,"12:42 ET"
CSCO,56.97,2024-11-15,50.00,-12.23%,0.13,49.87,14.24%,172,13393,33.15%,0.059189,93.38%,0.3%,3.8%,"13:10 ET"
CSCO,56.97,2024-11-01,56.00,-1.70%,0.29,55.71,2.26%,379,1045,18.11%,0.282983,70.75%,0.5%,17.3%,"12:51 ET"
CSCO,56.97,2025-01-17,50.00,-12.23%,0.45,49.55,14.97%,138,26638,25.44%,0.125801,85.19%,0.9%,3.8%,"10:56 ET"
CSGP,77.61,2024-11-15,75.00,-3.36%,2.25,72.75,6.68%,406,541,45.47%,0.349477,61.31%,3.1%,45.2%,"13:04 ET"
CTAS,211.99,2025-01-17,195.00,-8.01%,3,192,10.41%,1071,526,24.86%,0.207784,75.32%,1.6%,6.5%,"11:33 ET"
CVNA,190.78,2024-11-15,180.00,-5.65%,10.85,169.15,12.79%,216,789,84.20%,0.346919,60.41%,6.4%,93.7%,"12:11 ET"
CVNA,190.78,2024-11-01,175.00,-8.27%,6.95,168.05,13.53%,543,594,107.74%,0.284233,67.78%,4.1%,137.2%,"13:04 ET"
CVS,58.19,2024-11-15,55.00,-5.48%,1.23,53.77,8.22%,242,11319,43.82%,0.288077,68.85%,2.3%,33.4%,"13:04 ET"
CVS,58.19,2024-11-15,50.00,-14.07%,0.36,49.64,17.22%,5929,3288,48.10%,0.10082,88.59%,0.7%,10.6%,"13:06 ET"
CVS,58.19,2024-11-01,53.00,-8.92%,0.13,52.87,10.06%,208,550,38.98%,0.076816,91.63%,0.2%,8.2%,"12:46 ET"
CVS,58.19,2025-01-17,57.50,-1.19%,3.05,54.45,6.87%,247,8280,30.97%,0.431174,53.13%,5.6%,23.2%,"13:11 ET"
CVS,58.19,2025-01-17,55.00,-5.48%,2.12,52.88,10.04%,280,8071,32.09%,0.324754,63.98%,4.0%,16.6%,"13:11 ET"
CVX,150.83,2025-01-17,140.00,-7.18%,2.64,137.36,9.81%,119,15183,24.43%,0.239701,73.28%,1.9%,8.0%,"12:52 ET"
CVX,150.83,2025-01-17,130.00,-13.81%,1.05,128.95,16.97%,191,4749,26.32%,0.107746,87.50%,0.8%,3.4%,"11:24 ET"
CVX,150.83,2024-11-15,145.00,-3.87%,1.65,143.35,5.22%,581,3985,26.17%,0.264262,71.76%,1.2%,16.8%,"12:57 ET"
CVX,150.83,2024-12-20,140.00,-7.18%,2.01,137.99,9.31%,110,5212,25.99%,0.217032,76.03%,1.5%,8.9%,"12:48 ET"
CVX,150.83,2024-12-20,125.00,-17.13%,0.4,124.6,21.05%,157,1774,29.80%,0.051115,94.00%,0.3%,2.0%,"12:06 ET"
CYTK,54.19,2024-11-15,50.00,-7.73%,1.3,48.7,11.27%,100,631,58.29%,0.273663,70.11%,2.7%,39.0%,"12:39 ET"
CZR,43.83,2024-12-20,32.00,-26.99%,0.2,31.8,37.83%,140,888,51.89%,0.051282,93.26%,0.6%,3.8%,"12:54 ET"
DAL,54.85,2025-01-17,50.00,-8.84%,1.78,48.22,13.75%,109,14508,38.03%,0.263588,69.00%,3.7%,15.3%,"10:58 ET"
DAL,54.85,2024-12-20,52.50,-4.28%,1.99,50.51,8.59%,103,697,36.48%,0.342366,61.64%,3.9%,24.0%,"12:52 ET"
DAL,54.85,2024-12-20,46.00,-16.13%,0.55,45.45,20.68%,200,1162,40.41%,0.116627,85.86%,1.2%,7.4%,"12:56 ET"
DAL,54.85,2024-11-01,54.00,-1.55%,0.92,53.08,3.33%,346,547,35.46%,0.381545,60.01%,1.7%,57.5%,"12:10 ET"
DAL,54.85,2024-11-15,52.50,-4.28%,1.06,51.44,6.63%,344,3227,37.14%,0.300547,67.38%,2.1%,30.1%,"13:00 ET"
DAL,54.85,2024-11-15,50.00,-8.84%,0.51,49.49,10.83%,187,10817,39.96%,0.168324,81.20%,1.0%,15.0%,"12:41 ET"
DASH,152,2024-11-15,145.00,-4.61%,4.8,140.2,8.42%,187,569,52.72%,0.328259,63.37%,3.4%,50.0%,"10:51 ET"
DDOG,125.98,2025-01-17,95.00,-24.59%,1.11,93.89,34.18%,1588,4078,46.15%,0.079017,89.35%,1.2%,4.9%,"12:18 ET"
DECK,158.92,2024-11-01,150.00,-5.61%,3.7,146.3,8.63%,1114,2206,73.20%,0.292929,67.53%,2.5%,83.9%,"12:46 ET"
DECK,158.92,2024-11-01,140.00,-11.91%,1.45,138.55,14.70%,1100,2207,77.12%,0.149256,82.81%,1.0%,34.7%,"11:41 ET"
DELL,126.23,2024-11-15,110.00,-12.86%,0.91,109.09,15.71%,152,3539,47.00%,0.116277,86.84%,0.8%,12.2%,"13:08 ET"
DELL,126.23,2024-11-01,110.00,-12.86%,0.22,109.78,14.98%,1386,1610,48.98%,0.04785,94.72%,0.2%,6.6%,"13:10 ET"
DGX,148.2,2024-11-15,145.00,-2.16%,2.8,142.2,4.22%,1032,813,29.47%,0.362433,61.14%,2.0%,28.7%,"13:00 ET"
DHR,271.78,2025-01-17,240.00,-11.69%,2.75,237.25,14.55%,275,918,27.39%,0.14592,82.24%,1.2%,4.8%,"10:48 ET"
DIS,96.23,2024-11-08,95.00,-1.28%,1.59,93.41,3.02%,239,841,27.08%,0.392647,58.47%,1.7%,34.5%,"12:21 ET"
DIS,96.23,2025-01-17,95.00,-1.28%,4.55,90.45,6.39%,237,12446,29.49%,0.418711,53.54%,5.0%,20.9%,"12:52 ET"
DIS,96.23,2025-01-17,90.00,-6.47%,2.73,87.27,10.27%,306,20405,30.62%,0.285382,67.19%,3.1%,13.0%,"13:01 ET"
DIS,96.23,2025-01-17,85.00,-11.67%,1.55,83.45,15.31%,237,18769,32.08%,0.180597,78.46%,1.9%,7.7%,"12:59 ET"
DIS,96.23,2024-12-20,95.00,-1.28%,4.05,90.95,5.81%,309,6941,31.82%,0.420732,53.97%,4.5%,27.1%,"13:04 ET"
DIS,96.23,2024-11-15,95.00,-1.28%,3.2,91.8,4.83%,119,8432,39.45%,0.421683,54.96%,3.5%,50.9%,"12:34 ET"
DIS,96.23,2024-11-15,90.00,-6.47%,1.56,88.44,8.81%,237,7669,41.13%,0.242805,73.29%,1.8%,25.8%,"13:01 ET"
DIS,96.23,2024-11-15,80.00,-16.87%,0.28,79.72,20.71%,102,7569,46.63%,0.055402,93.50%,0.4%,5.1%,"12:42 ET"
DIS,96.23,2024-11-01,94.00,-2.32%,0.67,93.33,3.11%,164,1222,24.27%,0.271741,71.10%,0.7%,23.8%,"13:09 ET"
DJT,30.94,2024-12-20,30.00,-3.04%,10.3,19.7,57.06%,287,3374,231.91%,0.302699,51.31%,52.3%,318.1%,"13:05 ET"
DJT,30.94,2024-12-20,25.00,-19.20%,7.15,17.85,73.33%,203,839,237.85%,0.236597,58.75%,40.1%,243.7%,"13:10 ET"
DJT,30.94,2024-11-15,30.00,-3.04%,8.8,21.2,45.94%,413,6985,306.44%,0.325719,51.53%,41.5%,606.0%,"13:00 ET"
DJT,30.94,2024-11-15,22.50,-27.28%,4.55,17.95,72.37%,119,676,306.16%,0.208723,65.45%,25.3%,370.1%,"12:35 ET"
DJT,30.94,2025-01-17,25.00,-19.20%,8.05,16.95,82.54%,108,1679,212.18%,0.229401,58.11%,47.5%,197.0%,"13:07 ET"
DJT,30.94,2024-11-01,30.00,-3.04%,3.55,26.45,16.98%,1886,520,200.72%,0.386901,53.53%,13.4%,445.4%,"13:07 ET"
DJT,30.94,2024-11-01,28.00,-9.50%,2.48,25.52,21.24%,463,691,194.16%,0.311926,61.65%,9.7%,322.5%,"12:26 ET"
DJT,30.94,2024-11-01,25.00,-19.20%,1.34,23.66,30.77%,990,1617,189.61%,0.200824,74.14%,5.7%,187.9%,"13:09 ET"
DJT,30.94,2024-11-01,21.00,-32.13%,0.44,20.56,50.49%,130,672,194.92%,0.090068,87.39%,2.1%,71.0%,"12:19 ET"
DJT,30.94,2024-11-08,30.00,-3.04%,7.95,22.05,40.32%,254,503,324.74%,0.338652,51.71%,36.1%,731.1%,"13:07 ET"
DJT,30.94,2024-11-08,25.00,-19.20%,5.1,19.9,55.48%,174,973,324.95%,0.251682,61.62%,25.6%,519.7%,"13:07 ET"
DKNG,36.91,2024-11-01,35.00,-5.17%,0.49,34.51,6.95%,408,1499,49.84%,0.251021,73.04%,1.4%,47.1%,"12:55 ET"
DKNG,36.91,2024-11-15,35.00,-5.17%,1.63,33.37,10.61%,732,5114,67.71%,0.343292,61.78%,4.9%,71.3%,"12:21 ET"
DKNG,36.91,2024-11-15,33.00,-10.59%,0.99,32.01,15.31%,311,873,69.07%,0.234108,73.22%,3.1%,45.2%,"13:06 ET"
DKNG,36.91,2024-11-15,28.00,-24.14%,0.22,27.78,32.87%,142,1396,75.90%,0.066145,91.79%,0.8%,11.6%,"13:01 ET"
DOCS,42.42,2024-11-15,40.00,-5.70%,2,38,11.63%,143,1140,70.98%,0.343745,62.41%,5.3%,76.8%,"13:10 ET"
DOCS,42.42,2024-11-15,37.50,-11.60%,1.2,36.3,16.86%,155,557,74.28%,0.234062,73.70%,3.3%,48.3%,"13:03 ET"
DOCS,42.42,2024-11-15,32.50,-23.39%,0.35,32.15,31.94%,140,626,80.79%,0.086779,89.61%,1.1%,15.9%,"13:03 ET"
DOW,52.23,2024-12-20,50.00,-4.27%,1.14,48.86,6.90%,134,2317,25.32%,0.315512,66.46%,2.3%,14.2%,"12:57 ET"
DUK,119.85,2025-01-17,100.00,-16.56%,0.3,99.7,20.21%,300,1876,23.74%,0.049187,93.98%,0.3%,1.2%,"11:28 ET"
DVN,40.17,2025-01-17,37.50,-6.65%,1.28,36.22,10.91%,242,9198,33.29%,0.299995,66.31%,3.5%,14.7%,"13:10 ET"
DXCM,72.83,2024-12-20,65.00,-10.75%,3.2,61.8,17.85%,427,504,60.10%,0.268047,67.97%,5.2%,31.5%,"11:37 ET"
DXCM,72.83,2024-11-15,50.00,-31.35%,0.25,49.75,46.39%,124,3204,85.68%,0.035492,95.33%,0.5%,7.3%,"13:02 ET"
EBAY,64.26,2025-01-17,62.50,-2.74%,2.43,60.07,6.98%,247,596,27.98%,0.378077,58.01%,4.0%,16.8%,"12:19 ET"
EBAY,64.26,2025-01-17,52.50,-18.30%,0.37,52.13,23.27%,1374,5377,33.07%,0.085933,89.34%,0.7%,2.9%,"12:38 ET"
EDU,68.07,2024-11-15,60.00,-11.86%,1.55,58.45,16.46%,113,1237,67.29%,0.209671,76.32%,2.7%,38.7%,"12:57 ET"
EL,88.27,2025-01-17,85.00,-3.70%,5.5,79.5,11.03%,123,2798,43.85%,0.378603,56.96%,6.9%,28.7%,"12:50 ET"
EL,88.27,2025-01-17,80.00,-9.37%,3.6,76.4,15.54%,186,2267,44.19%,0.278077,67.49%,4.7%,19.5%,"10:59 ET"
ELF,112.15,2024-11-15,100.00,-10.83%,5.4,94.6,18.55%,285,896,97.49%,0.272111,67.34%,5.7%,83.3%,"12:57 ET"
ENB,41.5,2024-11-15,40.00,-3.61%,0.3,39.7,4.53%,201,1535,21.37%,0.246331,74.48%,0.8%,11.0%,"12:13 ET"
ENB,41.5,2025-01-17,37.50,-9.64%,0.2,37.3,11.26%,100,2280,18.57%,0.126866,86.69%,0.5%,2.2%,"11:39 ET"
ENPH,89.17,2024-11-08,80.00,-10.28%,3.45,76.55,16.49%,423,998,100.95%,0.260424,68.58%,4.5%,91.4%,"12:18 ET"
ENPH,89.17,2024-11-15,80.00,-10.28%,4,76,17.33%,184,1838,92.57%,0.269367,67.29%,5.3%,76.8%,"13:10 ET"
ENPH,89.17,2024-11-15,75.00,-15.89%,2.56,72.44,23.10%,268,1426,93.40%,0.190566,76.05%,3.5%,51.6%,"13:09 ET"
ENPH,89.17,2024-11-15,70.00,-21.50%,1.55,68.45,30.27%,119,942,95.10%,0.126722,83.46%,2.3%,33.1%,"13:07 ET"
ENPH,89.17,2025-01-17,85.00,-4.68%,8.5,76.5,16.56%,633,1597,66.78%,0.358397,55.81%,11.1%,46.1%,"12:56 ET"
ENPH,89.17,2024-12-20,85.00,-4.68%,7.45,77.55,14.98%,133,618,72.03%,0.359521,56.51%,9.6%,58.4%,"12:53 ET"
ETSY,51.64,2024-11-15,50.00,-3.18%,2.8,47.2,9.41%,415,4345,70.72%,0.38085,56.92%,5.9%,86.6%,"13:01 ET"
EW,69.9,2024-11-15,67.50,-3.43%,2.6,64.9,7.70%,312,798,54.00%,0.367673,59.76%,4.0%,58.5%,"12:22 ET"
FCX,47.85,2024-11-15,47.00,-1.78%,1.59,45.41,5.37%,538,6555,42.13%,0.40475,56.46%,3.5%,51.1%,"12:53 ET"
FCX,47.85,2024-11-15,46.00,-3.87%,1.19,44.81,6.78%,179,1340,41.66%,0.329844,64.12%,2.7%,38.8%,"13:02 ET"
FCX,47.85,2024-11-15,45.00,-5.96%,0.88,44.12,8.45%,470,8026,42.33%,0.263014,71.03%,2.0%,29.1%,"13:10 ET"
FCX,47.85,2024-11-15,44.00,-8.05%,0.62,43.38,10.30%,1765,2838,42.36%,0.201305,77.54%,1.4%,20.9%,"12:51 ET"
FCX,47.85,2024-11-15,43.00,-10.14%,0.43,42.57,12.40%,267,3846,43.50%,0.153815,82.61%,1.0%,14.7%,"12:44 ET"
FCX,47.85,2024-11-15,42.00,-12.23%,0.3,41.7,14.75%,542,8172,43.77%,0.111194,87.25%,0.7%,10.5%,"12:11 ET"
FCX,47.85,2024-12-20,46.00,-3.87%,1.87,44.13,8.43%,343,657,37.37%,0.354713,60.27%,4.2%,25.8%,"12:56 ET"
FCX,47.85,2024-12-20,40.00,-16.41%,0.4,39.6,20.83%,704,6221,39.87%,0.109873,86.62%,1.0%,6.1%,"11:08 ET"
FCX,47.85,2025-01-17,45.00,-5.96%,1.9,43.1,11.02%,107,15434,36.41%,0.316371,63.44%,4.4%,18.3%,"12:13 ET"
FCX,47.85,2025-01-17,37.00,-22.68%,0.28,36.72,30.31%,117,12987,39.31%,0.070152,90.86%,0.8%,3.2%,"12:14 ET"
FDX,269.86,2024-12-20,230.00,-14.77%,2.16,227.84,18.44%,163,767,35.25%,0.110675,86.83%,0.9%,5.8%,"13:03 ET"
FIVE,91.41,2024-11-15,80.00,-12.48%,1.1,78.9,15.86%,263,783,55.41%,0.152473,82.10%,1.4%,20.4%,"12:40 ET"
FIVE,91.41,2024-11-15,70.00,-23.42%,0.25,69.75,31.05%,110,565,64.27%,0.044527,94.37%,0.4%,5.2%,"12:30 ET"
FNV,133.19,2024-12-20,120.00,-9.90%,1.3,118.7,12.21%,1011,507,29.39%,0.159963,80.93%,1.1%,6.7%,"13:07 ET"
FRO,21.97,2024-11-15,21.00,-4.42%,0.45,20.55,6.91%,110,937,37.54%,0.317588,67.71%,2.2%,32.0%,"12:44 ET"
FSLR,195.99,2024-11-15,190.00,-3.06%,14.75,175.25,11.83%,152,5580,90.99%,0.395616,55.19%,8.4%,122.9%,"12:49 ET"
FUTU,91.84,2024-11-15,90.00,-2.00%,5.15,84.85,8.24%,329,912,66.49%,0.410637,54.63%,6.1%,88.6%,"12:37 ET"
FUTU,91.84,2024-12-20,85.00,-7.45%,5.6,79.4,15.67%,101,1160,62.98%,0.322226,61.91%,7.1%,42.9%,"12:12 ET"
GE,192.84,2024-11-15,185.00,-4.07%,3.45,181.55,6.22%,157,1888,35.23%,0.296865,67.37%,1.9%,27.7%,"12:50 ET"
GE,192.84,2024-11-15,180.00,-6.66%,2.17,177.83,8.44%,6040,785,36.47%,0.209971,76.48%,1.2%,17.8%,"12:51 ET"
GE,192.84,2024-11-15,175.00,-9.25%,1.35,173.65,11.05%,196,762,36.95%,0.138028,84.23%,0.8%,11.4%,"12:54 ET"
GE,192.84,2024-11-15,165.00,-14.44%,0.52,164.48,17.24%,216,3360,40.73%,0.060549,92.82%,0.3%,4.6%,"12:50 ET"
GE,192.84,2025-01-17,160.00,-17.03%,1.75,158.25,21.86%,150,1044,34.58%,0.106399,86.42%,1.1%,4.6%,"12:18 ET"
GE,192.84,2025-01-17,135.00,-29.99%,0.26,134.74,43.12%,500,4587,42.10%,0.030035,95.77%,0.2%,0.8%,"11:57 ET"
GE,192.84,2024-11-01,180.00,-6.66%,1.13,178.87,7.81%,416,667,41.65%,0.154283,82.97%,0.6%,21.0%,"12:41 ET"
GILD,86.16,2024-11-15,85.00,-1.35%,1.9,83.1,3.68%,216,1630,28.78%,0.403595,57.14%,2.3%,33.4%,"12:56 ET"
GIS,68.89,2024-11-15,67.50,-2.02%,0.7,66.8,3.13%,133,663,18.98%,0.326196,65.92%,1.0%,15.3%,"13:08 ET"
GLW,46.92,2024-12-20,42.00,-10.49%,0.55,41.45,13.20%,200,725,33.18%,0.178628,79.49%,1.3%,8.1%,"10:33 ET"
GM,49.01,2024-12-20,47.00,-4.10%,1.7,45.3,8.19%,200,1706,35.29%,0.341049,61.51%,3.8%,22.8%,"11:36 ET"
GM,49.01,2024-12-20,45.00,-8.18%,1.09,43.91,11.61%,250,3629,36.47%,0.24285,71.81%,2.5%,15.1%,"13:06 ET"
GM,49.01,2024-12-20,40.00,-18.38%,0.35,39.65,23.61%,299,1427,41.35%,0.090418,88.72%,0.9%,5.4%,"12:58 ET"
GM,49.01,2024-11-15,48.00,-2.06%,1.47,46.53,5.33%,162,2195,40.23%,0.388977,57.84%,3.2%,46.1%,"12:53 ET"
GM,49.01,2024-11-15,47.00,-4.10%,1.12,45.88,6.82%,127,3328,40.79%,0.316528,65.26%,2.4%,35.6%,"12:50 ET"
GM,49.01,2024-11-15,46.00,-6.14%,0.85,45.15,8.55%,121,1638,41.60%,0.251951,71.98%,1.9%,27.5%,"13:11 ET"
GM,49.01,2024-11-15,43.00,-12.26%,0.34,42.66,14.89%,303,4711,44.96%,0.114868,86.69%,0.8%,11.6%,"13:04 ET"
GM,49.01,2025-01-17,44.00,-10.22%,1.14,42.86,14.35%,486,714,34.96%,0.220975,73.51%,2.7%,11.0%,"13:03 ET"
GM,49.01,2025-01-17,43.00,-12.26%,0.93,42.07,16.50%,820,3106,35.91%,0.188179,77.10%,2.2%,9.2%,"12:11 ET"
GME,20.86,2024-11-01,20.50,-1.73%,0.37,20.13,3.63%,154,782,40.08%,0.399675,59.88%,1.8%,61.0%,"12:26 ET"
GOOG,165.39,2024-11-01,160.00,-3.26%,2.52,157.48,5.02%,425,1179,43.72%,0.305266,66.88%,1.6%,53.1%,"13:07 ET"
GOOG,165.39,2024-11-01,155.00,-6.28%,1.23,153.77,7.56%,286,1231,44.10%,0.178559,80.16%,0.8%,26.5%,"13:07 ET"
GOOG,165.39,2024-12-20,150.00,-9.31%,2.17,147.83,11.88%,553,6156,30.94%,0.182884,78.19%,1.5%,8.9%,"12:53 ET"
GOOG,165.39,2025-01-17,160.00,-3.26%,5.7,154.3,7.19%,196,5986,27.93%,0.351516,59.54%,3.7%,15.3%,"12:59 ET"
GOOG,165.39,2025-01-17,150.00,-9.31%,2.84,147.16,12.39%,334,7190,29.05%,0.202891,75.32%,1.9%,8.0%,"13:00 ET"
GOOG,165.39,2024-11-15,160.00,-3.26%,3.45,156.55,5.65%,135,5059,35.94%,0.32924,63.77%,2.2%,32.2%,"13:02 ET"
GOOG,165.39,2024-11-15,155.00,-6.28%,2.05,152.95,8.13%,122,5684,36.29%,0.2194,75.27%,1.3%,19.6%,"12:47 ET"
GOOG,165.39,2024-11-15,150.00,-9.31%,1.17,148.83,11.13%,689,7796,37.45%,0.13821,84.05%,0.8%,11.5%,"13:06 ET"
GOOGL,163.65,2024-11-15,160.00,-2.23%,4.05,155.95,4.94%,196,12848,35.59%,0.369074,59.57%,2.6%,37.9%,"13:09 ET"
GOOGL,163.65,2024-11-15,155.00,-5.29%,2.46,152.54,7.28%,648,10900,36.43%,0.253598,71.55%,1.6%,23.5%,"13:09 ET"
GOOGL,163.65,2024-11-15,150.00,-8.34%,1.41,148.59,10.14%,380,27153,37.22%,0.161374,81.44%,0.9%,13.9%,"13:01 ET"
GOOGL,163.65,2024-11-15,145.00,-11.40%,0.8,144.2,13.49%,204,10037,38.76%,0.098858,88.35%,0.6%,8.1%,"13:09 ET"
GOOGL,163.65,2024-11-15,140.00,-14.45%,0.47,139.53,17.29%,384,14824,41.03%,0.060617,92.70%,0.3%,4.9%,"12:52 ET"
GOOGL,163.65,2024-11-15,115.00,-29.73%,0.07,114.93,42.39%,120,1325,58.56%,0.008014,98.93%,0.1%,0.9%,"10:46 ET"
GOOGL,163.65,2024-12-20,160.00,-2.23%,5.45,154.55,5.89%,481,7163,29.61%,0.378425,57.45%,3.5%,21.5%,"13:00 ET"
GOOGL,163.65,2024-12-20,155.00,-5.29%,3.7,151.3,8.16%,180,6260,30.08%,0.284001,67.19%,2.4%,14.9%,"12:33 ET"
GOOGL,163.65,2024-12-20,150.00,-8.34%,2.46,147.54,10.92%,206,12597,30.74%,0.204198,75.77%,1.7%,10.1%,"12:33 ET"
GOOGL,163.65,2024-12-20,145.00,-11.40%,1.59,143.41,14.11%,139,11498,31.77%,0.142661,82.62%,1.1%,6.7%,"12:56 ET"
GOOGL,163.65,2024-12-20,140.00,-14.45%,1.03,138.97,17.76%,466,10919,32.80%,0.09618,87.97%,0.7%,4.5%,"12:33 ET"
GOOGL,163.65,2024-12-20,100.00,-38.89%,0.07,99.93,63.76%,361,4830,52.93%,0.00729,98.91%,0.1%,0.4%,"11:24 ET"
GOOGL,163.65,2024-11-01,160.00,-2.23%,3.1,156.9,4.30%,371,2926,44.11%,0.355389,61.58%,2.0%,65.6%,"13:11 ET"
GOOGL,163.65,2024-11-01,157.50,-3.76%,2.26,155.24,5.42%,110,524,44.36%,0.282937,69.05%,1.5%,48.3%,"13:01 ET"
GOOGL,163.65,2024-11-01,155.00,-5.29%,1.58,153.42,6.67%,309,1815,44.30%,0.21676,75.99%,1.0%,34.2%,"13:08 ET"
GOOGL,163.65,2024-11-01,152.50,-6.81%,1.08,151.42,8.08%,159,1081,44.47%,0.160735,81.97%,0.7%,23.7%,"13:06 ET"
GOOGL,163.65,2024-11-01,150.00,-8.34%,0.73,149.27,9.63%,235,1519,44.82%,0.115706,86.85%,0.5%,16.2%,"13:09 ET"
GOOGL,163.65,2024-11-01,140.00,-14.45%,0.19,139.81,17.05%,139,713,50.87%,0.032456,96.14%,0.1%,4.5%,"13:05 ET"
GOOGL,163.65,2025-01-17,160.00,-2.23%,6.3,153.7,6.47%,233,16600,27.87%,0.37996,56.55%,4.1%,17.0%,"13:11 ET"
GOOGL,163.65,2025-01-17,155.00,-5.29%,4.5,150.5,8.74%,957,9364,28.30%,0.296173,65.20%,3.0%,12.4%,"12:34 ET"
GOOGL,163.65,2025-01-17,145.00,-11.40%,2.2,142.8,14.60%,318,11972,29.82%,0.16451,79.57%,1.5%,6.4%,"13:06 ET"
GS,519.75,2024-11-15,490.00,-5.72%,3.75,486.25,6.89%,120,1079,26.96%,0.184573,79.83%,0.8%,11.3%,"13:04 ET"
GS,519.75,2024-11-15,480.00,-7.65%,2.42,477.58,8.83%,298,825,28.26%,0.127315,85.90%,0.5%,7.4%,"13:08 ET"
GS,519.75,2024-11-15,470.00,-9.57%,1.57,468.43,10.96%,121,567,29.30%,0.084408,90.52%,0.3%,4.9%,"13:08 ET"
HAL,28.18,2024-12-20,27.00,-4.19%,1,26,8.38%,144,5923,36.12%,0.338853,61.49%,3.8%,23.4%,"12:49 ET"
HOOD,26.83,2025-01-17,26.00,-3.09%,2.53,23.47,14.32%,186,1226,60.46%,0.383792,54.22%,10.8%,44.7%,"12:56 ET"
HOOD,26.83,2024-11-01,25.00,-6.82%,0.68,24.32,10.32%,614,9967,82.22%,0.274698,68.97%,2.8%,92.8%,"12:37 ET"
HOOD,26.83,2024-11-15,26.00,-3.09%,1.57,24.43,9.82%,152,934,74.24%,0.385993,56.42%,6.4%,93.8%,"12:29 ET"
HOOD,26.83,2024-11-15,25.00,-6.82%,1.16,23.84,12.54%,109,3021,74.88%,0.312159,64.08%,4.9%,71.0%,"12:55 ET"
HOOD,26.83,2024-12-20,24.00,-10.55%,1.37,22.63,18.56%,106,2449,64.81%,0.276241,66.43%,6.1%,36.8%,"12:27 ET"
HUM,263.53,2025-01-17,250.00,-5.13%,19.8,230.2,14.48%,485,750,54.00%,0.361092,57.88%,8.6%,35.7%,"12:23 ET"
HUM,263.53,2025-01-17,220.00,-16.52%,8.8,211.2,24.78%,407,988,54.67%,0.20241,74.94%,4.2%,17.3%,"11:52 ET"
IBM,231.59,2024-11-15,220.00,-5.00%,3.85,216.15,7.14%,859,5746,36.54%,0.27387,70.43%,1.8%,26.0%,"12:55 ET"
IBM,231.59,2024-11-15,210.00,-9.32%,1.69,208.31,11.18%,139,5257,37.35%,0.143126,84.16%,0.8%,11.8%,"12:36 ET"
IBM,231.59,2024-11-01,220.00,-5.00%,2.63,217.37,6.54%,103,825,45.18%,0.240551,74.36%,1.2%,40.1%,"12:52 ET"
INFY,22.2,2024-11-15,21.00,-5.41%,0.15,20.85,6.47%,137,917,27.66%,0.211594,77.86%,0.7%,10.5%,"12:30 ET"
INTC,22.52,2024-11-01,22.00,-2.31%,0.96,21.04,7.03%,588,4018,80.01%,0.400306,56.68%,4.6%,151.4%,"13:09 ET"
INTC,22.52,2024-11-01,21.50,-4.53%,0.75,20.75,8.53%,171,3136,80.78%,0.338879,62.95%,3.6%,119.9%,"12:46 ET"
INTC,22.52,2024-11-01,21.00,-6.75%,0.59,20.41,10.34%,485,4833,81.52%,0.281181,68.93%,2.9%,95.9%,"12:57 ET"
INTC,22.52,2024-11-01,20.50,-8.97%,0.44,20.06,12.26%,566,744,82.40%,0.228663,74.44%,2.2%,72.8%,"13:10 ET"
INTC,22.52,2025-01-17,21.00,-6.75%,1.57,19.43,15.90%,755,21877,54.91%,0.336489,60.22%,8.1%,33.5%,"12:45 ET"
INTC,22.52,2024-12-20,22.00,-2.31%,1.72,20.28,11.05%,139,30787,56.78%,0.405022,54.04%,8.5%,51.6%,"12:50 ET"
INTC,22.52,2024-12-20,21.00,-6.75%,1.28,19.72,14.20%,302,21051,57.21%,0.329482,61.84%,6.5%,39.5%,"13:07 ET"
INTC,22.52,2024-11-08,22.00,-2.31%,1.15,20.85,8.01%,160,785,73.12%,0.404904,55.72%,5.5%,111.8%,"12:50 ET"
INTC,22.52,2024-11-15,22.00,-2.31%,1.26,20.74,8.58%,264,14205,67.52%,0.406084,55.26%,6.1%,88.7%,"12:55 ET"
INTC,22.52,2024-11-15,21.00,-6.75%,0.85,20.15,11.76%,113,13956,67.68%,0.308404,65.34%,4.2%,61.6%,"13:04 ET"
ISRG,519.84,2024-11-15,490.00,-5.74%,3,487,6.74%,267,590,25.71%,0.164845,81.02%,0.6%,9.0%,"11:35 ET"
JCI,77.12,2024-11-15,67.50,-12.47%,0.3,67.2,14.76%,220,1201,39.55%,0.086124,90.10%,0.4%,6.5%,"10:20 ET"
JD,39.74,2025-01-17,30.00,-24.51%,0.46,29.54,34.53%,119,13216,48.03%,0.097815,88.34%,1.6%,6.5%,"12:28 ET"
JD,39.74,2025-01-17,25.00,-37.09%,0.1,24.9,59.60%,162,20835,54.66%,0.032443,95.79%,0.4%,1.7%,"10:15 ET"
JD,39.74,2024-11-01,39.00,-1.86%,1.08,37.92,4.80%,311,759,51.71%,0.404529,58.29%,2.8%,94.5%,"12:42 ET"
JD,39.74,2024-11-01,37.00,-6.89%,0.44,36.56,8.70%,158,931,53.40%,0.210631,77.95%,1.2%,39.9%,"11:48 ET"
JD,39.74,2024-11-01,35.00,-11.93%,0.15,34.85,14.03%,332,613,56.25%,0.090603,90.33%,0.4%,14.3%,"12:16 ET"
JD,39.74,2024-11-01,34.00,-14.44%,0.1,33.9,17.23%,213,915,59.30%,0.059973,93.52%,0.3%,9.8%,"11:47 ET"
JD,39.74,2024-12-20,39.00,-1.86%,2.72,36.28,9.54%,207,749,47.72%,0.426922,53.87%,7.5%,45.6%,"12:51 ET"
JD,39.74,2024-12-20,37.00,-6.89%,1.82,35.18,12.96%,206,1355,48.04%,0.325437,64.31%,5.2%,31.5%,"11:09 ET"
JD,39.74,2024-12-20,30.00,-24.51%,0.29,29.71,33.76%,724,1244,52.09%,0.077408,90.85%,1.0%,5.9%,"13:10 ET"
JD,39.74,2024-11-15,39.00,-1.86%,1.95,37.05,7.26%,1092,3436,55.76%,0.423972,55.12%,5.3%,76.8%,"13:02 ET"
JD,39.74,2024-11-15,36.00,-9.41%,0.84,35.16,13.03%,174,3160,56.21%,0.231473,74.92%,2.4%,34.9%,"12:37 ET"
JD,39.74,2024-11-15,35.00,-11.93%,0.61,34.39,15.56%,157,10098,56.88%,0.179836,80.32%,1.8%,25.9%,"13:11 ET"
JD,39.74,2024-11-15,30.00,-24.51%,0.1,29.9,32.91%,475,1826,63.51%,0.038914,95.46%,0.3%,4.9%,"11:41 ET"
JNJ,163.08,2025-01-17,155.00,-4.95%,2.01,152.99,6.60%,115,3535,17.07%,0.240948,72.79%,1.3%,5.4%,"13:02 ET"
JNJ,163.08,2025-01-17,140.00,-14.15%,0.44,139.56,16.85%,167,3886,21.45%,0.060811,92.63%,0.3%,1.3%,"12:32 ET"
JNJ,163.08,2024-12-20,160.00,-1.89%,2.64,157.36,3.63%,162,1187,16.21%,0.355764,61.41%,1.7%,10.2%,"12:52 ET"
JNJ,163.08,2024-11-15,160.00,-1.89%,1.27,158.73,2.74%,179,8751,15.59%,0.300489,67.99%,0.8%,11.7%,"12:53 ET"
JPM,223.79,2025-01-17,200.00,-10.63%,2.48,197.52,13.30%,996,4612,25.99%,0.157494,81.08%,1.3%,5.2%,"12:27 ET"
JPM,223.79,2024-11-15,215.00,-3.93%,1.98,213.02,5.06%,287,3466,24.03%,0.236084,73.80%,0.9%,13.6%,"13:08 ET"
JPM,223.79,2024-11-15,210.00,-6.16%,1.21,208.79,7.18%,286,5381,25.71%,0.152273,82.78%,0.6%,8.5%,"13:11 ET"
JPM,223.79,2024-11-15,205.00,-8.40%,0.78,204.22,9.58%,150,3481,27.92%,0.100067,88.50%,0.4%,5.6%,"13:05 ET"
JPM,223.79,2024-11-15,195.00,-12.86%,0.39,194.61,14.99%,185,5392,33.03%,0.047066,94.44%,0.2%,2.9%,"13:06 ET"
JPM,223.79,2024-11-01,220.00,-1.69%,1.2,218.8,2.28%,140,782,18.64%,0.269793,70.12%,0.5%,18.2%,"12:56 ET"
KBH,81.94,2025-01-17,75.00,-8.47%,2.75,72.25,13.41%,342,1264,39.20%,0.271388,67.72%,3.8%,15.8%,"12:37 ET"
KKR,140.74,2024-11-15,130.00,-7.63%,1.75,128.25,9.74%,235,6732,40.48%,0.199758,77.31%,1.4%,19.9%,"12:07 ET"
KMI,24.7,2024-12-20,24.00,-2.83%,0.53,23.47,5.24%,511,617,21.73%,0.34532,62.79%,2.3%,13.7%,"13:11 ET"
KO,69.67,2024-12-20,67.50,-3.11%,1.06,66.44,4.86%,196,6922,18.58%,0.304821,66.28%,1.6%,9.7%,"13:10 ET"
KO,69.67,2024-12-20,65.00,-6.70%,0.52,64.48,8.05%,104,4106,19.73%,0.168682,80.71%,0.8%,4.9%,"13:10 ET"
KVUE,23.08,2024-11-15,22.00,-4.68%,0.4,21.6,6.85%,164,7155,37.10%,0.285163,68.92%,1.9%,27.0%,"12:23 ET"
KVUE,23.08,2024-11-15,21.00,-9.01%,0.2,20.8,10.96%,104,6286,38.60%,0.156247,82.51%,1.0%,14.0%,"12:00 ET"
LLY,909.96,2024-11-15,830.00,-8.79%,11.4,818.6,11.16%,124,1158,43.78%,0.191401,78.90%,1.4%,20.3%,"12:38 ET"
LRCX,72.51,2025-01-17,57.00,-21.39%,1.16,55.84,29.85%,106,1008,48.91%,0.123014,84.19%,2.1%,8.6%,"09:56 ET"
LRCX,72.51,2024-12-20,70.00,-3.46%,4.1,65.9,10.03%,144,1497,48.10%,0.379043,57.17%,6.2%,37.8%,"13:03 ET"
LRCX,72.51,2024-11-15,70.00,-3.46%,2.78,67.22,7.87%,362,1880,54.22%,0.366958,59.80%,4.1%,60.4%,"13:04 ET"
LRCX,72.51,2024-11-15,66.00,-8.98%,1.49,64.51,12.40%,108,715,55.51%,0.229305,74.13%,2.3%,33.7%,"12:32 ET"
LRCX,72.51,2024-11-15,64.50,-11.05%,1.15,63.35,14.46%,451,1894,56.58%,0.187993,78.54%,1.8%,26.5%,"12:36 ET"
LULU,296.2,2025-01-17,250.00,-15.60%,7.3,242.7,22.04%,1378,2355,46.57%,0.181426,77.08%,3.0%,12.5%,"12:28 ET"
LULU,296.2,2024-12-20,260.00,-12.22%,7.55,252.45,17.33%,126,1316,48.60%,0.210076,74.59%,3.0%,18.2%,"12:55 ET"
LULU,296.2,2024-12-20,240.00,-18.97%,3.9,236.1,25.46%,512,1603,51.12%,0.122276,84.50%,1.7%,10.0%,"12:51 ET"
LULU,296.2,2024-11-15,270.00,-8.85%,3.1,266.9,10.98%,112,1262,42.10%,0.173245,79.97%,1.2%,17.0%,"13:10 ET"
LULU,296.2,2024-11-15,250.00,-15.60%,0.96,249.04,18.94%,111,1385,45.28%,0.062577,92.38%,0.4%,5.6%,"13:11 ET"
LULU,296.2,2024-11-15,240.00,-18.97%,0.55,239.45,23.70%,110,930,48.19%,0.038171,95.24%,0.2%,3.4%,"13:10 ET"
LVS,51.03,2024-11-15,50.00,-2.02%,1.67,48.33,5.59%,146,4790,41.93%,0.396794,57.37%,3.5%,50.4%,"13:01 ET"
MCHP,75.05,2024-11-15,70.00,-6.73%,1.9,68.1,10.21%,1047,715,53.28%,0.282959,69.13%,2.8%,40.7%,"13:04 ET"
MDB,272.58,2024-12-20,200.00,-26.63%,2.18,197.82,37.79%,397,6374,58.89%,0.071904,90.26%,1.1%,6.7%,"13:07 ET"
MDT,91.37,2024-11-15,87.50,-4.24%,0.5,87,5.02%,124,2584,20.16%,0.187956,79.40%,0.6%,8.4%,"12:48 ET"
META,572.98,2024-11-15,565.00,-1.39%,23,542,5.72%,150,862,46.88%,0.420369,54.55%,4.2%,62.0%,"12:58 ET"
META,572.98,2024-11-15,560.00,-2.27%,20.8,539.2,6.26%,136,1354,46.97%,0.392167,57.39%,3.9%,56.3%,"12:54 ET"
META,572.98,2024-11-15,555.00,-3.14%,18.75,536.25,6.85%,346,1781,47.10%,0.36456,60.21%,3.5%,51.0%,"12:41 ET"
META,572.98,2024-11-15,550.00,-4.01%,16.85,533.15,7.47%,190,1880,47.25%,0.337606,62.97%,3.2%,46.1%,"12:53 ET"
META,572.98,2024-11-15,520.00,-9.25%,8.35,511.65,11.99%,260,3766,48.42%,0.196067,77.80%,1.6%,23.8%,"13:10 ET"
META,572.98,2024-12-20,520.00,-9.25%,12.55,507.45,12.91%,192,2309,38.30%,0.227097,73.39%,2.5%,15.0%,"13:09 ET"
META,572.98,2024-12-20,250.00,-56.37%,0.08,249.92,129.27%,120,1268,74.12%,0.001666,99.71%,0.0%,0.2%,"10:16 ET"
META,572.98,2024-11-01,565.00,-1.39%,19.65,545.35,5.07%,310,1025,60.95%,0.419886,55.27%,3.6%,119.6%,"12:53 ET"
META,572.98,2024-11-01,560.00,-2.27%,17.5,542.5,5.62%,263,734,61.14%,0.387486,58.55%,3.2%,107.0%,"12:48 ET"
META,572.98,2024-11-01,555.00,-3.14%,15.45,539.55,6.20%,122,1286,60.97%,0.35523,61.84%,2.9%,95.0%,"13:08 ET"
META,572.98,2024-11-01,550.00,-4.01%,13.6,536.4,6.82%,144,1176,61.29%,0.324512,64.98%,2.5%,84.1%,"13:06 ET"
META,572.98,2024-11-01,545.00,-4.88%,11.9,533.1,7.48%,118,1221,61.39%,0.294491,68.07%,2.2%,74.1%,"12:52 ET"
META,572.98,2024-11-01,540.00,-5.76%,10.35,529.65,8.18%,224,1865,61.40%,0.26538,71.10%,2.0%,64.8%,"13:11 ET"
META,572.98,2024-11-01,530.00,-7.50%,7.75,522.25,9.71%,136,813,61.90%,0.212797,76.59%,1.5%,49.2%,"13:03 ET"
META,572.98,2024-11-01,525.00,-8.37%,6.65,518.35,10.54%,101,1211,62.04%,0.188541,79.16%,1.3%,42.6%,"13:04 ET"
META,572.98,2024-11-01,520.00,-9.25%,5.7,514.3,11.41%,137,1383,62.24%,0.16617,81.54%,1.1%,36.8%,"13:01 ET"
META,572.98,2024-11-01,515.00,-10.12%,4.85,510.15,12.32%,124,661,62.95%,0.147277,83.55%,1.0%,31.5%,"12:51 ET"
META,572.98,2024-11-01,510.00,-10.99%,4.1,505.9,13.26%,109,625,62.77%,0.127047,85.74%,0.8%,26.9%,"13:00 ET"
META,572.98,2024-11-01,500.00,-12.74%,2.96,497.04,15.28%,189,1780,64.03%,0.097052,88.99%,0.6%,19.8%,"13:00 ET"
META,572.98,2024-11-01,450.00,-21.46%,0.54,449.46,27.48%,434,2274,70.87%,0.020635,97.52%,0.1%,4.0%,"12:45 ET"
META,572.98,2025-01-17,530.00,-7.50%,18.25,511.75,11.96%,106,1653,35.19%,0.276144,67.41%,3.6%,14.8%,"12:57 ET"
META,572.98,2025-01-17,520.00,-9.25%,15.4,504.6,13.55%,2003,1606,35.50%,0.24161,71.11%,3.1%,12.7%,"12:30 ET"
META,572.98,2025-01-17,460.00,-19.72%,5.05,454.95,25.94%,137,2305,38.39%,0.094076,87.80%,1.1%,4.6%,"12:55 ET"
MGM,40.37,2025-01-17,37.00,-8.35%,1.39,35.61,13.37%,142,2576,39.06%,0.271504,67.53%,3.9%,16.2%,"12:50 ET"
MMM,134.7,2024-11-15,130.00,-3.49%,3.9,126.1,6.82%,234,1974,44.23%,0.355516,62.05%,3.1%,45.2%,"13:05 ET"
MMM,134.7,2024-11-15,125.00,-7.20%,2.42,122.58,9.89%,430,3618,45.69%,0.244804,73.40%,2.0%,28.8%,"13:09 ET"
MNST,54.13,2024-12-20,52.50,-3.01%,1.55,50.95,6.24%,113,2160,28.82%,0.353763,60.32%,3.0%,18.5%,"13:08 ET"
MO,49.24,2024-11-15,47.50,-3.53%,0.46,47.04,4.68%,167,895,21.61%,0.26818,73.76%,1.0%,14.3%,"13:10 ET"
MPLX,43.94,2024-12-20,42.00,-4.42%,0.45,41.55,5.75%,210,1562,16.91%,0.263165,74.49%,1.1%,6.6%,"12:25 ET"
MRNA,53.46,2024-11-15,50.00,-6.47%,2.94,47.06,13.60%,103,4740,84.59%,0.337774,61.88%,6.2%,91.2%,"13:11 ET"
MRNA,53.46,2024-11-15,40.00,-25.18%,0.49,39.51,35.31%,118,1920,89.05%,0.085698,89.34%,1.2%,18.1%,"11:56 ET"
MRNA,53.46,2024-12-20,50.00,-6.47%,4.2,45.8,16.72%,335,1024,72.08%,0.347583,59.05%,9.2%,55.8%,"13:04 ET"
MRNA,53.46,2024-12-20,40.00,-25.18%,1.17,38.83,37.68%,525,774,74.49%,0.129168,83.16%,3.0%,18.3%,"11:40 ET"
MRNA,53.46,2025-01-17,40.00,-25.18%,1.92,38.08,40.39%,102,8493,74.69%,0.15905,78.55%,5.0%,20.9%,"11:56 ET"
MRNA,53.46,2025-01-17,30.00,-43.88%,0.38,29.62,80.49%,113,616,79.71%,0.044966,93.00%,1.3%,5.3%,"12:22 ET"
MRVL,81.44,2024-12-20,72.50,-10.98%,2.77,69.73,16.79%,234,6945,52.30%,0.245331,70.83%,4.0%,24.2%,"12:26 ET"
MRVL,81.44,2024-12-20,67.50,-17.12%,1.6,65.9,23.58%,185,3010,53.88%,0.157795,80.49%,2.4%,14.8%,"11:54 ET"
MRVL,81.44,2025-01-17,70.00,-14.05%,2.76,67.24,21.12%,205,5004,49.98%,0.217076,73.13%,4.1%,17.0%,"12:23 ET"
MRVL,81.44,2024-11-15,80.00,-1.77%,3.05,76.95,5.83%,112,510,46.39%,0.407037,55.84%,4.0%,57.9%,"12:27 ET"
MRVL,81.44,2024-11-15,75.00,-7.91%,1.4,73.6,10.65%,156,1689,47.76%,0.226554,74.51%,1.9%,27.8%,"12:23 ET"
MRVL,81.44,2024-11-15,67.50,-17.12%,0.36,67.14,21.30%,212,3344,51.88%,0.069705,91.66%,0.5%,7.8%,"12:07 ET"
MS,118.5,2025-01-17,100.00,-15.61%,0.85,99.15,19.52%,154,3180,29.45%,0.100664,87.98%,0.9%,3.6%,"10:27 ET"
MS,118.5,2025-01-17,85.00,-28.27%,0.28,84.72,39.87%,100,13481,38.70%,0.030882,95.98%,0.3%,1.4%,"09:46 ET"
MS,118.5,2024-12-20,115.00,-2.95%,2.82,112.18,5.63%,183,801,24.00%,0.349827,62.10%,2.5%,15.3%,"11:56 ET"
MS,118.5,2024-12-20,110.00,-7.17%,1.48,108.52,9.20%,583,3907,25.16%,0.209009,76.72%,1.4%,8.3%,"12:43 ET"
MS,118.5,2024-12-20,105.00,-11.39%,0.78,104.22,13.70%,513,1577,27.12%,0.118508,86.43%,0.7%,4.6%,"12:52 ET"
MS,118.5,2024-11-15,115.00,-2.95%,1.7,113.3,4.59%,172,1275,26.35%,0.313655,66.81%,1.5%,21.9%,"12:38 ET"
MS,118.5,2024-11-15,110.00,-7.17%,0.64,109.36,8.36%,211,3031,28.00%,0.142638,84.52%,0.6%,8.5%,"12:49 ET"
MSFT,416.04,2024-12-20,410.00,-1.45%,12.9,397.1,4.77%,200,3976,25.54%,0.401286,55.62%,3.2%,19.8%,"12:32 ET"
MSFT,416.04,2024-12-20,400.00,-3.86%,9.4,390.6,6.51%,477,14603,26.29%,0.315104,64.39%,2.4%,14.6%,"13:05 ET"
MSFT,416.04,2024-12-20,390.00,-6.26%,6.7,383.3,8.54%,355,1998,26.94%,0.239772,72.30%,1.7%,10.6%,"12:52 ET"
MSFT,416.04,2024-12-20,380.00,-8.66%,4.7,375.3,10.86%,100,2945,27.76%,0.17829,78.96%,1.3%,7.6%,"12:37 ET"
MSFT,416.04,2024-12-20,375.00,-9.86%,3.95,371.05,12.13%,407,2421,28.22%,0.152716,81.80%,1.1%,6.5%,"12:44 ET"
MSFT,416.04,2024-12-20,365.00,-12.27%,2.76,362.24,14.85%,873,6696,29.26%,0.110959,86.50%,0.8%,4.6%,"12:51 ET"
MSFT,416.04,2024-12-20,350.00,-15.87%,1.63,348.37,19.42%,100,3977,31.13%,0.068302,91.46%,0.5%,2.8%,"12:57 ET"
MSFT,416.04,2024-12-20,265.00,-36.30%,0.09,264.91,57.05%,240,1070,44.23%,0.004089,99.40%,0.0%,0.2%,"10:55 ET"
MSFT,416.04,2025-01-17,405.00,-2.65%,13,392,6.13%,571,2992,24.52%,0.361517,58.84%,3.3%,13.8%,"11:53 ET"
MSFT,416.04,2025-01-17,400.00,-3.86%,11.3,388.7,7.03%,178,13068,24.82%,0.324309,62.65%,2.9%,12.1%,"12:58 ET"
MSFT,416.04,2025-01-17,395.00,-5.06%,9.8,385.2,8.01%,517,3926,25.16%,0.289714,66.28%,2.5%,10.6%,"12:29 ET"
MSFT,416.04,2025-01-17,385.00,-7.46%,7.3,377.7,10.15%,111,3121,25.83%,0.227089,72.95%,1.9%,8.0%,"10:44 ET"
MSFT,416.04,2025-01-17,380.00,-8.66%,6.25,373.75,11.32%,434,4330,26.25%,0.200158,75.90%,1.7%,6.9%,"13:01 ET"
MSFT,416.04,2025-01-17,370.00,-11.07%,4.6,365.4,13.86%,282,3434,27.11%,0.153774,81.09%,1.3%,5.2%,"12:57 ET"
MSFT,416.04,2024-11-15,410.00,-1.45%,9.35,400.65,3.84%,252,7188,29.58%,0.395159,57.49%,2.3%,34.1%,"13:10 ET"
MSFT,416.04,2024-11-15,405.00,-2.65%,7.55,397.45,4.68%,117,5823,30.06%,0.337244,63.38%,1.9%,27.7%,"13:06 ET"
MSFT,416.04,2024-11-15,400.00,-3.86%,6.1,393.9,5.62%,246,11158,30.62%,0.284458,68.81%,1.5%,22.6%,"13:06 ET"
MSFT,416.04,2024-11-15,395.00,-5.06%,4.8,390.2,6.62%,198,5161,30.99%,0.2359,73.89%,1.2%,18.0%,"12:48 ET"
MSFT,416.04,2024-11-15,390.00,-6.26%,3.8,386.2,7.73%,189,6920,31.53%,0.193948,78.33%,1.0%,14.4%,"13:09 ET"
MSFT,416.04,2024-11-15,380.00,-8.66%,2.33,377.67,10.16%,277,16225,32.86%,0.128278,85.40%,0.6%,9.0%,"13:07 ET"
MSFT,416.04,2024-11-15,375.00,-9.86%,1.83,373.17,11.49%,384,4235,33.49%,0.102705,88.20%,0.5%,7.2%,"13:04 ET"
MSFT,416.04,2024-11-15,370.00,-11.07%,1.42,368.58,12.88%,136,4353,34.19%,0.081909,90.50%,0.4%,5.6%,"13:06 ET"
MSFT,416.04,2024-11-15,365.00,-12.27%,1.11,363.89,14.33%,223,2983,34.89%,0.064852,92.41%,0.3%,4.5%,"12:48 ET"
MSFT,416.04,2024-11-01,410.00,-1.45%,7.1,402.9,3.26%,188,1775,35.73%,0.38414,59.32%,1.8%,58.5%,"13:09 ET"
MSFT,416.04,2024-11-01,405.00,-2.65%,5.3,399.7,4.09%,152,2028,35.84%,0.311462,66.72%,1.3%,44.0%,"13:10 ET"
MSFT,416.04,2024-11-01,400.00,-3.86%,3.9,396.1,5.03%,405,3782,36.20%,0.246482,73.42%,1.0%,32.7%,"13:10 ET"
MSFT,416.04,2024-11-01,395.00,-5.06%,2.84,392.16,6.09%,223,2337,36.69%,0.190742,79.24%,0.7%,24.0%,"13:06 ET"
MSFT,416.04,2024-11-01,390.00,-6.26%,2.03,387.97,7.24%,462,1405,37.46%,0.145801,83.99%,0.5%,17.4%,"13:08 ET"
MSFT,416.04,2024-11-01,380.00,-8.66%,1.06,378.94,9.79%,222,1103,39.33%,0.082544,90.77%,0.3%,9.3%,"13:07 ET"
MSFT,416.04,2024-11-01,370.00,-11.07%,0.58,369.42,12.62%,339,965,41.81%,0.046725,94.69%,0.2%,5.2%,"13:08 ET"
MSFT,416.04,2024-11-01,360.00,-13.47%,0.33,359.67,15.67%,120,2335,44.87%,0.027434,96.84%,0.1%,3.0%,"12:51 ET"
MSFT,416.04,2024-11-01,345.00,-17.08%,0.14,344.86,20.64%,143,503,49.96%,0.0131,98.46%,0.0%,1.3%,"12:26 ET"
MSTR,215.25,2024-11-15,210.00,-2.44%,21.3,188.7,14.07%,228,2022,113.62%,0.394081,53.31%,11.3%,164.8%,"13:07 ET"
MSTR,215.25,2024-11-15,200.00,-7.08%,16.8,183.2,17.49%,915,5203,113.75%,0.332505,59.75%,9.2%,133.9%,"13:08 ET"
MSTR,215.25,2024-11-15,190.00,-11.73%,12.75,177.25,21.44%,155,5004,115.02%,0.273509,66.08%,7.2%,105.0%,"12:59 ET"
MSTR,215.25,2024-11-15,180.00,-16.38%,9.3,170.7,26.10%,111,1954,116.20%,0.218517,72.18%,5.4%,79.5%,"13:10 ET"
MSTR,215.25,2024-11-15,160.00,-25.67%,5.05,154.95,38.92%,156,3192,122.00%,0.13046,82.36%,3.3%,47.6%,"13:11 ET"
MSTR,215.25,2024-11-15,150.00,-30.31%,3.7,146.3,47.13%,142,2930,126.23%,0.098015,86.29%,2.5%,36.9%,"13:03 ET"
MSTR,215.25,2024-11-15,100.00,-53.54%,0.7,99.3,116.77%,100,4878,163.02%,0.020828,96.38%,0.7%,10.3%,"13:06 ET"
MSTR,215.25,2024-11-15,80.00,-62.83%,0.3,79.7,170.08%,100,1886,184.34%,0.010269,97.99%,0.4%,5.5%,"11:08 ET"
MSTR,215.25,2024-12-20,160.00,-25.67%,10.6,149.4,44.08%,264,705,106.10%,0.173492,75.48%,7.1%,43.2%,"12:35 ET"
MSTR,215.25,2024-11-01,200.00,-7.08%,7.5,192.5,11.82%,814,753,102.56%,0.289144,66.01%,3.9%,129.3%,"13:08 ET"
MSTR,215.25,2024-11-01,185.00,-14.05%,3.75,181.25,18.76%,176,795,105.91%,0.166436,79.49%,2.1%,68.7%,"12:50 ET"
MSTR,215.25,2024-11-01,180.00,-16.38%,2.76,177.24,21.45%,178,689,106.91%,0.133783,83.24%,1.6%,51.7%,"12:43 ET"
MSTR,215.25,2024-11-01,175.00,-18.70%,2.16,172.84,24.54%,104,996,110.79%,0.11067,85.91%,1.2%,41.5%,"12:58 ET"
MSTR,215.25,2024-11-01,170.00,-21.02%,1.87,168.13,28.03%,183,1454,114.33%,0.090574,88.28%,1.1%,36.9%,"12:57 ET"
MSTR,215.25,2024-11-01,160.00,-25.67%,1.1,158.9,35.46%,163,2752,121.56%,0.05971,92.01%,0.7%,23.0%,"13:07 ET"
MSTR,215.25,2024-11-01,150.00,-30.31%,0.86,149.14,44.33%,202,1282,132.14%,0.041684,94.23%,0.6%,19.1%,"13:01 ET"
MSTR,215.25,2024-11-01,140.00,-34.96%,0.62,139.38,54.43%,432,1777,143.04%,0.029011,95.84%,0.4%,14.8%,"13:05 ET"
MSTR,215.25,2024-11-01,130.00,-39.61%,0.31,129.69,65.97%,147,589,156.41%,0.021248,96.84%,0.2%,7.9%,"12:40 ET"
MU,108.09,2024-11-01,103.00,-4.71%,1.28,101.72,6.26%,105,580,46.36%,0.245173,72.55%,1.3%,41.8%,"13:05 ET"
MU,108.09,2024-11-01,100.00,-7.48%,0.7,99.3,8.85%,181,721,47.18%,0.149049,82.89%,0.7%,23.4%,"13:10 ET"
MU,108.09,2024-11-01,90.00,-16.74%,0.11,89.89,20.25%,123,1320,56.99%,0.026062,96.79%,0.1%,4.1%,"12:32 ET"
MU,108.09,2024-11-15,105.00,-2.86%,3.4,101.6,6.39%,207,6318,45.60%,0.364033,59.60%,3.3%,48.9%,"13:02 ET"
MU,108.09,2024-11-15,100.00,-7.48%,1.84,98.16,10.12%,402,8796,46.60%,0.228426,73.82%,1.9%,27.4%,"13:02 ET"
MU,108.09,2024-11-15,95.00,-12.11%,0.94,94.06,14.92%,1542,24324,48.65%,0.131043,84.47%,1.0%,14.6%,"13:11 ET"
MU,108.09,2024-11-15,90.00,-16.74%,0.47,89.53,20.73%,136,11934,51.35%,0.070496,91.35%,0.5%,7.7%,"13:11 ET"
MU,108.09,2024-11-15,85.00,-21.36%,0.25,84.75,27.54%,106,8134,55.58%,0.038869,95.08%,0.3%,4.3%,"12:54 ET"
MU,108.09,2024-11-15,80.00,-25.99%,0.14,79.86,35.35%,141,3569,59.97%,0.02108,97.24%,0.2%,2.6%,"12:59 ET"
MU,108.09,2025-01-17,105.00,-2.86%,7.65,97.35,11.03%,185,9356,46.92%,0.38602,55.01%,7.9%,32.6%,"11:15 ET"
MU,108.09,2025-01-17,97.50,-9.80%,4.7,92.8,16.48%,3064,2352,47.60%,0.271264,67.05%,5.1%,21.0%,"12:50 ET"
MU,108.09,2025-01-17,90.00,-16.74%,2.65,87.35,23.74%,626,8958,48.42%,0.173207,77.95%,3.0%,12.6%,"12:31 ET"
MU,108.09,2025-01-17,87.50,-19.05%,2.16,85.34,26.66%,201,3376,49.01%,0.146712,81.01%,2.5%,10.5%,"11:07 ET"
MU,108.09,2024-12-20,105.00,-2.86%,6.4,98.6,9.62%,205,4672,48.81%,0.386119,55.83%,6.5%,39.5%,"13:11 ET"
MU,108.09,2024-12-20,100.00,-7.48%,4.4,95.6,13.06%,369,8395,48.90%,0.295545,65.26%,4.6%,28.0%,"12:45 ET"
MU,108.09,2024-12-20,85.00,-21.36%,1.14,83.86,28.89%,120,10178,52.13%,0.09883,87.22%,1.4%,8.3%,"11:50 ET"
MU,108.09,2024-12-20,80.00,-25.99%,0.68,79.32,36.27%,119,5520,53.79%,0.062597,91.62%,0.9%,5.2%,"10:58 ET"
NEE,83.82,2024-11-15,80.00,-4.56%,1.62,78.38,6.94%,721,3695,38.50%,0.296517,67.83%,2.1%,30.2%,"12:03 ET"
NEE,83.82,2024-11-15,77.50,-7.54%,1.02,76.48,9.60%,679,3989,39.79%,0.204495,77.42%,1.3%,19.5%,"11:44 ET"
NEE,83.82,2024-12-20,80.00,-4.56%,2.47,77.53,8.11%,137,3810,32.31%,0.324665,63.91%,3.2%,19.4%,"12:27 ET"
NEE,83.82,2024-12-20,75.00,-10.52%,1.2,73.8,13.58%,1836,4191,34.00%,0.181831,79.01%,1.6%,9.9%,"13:03 ET"
NEM,57.85,2025-01-17,50.00,-13.57%,0.83,49.17,17.65%,146,4397,33.98%,0.159042,80.89%,1.7%,7.0%,"12:56 ET"
NEM,57.85,2024-11-15,55.00,-4.93%,1.06,53.94,7.25%,166,3398,38.47%,0.285127,69.21%,2.0%,28.7%,"13:07 ET"
NEM,57.85,2024-11-15,52.50,-9.25%,0.51,51.99,11.27%,184,3821,39.89%,0.159255,82.37%,1.0%,14.3%,"12:58 ET"
NEM,57.85,2024-11-15,47.50,-17.89%,0.1,47.4,22.05%,107,2283,45.30%,0.041276,95.18%,0.2%,3.1%,"09:49 ET"
NEP,25.5,2025-01-17,25.00,-1.96%,1.65,23.35,9.21%,149,2032,35.66%,0.450777,54.50%,7.1%,29.3%,"10:43 ET"
NEP,25.5,2025-01-17,22.50,-11.76%,0.7,21.8,16.97%,147,967,37.23%,0.24441,75.32%,3.2%,13.3%,"10:43 ET"
NEP,25.5,2024-11-15,25.00,-1.96%,1.15,23.85,6.92%,270,1053,51.21%,0.427385,55.87%,4.8%,70.4%,"12:12 ET"
NEP,25.5,2024-11-15,22.50,-11.76%,0.3,22.2,14.86%,159,752,52.72%,0.17311,81.78%,1.4%,19.7%,"13:03 ET"
NFLX,770.08,2024-11-15,750.00,-2.61%,12,738,4.35%,495,631,26.98%,0.32794,64.58%,1.6%,23.7%,"13:10 ET"
NFLX,770.08,2024-11-15,730.00,-5.20%,6.85,723.15,6.49%,149,601,27.79%,0.209344,76.88%,0.9%,13.8%,"13:04 ET"
NFLX,770.08,2024-11-15,710.00,-7.80%,3.8,706.2,9.05%,117,558,29.24%,0.127834,85.58%,0.5%,7.9%,"13:09 ET"
NFLX,770.08,2024-11-15,700.00,-9.10%,2.86,697.14,10.46%,503,1577,30.18%,0.099635,88.65%,0.4%,6.0%,"13:10 ET"
NFLX,770.08,2024-11-15,695.00,-9.75%,2.43,692.57,11.19%,222,658,30.45%,0.086474,90.10%,0.4%,5.1%,"12:39 ET"
NFLX,770.08,2024-11-15,690.00,-10.40%,2.09,687.91,11.94%,109,711,30.84%,0.075454,91.32%,0.3%,4.4%,"13:08 ET"
NFLX,770.08,2024-11-15,680.00,-11.70%,1.57,678.43,13.51%,124,786,31.86%,0.058429,93.21%,0.2%,3.4%,"12:55 ET"
NFLX,770.08,2024-11-15,650.00,-15.59%,0.6,649.4,18.58%,108,1267,35.33%,0.027998,96.66%,0.1%,1.3%,"13:08 ET"
NFLX,770.08,2024-12-20,760.00,-1.31%,24.1,735.9,4.64%,215,517,25.66%,0.40735,55.04%,3.3%,19.9%,"12:34 ET"
NFLX,770.08,2024-12-20,700.00,-9.10%,7.85,692.15,11.26%,143,605,27.61%,0.165956,80.30%,1.1%,6.9%,"13:10 ET"
NFLX,770.08,2024-12-20,685.00,-11.05%,5.8,679.2,13.38%,154,1485,28.18%,0.126425,84.73%,0.9%,5.2%,"13:07 ET"
NFLX,770.08,2024-12-20,450.00,-41.56%,0.13,449.87,71.18%,160,523,50.33%,0.002797,99.58%,0.0%,0.2%,"12:26 ET"
NFLX,770.08,2024-11-01,750.00,-2.61%,6.25,743.75,3.54%,770,867,27.41%,0.273579,71.06%,0.8%,27.9%,"13:11 ET"
NFLX,770.08,2024-11-01,700.00,-9.10%,0.78,699.22,10.13%,175,625,32.96%,0.043011,95.23%,0.1%,3.7%,"13:08 ET"
NFLX,770.08,2025-01-17,660.00,-14.29%,7.2,652.8,17.97%,153,635,30.56%,0.120573,84.80%,1.1%,4.6%,"12:27 ET"
NFLX,770.08,2025-01-17,640.00,-16.89%,5.15,634.85,21.30%,187,972,31.34%,0.088925,88.54%,0.8%,3.4%,"13:05 ET"
NFLX,770.08,2025-01-17,620.00,-19.49%,3.7,616.3,24.95%,146,705,32.47%,0.066048,91.30%,0.6%,2.5%,"10:46 ET"
NKE,81.81,2024-11-15,80.00,-2.21%,1.26,78.74,3.90%,225,6584,25.19%,0.343437,63.28%,1.6%,23.4%,"13:03 ET"
NKE,81.81,2024-11-15,75.00,-8.32%,0.32,74.68,9.55%,202,9124,28.48%,0.108842,87.82%,0.4%,6.3%,"12:58 ET"
NKE,81.81,2025-01-17,70.00,-14.44%,0.94,69.06,18.46%,228,10974,32.77%,0.136788,83.37%,1.4%,5.6%,"12:03 ET"
NKE,81.81,2024-11-01,80.00,-2.21%,0.51,79.49,2.92%,147,953,22.24%,0.265598,71.89%,0.6%,21.3%,"12:57 ET"
NKE,81.81,2024-12-20,80.00,-2.21%,2.88,77.12,6.08%,246,6644,29.99%,0.388995,57.30%,3.7%,22.7%,"12:55 ET"
NKE,81.81,2024-12-20,75.00,-8.32%,1.35,73.65,11.08%,121,11544,31.43%,0.216433,75.24%,1.8%,11.2%,"12:59 ET"
NOW,911.33,2025-01-17,740.00,-18.80%,9.8,730.2,24.81%,178,564,39.95%,0.109108,85.58%,1.3%,5.6%,"12:28 ET"
NVDA,141.17,2024-11-08,139.00,-1.54%,4.95,134.05,5.31%,458,890,50.32%,0.411298,55.51%,3.7%,74.9%,"13:11 ET"
NVDA,141.17,2024-11-08,138.00,-2.25%,4.5,133.5,5.75%,947,3731,50.25%,0.386177,58.06%,3.4%,68.4%,"13:09 ET"
NVDA,141.17,2024-11-08,137.00,-2.95%,4.1,132.9,6.22%,642,1960,50.39%,0.361665,60.56%,3.1%,62.6%,"13:11 ET"
NVDA,141.17,2024-11-08,136.00,-3.66%,3.75,132.25,6.74%,122,534,50.53%,0.337616,63.03%,2.8%,57.5%,"12:54 ET"
NVDA,141.17,2024-11-08,135.00,-4.37%,3.4,131.6,7.27%,1173,7328,50.90%,0.314823,65.37%,2.6%,52.4%,"13:05 ET"
NVDA,141.17,2024-11-08,134.00,-5.08%,3.1,130.9,7.85%,433,1412,51.30%,0.292959,67.64%,2.4%,48.0%,"12:54 ET"
NVDA,141.17,2024-11-08,133.00,-5.79%,2.82,130.18,8.44%,136,1072,51.35%,0.270864,69.94%,2.2%,43.9%,"12:53 ET"
NVDA,141.17,2024-11-08,132.00,-6.50%,2.55,129.45,9.05%,539,1311,51.58%,0.250144,72.12%,2.0%,39.9%,"13:08 ET"
NVDA,141.17,2024-11-08,131.00,-7.20%,2.3,128.7,9.69%,122,1111,51.85%,0.230484,74.19%,1.8%,36.2%,"12:01 ET"
NVDA,141.17,2024-11-08,130.00,-7.91%,2.08,127.92,10.36%,1848,4624,52.35%,0.212627,76.08%,1.6%,33.0%,"13:09 ET"
NVDA,141.17,2024-11-08,129.00,-8.62%,1.88,127.12,11.05%,178,715,52.61%,0.194833,77.98%,1.5%,30.0%,"12:45 ET"
NVDA,141.17,2024-11-08,128.00,-9.33%,1.68,126.32,11.76%,500,1795,53.02%,0.178602,79.73%,1.3%,27.0%,"13:10 ET"
NVDA,141.17,2024-11-08,127.00,-10.04%,1.51,125.49,12.50%,373,934,53.29%,0.162819,81.43%,1.2%,24.4%,"13:06 ET"
NVDA,141.17,2024-11-08,126.00,-10.75%,1.36,124.64,13.26%,435,881,53.76%,0.148792,82.95%,1.1%,22.1%,"13:08 ET"
NVDA,141.17,2024-11-08,125.00,-11.45%,1.22,123.78,14.05%,792,4029,54.05%,0.134951,84.46%,1.0%,20.0%,"13:10 ET"
NVDA,141.17,2024-11-08,124.00,-12.16%,1.09,122.91,14.86%,197,2424,54.74%,0.123657,85.70%,0.9%,18.0%,"13:10 ET"
NVDA,141.17,2024-11-08,123.00,-12.87%,0.98,122.02,15.69%,207,1337,55.29%,0.112614,86.91%,0.8%,16.3%,"13:08 ET"
NVDA,141.17,2024-11-08,122.00,-13.58%,0.89,121.11,16.56%,581,1524,56.01%,0.103058,87.97%,0.7%,14.9%,"13:10 ET"
NVDA,141.17,2024-11-08,121.00,-14.29%,0.8,120.2,17.45%,143,574,56.59%,0.09372,89.01%,0.7%,13.5%,"12:56 ET"
NVDA,141.17,2024-11-08,120.00,-15.00%,0.73,119.27,18.36%,1458,7880,57.21%,0.085239,89.95%,0.6%,12.4%,"13:10 ET"
NVDA,141.17,2024-11-08,118.00,-16.41%,0.6,117.4,20.25%,101,3788,58.66%,0.070909,91.56%,0.5%,10.4%,"12:32 ET"
NVDA,141.17,2024-11-08,116.00,-17.83%,0.5,115.5,22.23%,135,780,60.06%,0.058671,92.95%,0.4%,8.8%,"12:46 ET"
NVDA,141.17,2024-11-08,115.00,-18.54%,0.46,114.54,23.25%,713,4344,60.99%,0.053898,93.50%,0.4%,8.1%,"13:09 ET"
NVDA,141.17,2024-11-08,113.00,-19.95%,0.38,112.62,25.35%,103,784,63.20%,0.046303,94.36%,0.3%,6.8%,"12:52 ET"
NVDA,141.17,2024-11-08,110.00,-22.08%,0.3,109.7,28.69%,461,2908,66.31%,0.036546,95.49%,0.3%,5.5%,"12:57 ET"
NVDA,141.17,2024-11-08,105.00,-25.62%,0.22,104.78,34.73%,180,2679,71.47%,0.024586,96.89%,0.2%,4.3%,"13:08 ET"
NVDA,141.17,2024-11-08,95.00,-32.71%,0.12,94.88,48.79%,387,1504,84.60%,0.013162,98.25%,0.1%,2.6%,"12:03 ET"
NVDA,141.17,2024-11-08,90.00,-36.25%,0.09,89.91,57.01%,106,7184,91.32%,0.009672,98.68%,0.1%,2.0%,"12:43 ET"
NVDA,141.17,2024-11-08,88.00,-37.66%,0.08,87.92,60.57%,168,984,93.35%,0.00818,98.87%,0.1%,1.8%,"09:50 ET"
NVDA,141.17,2024-11-08,87.00,-38.37%,0.08,86.92,62.41%,500,847,94.63%,0.007644,98.94%,0.1%,1.9%,"13:04 ET"
NVDA,141.17,2024-11-08,86.00,-39.08%,0.07,85.93,64.28%,635,815,96.66%,0.007489,98.95%,0.1%,1.7%,"10:40 ET"
NVDA,141.17,2024-11-29,135.00,-4.37%,7.1,127.9,10.38%,360,2922,57.21%,0.358479,59.44%,5.6%,52.0%,"13:08 ET"
NVDA,141.17,2024-11-29,130.00,-7.91%,5.25,124.75,13.16%,794,2272,57.83%,0.287292,66.86%,4.2%,39.4%,"13:10 ET"
NVDA,141.17,2024-11-29,125.00,-11.45%,3.8,121.2,16.48%,278,1578,58.77%,0.223552,73.67%,3.1%,29.3%,"13:06 ET"
NVDA,141.17,2024-11-29,120.00,-15.00%,2.67,117.33,20.32%,426,1765,59.44%,0.16739,79.85%,2.3%,21.3%,"13:01 ET"
NVDA,141.17,2024-11-29,115.00,-18.54%,1.87,113.13,24.79%,187,700,61.12%,0.123677,84.76%,1.7%,15.5%,"12:39 ET"
NVDA,141.17,2024-11-29,110.00,-22.08%,1.29,108.71,29.86%,399,659,62.95%,0.08925,88.73%,1.2%,11.1%,"13:01 ET"
NVDA,141.17,2024-11-29,100.00,-29.16%,0.63,99.37,42.07%,318,1114,68.22%,0.045921,93.90%,0.6%,5.9%,"13:02 ET"
NVDA,141.17,2024-12-20,138.00,-2.25%,10.05,127.95,10.33%,617,5091,54.03%,0.402262,54.13%,7.9%,47.8%,"12:43 ET"
NVDA,141.17,2024-12-20,136.00,-3.66%,9.15,126.85,11.29%,193,4211,54.23%,0.376585,56.74%,7.2%,43.9%,"13:00 ET"
NVDA,141.17,2024-12-20,135.00,-4.37%,8.7,126.3,11.77%,1479,16883,54.48%,0.36405,58.02%,6.9%,41.9%,"13:00 ET"
NVDA,141.17,2024-12-20,134.00,-5.08%,8.3,125.7,12.31%,283,3253,54.57%,0.351476,59.31%,6.6%,40.2%,"13:08 ET"
NVDA,141.17,2024-12-20,132.00,-6.50%,7.5,124.5,13.39%,584,5305,54.52%,0.326393,61.94%,6.0%,36.6%,"13:02 ET"
NVDA,141.17,2024-12-20,130.00,-7.91%,6.75,123.25,14.54%,1644,20294,54.76%,0.302074,64.48%,5.5%,33.3%,"13:10 ET"
NVDA,141.17,2024-12-20,129.00,-8.62%,6.4,122.6,15.15%,149,2860,54.98%,0.290465,65.70%,5.2%,31.8%,"13:06 ET"
NVDA,141.17,2024-12-20,127.00,-10.04%,5.75,121.25,16.43%,108,4754,55.12%,0.267121,68.20%,4.7%,28.8%,"12:36 ET"
NVDA,141.17,2024-12-20,126.00,-10.75%,5.4,120.6,17.06%,457,4325,55.18%,0.255659,69.43%,4.5%,27.2%,"13:11 ET"
NVDA,141.17,2024-12-20,125.00,-11.45%,5.1,119.9,17.74%,1215,20644,55.42%,0.244947,70.59%,4.3%,25.9%,"13:09 ET"
NVDA,141.17,2024-12-20,124.00,-12.16%,4.85,119.15,18.48%,484,13061,55.38%,0.233685,71.82%,4.1%,24.8%,"13:06 ET"
NVDA,141.17,2024-12-20,123.00,-12.87%,4.55,118.45,19.18%,127,5387,55.66%,0.223579,72.92%,3.8%,23.4%,"13:00 ET"
NVDA,141.17,2024-12-20,122.00,-13.58%,4.3,117.7,19.94%,207,4655,55.59%,0.212671,74.13%,3.7%,22.2%,"13:01 ET"
NVDA,141.17,2024-12-20,120.00,-15.00%,3.8,116.2,21.49%,4196,43534,55.84%,0.192706,76.35%,3.3%,19.9%,"13:11 ET"
NVDA,141.17,2024-12-20,119.00,-15.70%,3.55,115.45,22.28%,288,3743,56.19%,0.183811,77.33%,3.1%,18.7%,"12:34 ET"
NVDA,141.17,2024-12-20,118.00,-16.41%,3.35,114.65,23.13%,1153,6004,56.41%,0.174824,78.34%,2.9%,17.8%,"13:09 ET"
NVDA,141.17,2024-12-20,117.00,-17.12%,3.15,113.85,24.00%,970,2885,56.71%,0.166355,79.30%,2.8%,16.8%,"13:09 ET"
NVDA,141.17,2024-12-20,116.00,-17.83%,2.98,113.02,24.91%,132,3740,56.87%,0.157728,80.28%,2.6%,16.0%,"13:00 ET"
NVDA,141.17,2024-12-20,115.00,-18.54%,2.8,112.2,25.82%,931,21303,57.04%,0.14939,81.23%,2.5%,15.2%,"13:07 ET"
NVDA,141.17,2024-12-20,112.00,-20.66%,2.3,109.7,28.69%,290,6270,57.86%,0.127022,83.81%,2.1%,12.8%,"13:07 ET"
NVDA,141.17,2024-12-20,111.00,-21.37%,2.16,108.84,29.70%,148,6024,58.00%,0.119662,84.67%,2.0%,12.1%,"12:34 ET"
NVDA,141.17,2024-12-20,110.00,-22.08%,2.03,107.97,30.75%,1346,58197,58.34%,0.113228,85.42%,1.9%,11.4%,"13:07 ET"
NVDA,141.17,2024-12-20,109.00,-22.79%,1.89,107.11,31.80%,125,6819,58.62%,0.106854,86.17%,1.8%,10.7%,"12:59 ET"
NVDA,141.17,2024-12-20,108.00,-23.50%,1.77,106.23,32.89%,233,8503,58.84%,0.100541,86.92%,1.7%,10.1%,"13:08 ET"
NVDA,141.17,2024-12-20,105.00,-25.62%,1.46,103.54,36.34%,877,49818,59.81%,0.084122,88.89%,1.4%,8.6%,"13:09 ET"
NVDA,141.17,2024-12-20,103.00,-27.04%,1.28,101.72,38.78%,158,8327,60.66%,0.074908,90.00%,1.3%,7.7%,"13:11 ET"
NVDA,141.17,2024-12-20,102.00,-27.75%,1.2,100.8,40.05%,187,7527,61.07%,0.070562,90.53%,1.2%,7.2%,"13:02 ET"
NVDA,141.17,2024-12-20,101.00,-28.46%,1.13,99.87,41.35%,135,9798,61.70%,0.066981,90.96%,1.1%,6.9%,"12:44 ET"
NVDA,141.17,2024-12-20,100.00,-29.16%,1.06,98.94,42.68%,10207,58294,62.01%,0.062747,91.49%,1.1%,6.5%,"13:09 ET"
NVDA,141.17,2024-12-20,97.50,-30.93%,0.91,96.59,46.15%,106,21488,63.18%,0.054003,92.57%,0.9%,5.7%,"11:29 ET"
NVDA,141.17,2024-12-20,95.00,-32.71%,0.78,94.22,49.83%,530,16561,64.56%,0.046695,93.49%,0.8%,5.0%,"13:07 ET"
NVDA,141.17,2024-12-20,90.00,-36.25%,0.59,89.41,57.89%,1139,31651,67.72%,0.035224,94.95%,0.7%,4.0%,"13:00 ET"
NVDA,141.17,2024-12-20,80.00,-43.33%,0.35,79.65,77.24%,201,44493,74.79%,0.019993,96.95%,0.4%,2.7%,"13:00 ET"
NVDA,141.17,2024-12-20,79.00,-44.04%,0.32,78.68,79.42%,200,5650,75.48%,0.018813,97.11%,0.4%,2.5%,"09:51 ET"
NVDA,141.17,2024-12-20,70.00,-50.41%,0.2,69.8,102.25%,1018,24457,83.17%,0.011448,98.13%,0.3%,1.7%,"12:41 ET"
NVDA,141.17,2024-12-20,62.50,-55.73%,0.13,62.37,126.34%,150,1872,90.01%,0.007353,98.72%,0.2%,1.3%,"09:34 ET"
NVDA,141.17,2024-11-01,139.00,-1.54%,3.4,135.6,4.11%,2673,1831,47.56%,0.397238,57.44%,2.5%,83.2%,"13:05 ET"
NVDA,141.17,2024-11-01,138.00,-2.25%,3,135,4.57%,2426,5692,47.68%,0.364115,60.81%,2.2%,73.7%,"13:08 ET"
NVDA,141.17,2024-11-01,137.00,-2.95%,2.67,134.33,5.09%,2382,3033,47.66%,0.331541,64.15%,2.0%,66.0%,"13:10 ET"
NVDA,141.17,2024-11-01,136.00,-3.66%,2.34,133.66,5.62%,2168,2180,47.96%,0.300928,67.30%,1.8%,58.1%,"13:05 ET"
NVDA,141.17,2024-11-01,135.00,-4.37%,2.05,132.95,6.18%,8918,6855,48.26%,0.271831,70.31%,1.5%,51.2%,"13:11 ET"
NVDA,141.17,2024-11-01,134.00,-5.08%,1.79,132.21,6.78%,4091,3913,48.58%,0.244424,73.17%,1.4%,44.9%,"13:10 ET"
NVDA,141.17,2024-11-01,133.00,-5.79%,1.55,131.45,7.39%,1425,6741,48.95%,0.218936,75.85%,1.2%,39.1%,"13:09 ET"
NVDA,141.17,2024-11-01,132.00,-6.50%,1.35,130.65,8.05%,1299,2114,49.11%,0.194301,78.46%,1.0%,34.3%,"13:11 ET"
NVDA,141.17,2024-11-01,131.00,-7.20%,1.17,129.83,8.73%,1183,3670,49.60%,0.172847,80.74%,0.9%,29.9%,"13:09 ET"
NVDA,141.17,2024-11-01,130.00,-7.91%,1.01,128.99,9.44%,6515,18742,50.01%,0.15284,82.88%,0.8%,26.0%,"13:08 ET"
NVDA,141.17,2024-11-01,129.00,-8.62%,0.87,128.13,10.18%,886,1935,50.53%,0.13509,84.79%,0.7%,22.5%,"13:11 ET"
NVDA,141.17,2024-11-01,128.00,-9.33%,0.75,127.25,10.94%,974,5136,51.04%,0.118915,86.55%,0.6%,19.6%,"13:11 ET"
NVDA,141.17,2024-11-01,127.00,-10.04%,0.65,126.35,11.73%,953,3500,51.90%,0.105731,87.98%,0.5%,17.1%,"13:10 ET"
NVDA,141.17,2024-11-01,126.00,-10.75%,0.56,125.44,12.54%,1025,5742,52.25%,0.091948,89.49%,0.4%,14.8%,"13:00 ET"
NVDA,141.17,2024-11-01,125.00,-11.45%,0.5,124.5,13.39%,6910,25209,53.07%,0.081319,90.66%,0.4%,13.3%,"13:09 ET"
NVDA,141.17,2024-11-01,124.00,-12.16%,0.43,123.57,14.24%,426,8260,53.79%,0.071487,91.75%,0.3%,11.5%,"13:05 ET"
NVDA,141.17,2024-11-01,123.00,-12.87%,0.38,122.62,15.13%,453,1514,54.58%,0.062947,92.70%,0.3%,10.3%,"13:02 ET"
NVDA,141.17,2024-11-01,122.00,-13.58%,0.33,121.67,16.03%,2412,6201,55.31%,0.055168,93.57%,0.3%,9.0%,"13:10 ET"
NVDA,141.17,2024-11-01,121.00,-14.29%,0.29,120.71,16.95%,659,1267,56.59%,0.04982,94.17%,0.2%,8.0%,"12:48 ET"
NVDA,141.17,2024-11-01,120.00,-15.00%,0.26,119.74,17.90%,2378,13116,57.30%,0.043556,94.88%,0.2%,7.2%,"13:00 ET"
NVDA,141.17,2024-11-01,119.00,-15.70%,0.24,118.76,18.87%,169,2462,59.20%,0.040886,95.18%,0.2%,6.7%,"13:02 ET"
NVDA,141.17,2024-11-01,118.00,-16.41%,0.21,117.79,19.85%,1142,3566,59.55%,0.034957,95.86%,0.2%,5.9%,"13:02 ET"
NVDA,141.17,2024-11-01,117.00,-17.12%,0.19,116.81,20.85%,288,3888,61.31%,0.032631,96.12%,0.2%,5.4%,"12:48 ET"
NVDA,141.17,2024-11-01,116.00,-17.83%,0.18,115.82,21.89%,172,1787,62.43%,0.029274,96.50%,0.2%,5.2%,"12:35 ET"
NVDA,141.17,2024-11-01,115.00,-18.54%,0.16,114.84,22.93%,676,8487,63.41%,0.026028,96.87%,0.1%,4.6%,"13:00 ET"
NVDA,141.17,2024-11-01,114.00,-19.25%,0.15,113.85,24.00%,530,1522,65.66%,0.025209,96.96%,0.1%,4.4%,"13:11 ET"
NVDA,141.17,2024-11-01,113.00,-19.95%,0.14,112.86,25.08%,364,951,66.45%,0.022166,97.32%,0.1%,4.1%,"12:33 ET"
NVDA,141.17,2024-11-01,111.00,-21.37%,0.12,110.88,27.32%,114,2831,69.24%,0.018618,97.73%,0.1%,3.6%,"13:00 ET"
NVDA,141.17,2024-11-01,110.00,-22.08%,0.11,109.89,28.46%,1728,7696,71.47%,0.018082,97.78%,0.1%,3.3%,"13:02 ET"
NVDA,141.17,2024-11-01,108.00,-23.50%,0.1,107.9,30.83%,169,945,73.92%,0.014899,98.16%,0.1%,3.1%,"13:09 ET"
NVDA,141.17,2024-11-01,106.00,-24.91%,0.08,105.92,33.28%,582,1142,77.19%,0.013023,98.37%,0.1%,2.5%,"12:12 ET"
NVDA,141.17,2024-11-01,105.00,-25.62%,0.08,104.92,34.55%,819,2711,78.12%,0.011588,98.55%,0.1%,2.5%,"12:58 ET"
NVDA,141.17,2024-11-01,103.00,-27.04%,0.07,102.93,37.15%,107,1015,81.09%,0.009924,98.74%,0.1%,2.3%,"11:59 ET"
NVDA,141.17,2024-11-01,100.00,-29.16%,0.06,99.94,41.25%,682,4713,87.77%,0.00921,98.82%,0.1%,2.0%,"13:03 ET"
NVDA,141.17,2025-01-17,138.00,-2.25%,11.7,126.3,11.77%,245,2000,51.57%,0.399168,53.57%,9.3%,38.4%,"13:10 ET"
NVDA,141.17,2025-01-17,136.00,-3.66%,10.75,125.25,12.71%,439,4567,51.62%,0.376501,55.85%,8.6%,35.6%,"12:38 ET"
NVDA,141.17,2025-01-17,135.00,-4.37%,10.3,124.7,13.21%,434,5136,51.87%,0.365572,56.96%,8.3%,34.3%,"13:05 ET"
NVDA,141.17,2025-01-17,134.00,-5.08%,9.9,124.1,13.76%,139,4010,51.79%,0.354343,58.12%,8.0%,33.1%,"12:22 ET"
NVDA,141.17,2025-01-17,130.00,-7.91%,8.25,121.75,15.95%,2631,34602,52.09%,0.311136,62.64%,6.8%,28.1%,"13:01 ET"
NVDA,141.17,2025-01-17,129.00,-8.62%,7.9,121.1,16.57%,207,3837,52.18%,0.300637,63.75%,6.5%,27.1%,"12:40 ET"
NVDA,141.17,2025-01-17,128.00,-9.33%,7.5,120.5,17.15%,118,8598,52.22%,0.290131,64.88%,6.2%,25.8%,"12:29 ET"
NVDA,141.17,2025-01-17,126.00,-10.75%,6.85,119.15,18.48%,236,2894,52.55%,0.270093,67.02%,5.7%,23.8%,"12:57 ET"
NVDA,141.17,2025-01-17,125.00,-11.45%,6.5,118.5,19.13%,477,23190,52.49%,0.259775,68.15%,5.5%,22.8%,"12:51 ET"
NVDA,141.17,2025-01-17,121.00,-14.29%,5.3,115.7,22.01%,147,5621,53.06%,0.221886,72.30%,4.6%,19.0%,"13:10 ET"
NVDA,141.17,2025-01-17,120.00,-15.00%,5.05,114.95,22.81%,1171,37227,53.20%,0.212884,73.30%,4.4%,18.2%,"13:08 ET"
NVDA,141.17,2025-01-17,115.00,-18.54%,3.85,111.15,27.01%,515,44459,53.89%,0.170727,78.08%,3.5%,14.4%,"13:05 ET"
NVDA,141.17,2025-01-17,112.00,-20.66%,3.25,108.75,29.81%,162,7067,54.42%,0.148257,80.68%,3.0%,12.4%,"12:54 ET"
NVDA,141.17,2025-01-17,110.00,-22.08%,2.9,107.1,31.81%,900,42923,54.78%,0.134324,82.32%,2.7%,11.2%,"13:03 ET"
NVDA,141.17,2025-01-17,108.00,-23.50%,2.58,105.42,33.91%,306,7043,55.21%,0.12149,83.84%,2.4%,10.2%,"12:39 ET"
NVDA,141.17,2025-01-17,105.00,-25.62%,2.17,102.83,37.28%,1068,30938,56.08%,0.104537,85.88%,2.1%,8.8%,"12:50 ET"
NVDA,141.17,2025-01-17,104.00,-26.33%,2.04,101.96,38.46%,1268,10460,56.23%,0.09881,86.58%,2.0%,8.3%,"12:20 ET"
NVDA,141.17,2025-01-17,100.00,-29.16%,1.61,98.39,43.48%,1267,57064,57.43%,0.079783,88.93%,1.6%,6.8%,"13:10 ET"
NVDA,141.17,2025-01-17,95.00,-32.71%,1.2,93.8,50.50%,225,43885,59.25%,0.060704,91.33%,1.3%,5.3%,"13:00 ET"
NVDA,141.17,2025-01-17,90.00,-36.25%,0.91,89.09,58.46%,601,35469,61.56%,0.046394,93.18%,1.0%,4.2%,"13:03 ET"
NVDA,141.17,2025-01-17,88.00,-37.66%,0.82,87.18,61.93%,126,13308,62.63%,0.041782,93.78%,0.9%,3.9%,"12:00 ET"
NVDA,141.17,2025-01-17,86.00,-39.08%,0.73,85.27,65.56%,158,9650,63.59%,0.037308,94.38%,0.9%,3.6%,"12:02 ET"
NVDA,141.17,2025-01-17,85.00,-39.79%,0.69,84.31,67.44%,263,24072,64.01%,0.035119,94.68%,0.8%,3.4%,"12:07 ET"
NVDA,141.17,2025-01-17,80.00,-43.33%,0.54,79.46,77.66%,1048,73352,67.27%,0.027315,95.72%,0.7%,2.8%,"12:54 ET"
NVDA,141.17,2025-01-17,70.00,-50.41%,0.32,69.68,102.60%,547,54723,73.59%,0.015535,97.39%,0.5%,1.9%,"12:47 ET"
NVDA,141.17,2025-01-17,60.00,-57.50%,0.18,59.82,135.99%,156,39906,81.04%,0.008652,98.42%,0.3%,1.2%,"12:01 ET"
NVDA,141.17,2024-11-22,138.00,-2.25%,8,130,8.59%,380,557,59.72%,0.403643,55.11%,6.2%,70.2%,"13:01 ET"
NVDA,141.17,2024-11-22,135.00,-4.37%,6.7,128.3,10.03%,1518,4062,60.30%,0.356756,59.88%,5.2%,59.6%,"13:11 ET"
NVDA,141.17,2024-11-22,133.00,-5.79%,5.9,127.1,11.07%,195,1029,60.73%,0.326684,62.99%,4.6%,52.9%,"13:04 ET"
NVDA,141.17,2024-11-22,131.00,-7.20%,5.2,125.8,12.22%,104,711,61.09%,0.297515,66.03%,4.1%,47.1%,"13:06 ET"
NVDA,141.17,2024-11-22,130.00,-7.91%,4.9,125.1,12.85%,1610,5856,61.19%,0.283138,67.54%,3.9%,44.7%,"13:06 ET"
NVDA,141.17,2024-11-22,127.00,-10.04%,4,123,14.77%,165,935,61.48%,0.241893,71.94%,3.3%,37.1%,"12:59 ET"
NVDA,141.17,2024-11-22,126.00,-10.75%,3.7,122.3,15.43%,110,1983,61.98%,0.229892,73.22%,3.0%,34.5%,"13:06 ET"
NVDA,141.17,2024-11-22,125.00,-11.45%,3.45,121.55,16.14%,585,4569,61.82%,0.216424,74.68%,2.8%,32.4%,"13:11 ET"
NVDA,141.17,2024-11-22,124.00,-12.16%,3.2,120.8,16.86%,135,720,61.96%,0.204134,76.02%,2.6%,30.2%,"13:00 ET"
NVDA,141.17,2024-11-22,122.00,-13.58%,2.79,119.21,18.42%,596,1207,62.45%,0.181428,78.50%,2.3%,26.7%,"12:56 ET"
NVDA,141.17,2024-11-22,120.00,-15.00%,2.42,117.58,20.06%,518,5211,63.19%,0.161095,80.74%,2.1%,23.5%,"13:09 ET"
NVDA,141.17,2024-11-22,118.00,-16.41%,2.08,115.92,21.78%,142,2196,63.62%,0.141436,82.94%,1.8%,20.5%,"12:38 ET"
NVDA,141.17,2024-11-22,117.00,-17.12%,1.93,115.07,22.68%,134,2192,63.97%,0.132629,83.93%,1.7%,19.1%,"12:53 ET"
NVDA,141.17,2024-11-22,115.00,-18.54%,1.65,113.35,24.54%,468,4847,64.78%,0.116532,85.75%,1.5%,16.6%,"13:07 ET"
NVDA,141.17,2024-11-22,110.00,-22.08%,1.12,108.88,29.66%,624,3001,66.57%,0.082061,89.72%,1.0%,11.7%,"13:11 ET"
NVDA,141.17,2024-11-22,108.00,-23.50%,0.96,107.04,31.89%,119,629,67.88%,0.07219,90.87%,0.9%,10.2%,"12:36 ET"
NVDA,141.17,2024-11-22,105.00,-25.62%,0.77,104.23,35.44%,144,1561,69.26%,0.057964,92.55%,0.7%,8.4%,"13:00 ET"
NVDA,141.17,2024-11-22,100.00,-29.16%,0.54,99.46,41.94%,198,1733,72.57%,0.041179,94.57%,0.5%,6.2%,"13:08 ET"
NVDA,141.17,2024-11-15,138.00,-2.25%,5.25,132.75,6.34%,1563,5993,48.62%,0.392011,57.08%,4.0%,57.7%,"13:05 ET"
NVDA,141.17,2024-11-15,136.00,-3.66%,4.5,131.5,7.35%,801,4490,48.88%,0.349033,61.47%,3.4%,50.0%,"13:05 ET"
NVDA,141.17,2024-11-15,135.00,-4.37%,4.15,130.85,7.89%,3906,15156,48.85%,0.327782,63.67%,3.2%,46.3%,"13:11 ET"
NVDA,141.17,2024-11-15,134.00,-5.08%,3.8,130.2,8.43%,647,5657,49.06%,0.307579,65.76%,2.9%,42.6%,"13:06 ET"
NVDA,141.17,2024-11-15,132.00,-6.50%,3.2,128.8,9.60%,796,6967,49.54%,0.269079,69.78%,2.5%,36.3%,"13:11 ET"
NVDA,141.17,2024-11-15,130.00,-7.91%,2.69,127.31,10.89%,7421,26972,50.02%,0.233362,73.55%,2.1%,30.8%,"13:11 ET"
NVDA,141.17,2024-11-15,129.00,-8.62%,2.46,126.54,11.56%,774,7013,50.39%,0.217035,75.29%,1.9%,28.4%,"13:09 ET"
NVDA,141.17,2024-11-15,128.00,-9.33%,2.24,125.76,12.25%,471,6128,50.70%,0.201296,76.98%,1.8%,26.0%,"13:11 ET"
NVDA,141.17,2024-11-15,127.00,-10.04%,2.04,124.96,12.97%,1510,7876,51.01%,0.18632,78.59%,1.6%,23.8%,"13:05 ET"
NVDA,141.17,2024-11-15,126.00,-10.75%,1.86,124.14,13.72%,824,4753,51.33%,0.172116,80.13%,1.5%,21.9%,"13:05 ET"
NVDA,141.17,2024-11-15,125.00,-11.45%,1.69,123.31,14.48%,5710,34919,51.83%,0.159416,81.51%,1.4%,20.0%,"13:11 ET"
NVDA,141.17,2024-11-15,124.00,-12.16%,1.54,122.46,15.28%,1136,5385,52.08%,0.146451,82.93%,1.3%,18.4%,"13:06 ET"
NVDA,141.17,2024-11-15,123.00,-12.87%,1.4,121.6,16.09%,305,7100,52.54%,0.135072,84.19%,1.2%,16.8%,"13:09 ET"
NVDA,141.17,2024-11-15,122.00,-13.58%,1.27,120.73,16.93%,965,5431,52.93%,0.124124,85.40%,1.1%,15.4%,"13:07 ET"
NVDA,141.17,2024-11-15,121.00,-14.29%,1.17,119.83,17.81%,514,4363,53.45%,0.114387,86.48%,1.0%,14.3%,"13:08 ET"
NVDA,141.17,2024-11-15,120.00,-15.00%,1.06,118.94,18.69%,3755,41238,54.00%,0.105371,87.49%,0.9%,13.0%,"13:11 ET"
NVDA,141.17,2024-11-15,119.00,-15.70%,0.97,118.03,19.61%,473,4859,54.43%,0.096523,88.48%,0.8%,12.0%,"13:03 ET"
NVDA,141.17,2024-11-15,118.00,-16.41%,0.88,117.12,20.53%,572,12670,55.05%,0.08898,89.33%,0.8%,11.0%,"13:11 ET"
NVDA,141.17,2024-11-15,117.00,-17.12%,0.81,116.19,21.50%,476,11216,55.75%,0.082197,90.10%,0.7%,10.2%,"13:05 ET"
NVDA,141.17,2024-11-15,116.00,-17.83%,0.74,115.26,22.48%,785,7806,56.34%,0.075567,90.85%,0.6%,9.4%,"12:56 ET"
NVDA,141.17,2024-11-15,115.00,-18.54%,0.68,114.32,23.49%,3602,38573,57.03%,0.069693,91.52%,0.6%,8.7%,"13:11 ET"
NVDA,141.17,2024-11-15,114.00,-19.25%,0.63,113.37,24.52%,155,7809,57.83%,0.06459,92.11%,0.6%,8.1%,"12:47 ET"
NVDA,141.17,2024-11-15,113.00,-19.95%,0.58,112.42,25.57%,383,8810,58.33%,0.058963,92.76%,0.5%,7.5%,"13:01 ET"
NVDA,141.17,2024-11-15,112.00,-20.66%,0.54,111.46,26.66%,198,9595,59.19%,0.054753,93.24%,0.5%,7.1%,"13:10 ET"
NVDA,141.17,2024-11-15,111.00,-21.37%,0.5,110.5,27.76%,169,7956,59.98%,0.050656,93.72%,0.5%,6.6%,"13:02 ET"
NVDA,141.17,2024-11-15,110.00,-22.08%,0.47,109.53,28.89%,4481,50761,61.24%,0.047999,94.02%,0.4%,6.3%,"13:10 ET"
NVDA,141.17,2024-11-15,109.00,-22.79%,0.43,108.57,30.03%,103,3482,61.90%,0.044107,94.48%,0.4%,5.8%,"12:52 ET"
NVDA,141.17,2024-11-15,108.00,-23.50%,0.41,107.59,31.21%,1654,6345,63.08%,0.041646,94.76%,0.4%,5.6%,"12:51 ET"
NVDA,141.17,2024-11-15,105.00,-25.62%,0.33,104.67,34.87%,804,23379,65.35%,0.03271,95.83%,0.3%,4.6%,"13:10 ET"
NVDA,141.17,2024-11-15,102.00,-27.75%,0.28,101.72,38.78%,165,4795,69.01%,0.027779,96.40%,0.3%,4.0%,"12:43 ET"
NVDA,141.17,2024-11-15,100.00,-29.16%,0.25,99.75,41.52%,1453,39541,70.70%,0.023843,96.88%,0.3%,3.7%,"13:08 ET"
NVDA,141.17,2024-11-15,97.00,-31.29%,0.21,96.79,45.85%,147,9208,73.84%,0.019626,97.39%,0.2%,3.2%,"12:12 ET"
NVDA,141.17,2024-11-15,95.00,-32.71%,0.19,94.81,48.90%,373,42467,76.76%,0.018119,97.57%,0.2%,2.9%,"13:07 ET"
NVDA,141.17,2024-11-15,91.00,-35.54%,0.15,90.85,55.39%,109,8768,81.15%,0.014094,98.07%,0.2%,2.4%,"12:45 ET"
NVDA,141.17,2024-11-15,90.00,-36.25%,0.14,89.86,57.10%,161,30942,81.34%,0.012483,98.28%,0.2%,2.3%,"13:02 ET"
NVDA,141.17,2024-11-15,89.00,-36.96%,0.13,88.87,58.85%,172,2646,82.25%,0.011559,98.40%,0.1%,2.1%,"12:05 ET"
NVDA,141.17,2024-11-15,84.00,-40.50%,0.1,83.9,68.26%,371,2420,88.15%,0.008542,98.78%,0.1%,1.7%,"13:00 ET"
NVDA,141.17,2024-11-15,80.00,-43.33%,0.08,79.92,76.64%,144,48642,94.27%,0.007277,98.93%,0.1%,1.5%,"12:10 ET"
NVO,117.34,2025-01-17,105.00,-10.52%,3.5,101.5,15.61%,309,4286,39.39%,0.239492,71.72%,3.4%,14.3%,"12:07 ET"
NVO,117.34,2024-12-20,110.00,-6.26%,4.2,105.8,10.91%,412,2558,41.33%,0.310045,65.00%,4.0%,24.1%,"12:25 ET"
NVO,117.34,2024-11-15,105.00,-10.52%,1.28,103.72,13.13%,143,3847,46.49%,0.161976,81.94%,1.2%,18.0%,"12:20 ET"
NVO,117.34,2024-11-01,110.00,-6.26%,0.43,109.57,7.09%,106,504,33.98%,0.129538,86.33%,0.4%,13.0%,"13:02 ET"
NVS,116.15,2024-11-15,110.00,-5.29%,0.8,109.2,6.36%,501,639,24.40%,0.197253,80.29%,0.7%,10.7%,"11:16 ET"
NXT,32.03,2024-11-15,30.00,-6.34%,1.8,28.2,13.58%,129,2999,85.87%,0.344941,61.46%,6.4%,93.2%,"13:05 ET"
O,63.95,2024-11-15,62.50,-2.27%,0.65,61.85,3.40%,220,1472,19.91%,0.306685,67.01%,1.1%,15.3%,"13:00 ET"
OMF,46.93,2024-11-15,42.50,-9.44%,0.65,41.85,12.14%,160,933,48.54%,0.199889,78.25%,1.6%,22.7%,"13:00 ET"
ON,66.71,2024-11-15,60.00,-10.06%,1.57,58.43,14.17%,139,1160,63.84%,0.228076,73.71%,2.7%,39.2%,"11:24 ET"
ON,66.71,2025-01-17,65.00,-2.56%,5.05,59.95,11.28%,517,2598,49.66%,0.393402,54.24%,8.4%,34.9%,"12:29 ET"
ON,66.71,2025-01-17,60.00,-10.06%,3.1,56.9,17.24%,150,5530,50.57%,0.275338,66.53%,5.4%,22.6%,"12:47 ET"
ONON,48.28,2024-11-15,47.50,-1.62%,2.49,45.01,7.27%,368,536,60.93%,0.416316,54.07%,5.5%,80.8%,"13:11 ET"
ONON,48.28,2024-11-15,45.00,-6.79%,1.5,43.5,10.99%,334,5405,61.84%,0.292609,66.81%,3.4%,50.3%,"12:33 ET"
ORCL,173.88,2024-11-15,170.00,-2.23%,2.76,167.24,3.97%,143,2349,25.92%,0.343587,63.03%,1.7%,24.1%,"12:57 ET"
OXY,51.71,2024-12-20,50.00,-3.31%,1.65,48.35,6.95%,348,6091,31.29%,0.353654,60.45%,3.4%,20.8%,"13:08 ET"
OXY,51.71,2024-11-15,50.00,-3.31%,0.94,49.06,5.40%,179,15520,32.84%,0.318089,65.22%,1.9%,28.0%,"12:32 ET"
OXY,51.71,2024-11-01,51.00,-1.37%,0.57,50.43,2.54%,196,604,26.48%,0.354562,61.82%,1.1%,37.5%,"12:38 ET"
OXY,51.71,2024-11-01,50.00,-3.31%,0.3,49.7,4.04%,112,1462,27.43%,0.218192,75.99%,0.6%,20.0%,"12:18 ET"
OXY,51.71,2024-11-08,51.00,-1.37%,0.93,50.07,3.28%,145,715,29.34%,0.38699,58.40%,1.9%,37.7%,"11:08 ET"
OXY,51.71,2024-11-08,50.00,-3.31%,0.61,49.39,4.70%,157,823,30.49%,0.28357,69.03%,1.2%,25.0%,"13:04 ET"
OZK,43.46,2024-11-15,42.50,-2.21%,1.25,41.25,5.36%,303,1006,39.86%,0.384673,58.48%,3.0%,44.2%,"13:06 ET"
PAAS,25.15,2025-01-17,21.00,-16.50%,0.6,20.4,23.28%,144,3354,47.71%,0.181734,77.93%,2.9%,12.2%,"11:11 ET"
PANW,376.55,2024-12-20,340.00,-9.71%,9.6,330.4,13.97%,153,1129,42.83%,0.234933,72.17%,2.9%,17.7%,"11:49 ET"
PANW,376.55,2025-01-17,370.00,-1.74%,22.65,347.35,8.41%,126,1637,38.34%,0.405015,53.71%,6.5%,27.0%,"11:45 ET"
PANW,376.55,2024-11-15,330.00,-12.36%,2.18,327.82,14.86%,101,1025,44.14%,0.107765,87.33%,0.7%,9.7%,"12:30 ET"
PBF,32.64,2024-11-15,25.00,-23.41%,0.15,24.85,31.35%,180,1048,73.79%,0.066688,91.63%,0.6%,8.8%,"09:55 ET"
PDD,124.95,2024-11-15,120.00,-3.96%,3.8,116.2,7.53%,951,14703,47.99%,0.343362,62.62%,3.3%,47.7%,"12:50 ET"
PDD,124.95,2025-01-17,105.00,-15.97%,3.05,101.95,22.56%,300,4562,46.65%,0.179574,77.62%,3.0%,12.4%,"09:55 ET"
PDD,124.95,2024-11-01,115.00,-7.96%,0.71,114.29,9.33%,104,516,46.16%,0.138509,84.98%,0.6%,20.6%,"13:11 ET"
PDD,124.95,2024-11-01,110.00,-11.96%,0.31,109.69,13.91%,101,4618,50.10%,0.064306,92.86%,0.3%,9.4%,"12:34 ET"
PDD,124.95,2024-12-20,120.00,-3.96%,7.1,112.9,10.67%,132,3963,49.51%,0.370216,57.98%,6.3%,38.3%,"12:39 ET"
PDD,124.95,2024-12-20,90.00,-27.97%,0.65,89.35,39.84%,1943,9814,54.96%,0.053108,92.96%,0.7%,4.4%,"10:52 ET"
PEP,175.79,2024-11-15,170.00,-3.29%,0.89,169.11,3.95%,109,6009,16.72%,0.207703,77.79%,0.5%,7.7%,"13:05 ET"
PEP,175.79,2024-11-15,160.00,-8.98%,0.18,159.82,9.99%,379,1277,21.86%,0.044986,95.00%,0.1%,1.6%,"12:48 ET"
PEP,175.79,2024-12-20,165.00,-6.14%,1.23,163.77,7.34%,119,1412,18.14%,0.173941,80.54%,0.8%,4.6%,"13:01 ET"
PFE,29,2024-11-08,28.00,-3.45%,0.52,27.48,5.53%,222,1571,38.38%,0.32463,65.97%,1.9%,38.4%,"12:49 ET"
PFE,29,2024-11-01,28.50,-1.72%,0.44,28.06,3.35%,269,931,33.70%,0.371549,61.69%,1.6%,52.0%,"12:54 ET"
PFE,29,2024-11-01,28.00,-3.45%,0.28,27.72,4.62%,561,3997,34.25%,0.267302,72.25%,1.0%,33.5%,"13:02 ET"
PFE,29,2024-11-01,27.00,-6.90%,0.11,26.89,7.85%,327,13254,36.98%,0.125913,86.72%,0.4%,13.6%,"12:55 ET"
PFE,29,2025-01-17,27.50,-5.17%,0.76,26.74,8.45%,799,60083,24.91%,0.310415,66.79%,2.8%,11.8%,"13:08 ET"
PFE,29,2024-12-20,27.00,-6.90%,0.47,26.53,9.31%,195,13644,26.83%,0.238968,74.44%,1.8%,10.8%,"13:09 ET"
PFE,29,2024-12-20,26.00,-10.34%,0.27,25.73,12.71%,242,10204,27.97%,0.154504,83.22%,1.0%,6.4%,"11:37 ET"
PFE,29,2024-11-15,28.00,-3.45%,0.58,27.42,5.76%,366,17284,33.99%,0.330431,65.34%,2.1%,30.9%,"13:07 ET"
PFE,29,2024-11-15,27.00,-6.90%,0.29,26.71,8.57%,363,7250,34.54%,0.201917,78.54%,1.1%,15.9%,"12:32 ET"
PFE,29,2024-11-15,26.00,-10.34%,0.14,25.86,12.14%,159,10803,34.72%,0.106424,88.53%,0.5%,7.9%,"13:08 ET"
PG,168.95,2025-01-17,165.00,-2.34%,2.63,162.37,4.05%,158,4580,14.49%,0.328185,63.02%,1.6%,6.7%,"12:43 ET"
PG,168.95,2025-01-17,160.00,-5.30%,1.52,158.48,6.61%,1002,5703,15.71%,0.205826,75.98%,1.0%,4.0%,"12:19 ET"
PII,81.57,2024-11-15,80.00,-1.92%,3.2,76.8,6.21%,112,2176,48.51%,0.409993,56.08%,4.2%,60.8%,"13:10 ET"
PII,81.57,2024-11-15,75.00,-8.05%,1.45,73.55,10.90%,2021,613,51.80%,0.242647,73.22%,2.0%,28.8%,"13:07 ET"
PII,81.57,2024-12-20,80.00,-1.92%,4.4,75.6,7.90%,178,618,41.94%,0.413678,54.55%,5.8%,35.4%,"13:07 ET"
PLD,117.96,2024-11-15,110.00,-6.75%,0.75,109.25,7.97%,309,3329,28.99%,0.163121,82.14%,0.7%,10.0%,"12:48 ET"
PLTR,42.51,2024-11-22,40.00,-5.90%,2.07,37.93,12.07%,114,772,67.12%,0.336166,62.03%,5.5%,62.2%,"13:04 ET"
PLTR,42.51,2024-11-22,38.00,-10.61%,1.37,36.63,16.05%,219,741,66.93%,0.247216,71.43%,3.7%,42.7%,"13:06 ET"
PLTR,42.51,2024-11-22,37.00,-12.96%,1.08,35.92,18.35%,147,594,68.30%,0.210173,75.38%,3.0%,34.3%,"12:42 ET"
PLTR,42.51,2024-12-20,42.00,-1.20%,3.5,38.5,10.42%,133,1832,58.66%,0.422922,52.02%,9.1%,55.3%,"12:26 ET"
PLTR,42.51,2024-12-20,40.00,-5.90%,2.61,37.39,13.69%,304,3609,57.97%,0.343378,60.22%,7.0%,42.5%,"13:10 ET"
PLTR,42.51,2024-12-20,38.00,-10.61%,1.85,36.15,17.59%,279,4376,58.44%,0.267583,68.20%,5.1%,31.1%,"13:00 ET"
PLTR,42.51,2024-12-20,37.00,-12.96%,1.54,35.46,19.88%,298,2740,58.97%,0.233111,71.93%,4.3%,26.4%,"12:35 ET"
PLTR,42.51,2024-12-20,35.00,-17.67%,1.03,33.97,25.14%,176,5171,59.93%,0.170973,78.81%,3.0%,18.4%,"12:45 ET"
PLTR,42.51,2024-12-20,33.00,-22.37%,0.64,32.36,31.37%,332,6469,61.28%,0.120549,84.60%,2.0%,12.0%,"12:43 ET"
PLTR,42.51,2024-12-20,30.00,-29.43%,0.35,29.65,43.37%,140,7904,63.63%,0.06575,91.16%,1.2%,7.2%,"12:51 ET"
PLTR,42.51,2024-12-20,25.00,-41.19%,0.11,24.89,70.79%,374,6652,73.01%,0.024636,96.35%,0.4%,2.7%,"12:07 ET"
PLTR,42.51,2024-11-29,40.00,-5.90%,2.15,37.85,12.31%,130,635,62.45%,0.336924,61.72%,5.7%,53.2%,"13:02 ET"
PLTR,42.51,2024-11-08,42.00,-1.20%,2.71,39.29,8.20%,227,1957,81.08%,0.433698,52.67%,6.9%,139.9%,"13:01 ET"
PLTR,42.51,2024-11-08,41.00,-3.55%,2.23,38.77,9.65%,244,1466,80.59%,0.381355,58.01%,5.8%,116.6%,"12:53 ET"
PLTR,42.51,2024-11-08,40.00,-5.90%,1.81,38.19,11.31%,716,4784,80.24%,0.329473,63.36%,4.7%,96.1%,"12:56 ET"
PLTR,42.51,2024-11-08,39.00,-8.26%,1.44,37.56,13.18%,214,1519,80.51%,0.280156,68.51%,3.8%,77.7%,"13:09 ET"
PLTR,42.51,2024-11-08,38.00,-10.61%,1.14,36.86,15.33%,337,1404,81.08%,0.234537,73.33%,3.1%,62.7%,"13:03 ET"
PLTR,42.51,2024-11-08,37.00,-12.96%,0.87,36.13,17.66%,252,1639,81.78%,0.193132,77.77%,2.4%,48.8%,"13:06 ET"
PLTR,42.51,2024-11-08,36.00,-15.31%,0.67,35.33,20.32%,359,1497,82.37%,0.155916,81.82%,1.9%,38.5%,"12:57 ET"
PLTR,42.51,2024-11-08,35.00,-17.67%,0.51,34.49,23.25%,158,2998,83.02%,0.123479,85.41%,1.5%,30.0%,"12:59 ET"
PLTR,42.51,2024-11-08,34.00,-20.02%,0.38,33.62,26.44%,605,2476,85.27%,0.099343,88.09%,1.1%,22.9%,"12:58 ET"
PLTR,42.51,2024-11-08,33.00,-22.37%,0.29,32.71,29.96%,150,942,86.03%,0.076067,90.75%,0.9%,18.0%,"13:05 ET"
PLTR,42.51,2024-11-08,32.00,-24.72%,0.21,31.79,33.72%,206,1392,89.05%,0.061095,92.45%,0.7%,13.4%,"11:33 ET"
PLTR,42.51,2024-11-08,30.00,-29.43%,0.12,29.88,42.27%,477,1836,92.33%,0.034937,95.54%,0.4%,8.1%,"11:53 ET"
PLTR,42.51,2024-11-15,42.00,-1.20%,2.84,39.16,8.55%,216,10880,71.70%,0.431946,52.56%,7.3%,105.9%,"12:58 ET"
PLTR,42.51,2024-11-15,40.00,-5.90%,1.94,38.06,11.69%,866,7352,72.13%,0.333273,62.64%,5.1%,74.4%,"13:07 ET"
PLTR,42.51,2024-11-15,39.00,-8.26%,1.56,37.44,13.54%,402,2932,72.07%,0.285793,67.61%,4.2%,60.8%,"13:01 ET"
PLTR,42.51,2024-11-15,38.00,-10.61%,1.24,36.76,15.64%,345,9202,72.85%,0.242526,72.18%,3.4%,49.2%,"13:09 ET"
PLTR,42.51,2024-11-15,37.00,-12.96%,0.98,36.02,18.02%,699,12062,72.88%,0.201018,76.66%,2.7%,39.7%,"13:02 ET"
PLTR,42.51,2024-11-15,36.00,-15.31%,0.76,35.24,20.63%,372,6156,73.45%,0.164606,80.64%,2.2%,31.5%,"12:50 ET"
PLTR,42.51,2024-11-15,35.00,-17.67%,0.59,34.41,23.54%,560,9220,74.94%,0.13479,83.92%,1.7%,25.0%,"13:03 ET"
PLTR,42.51,2024-11-15,34.00,-20.02%,0.46,33.54,26.74%,227,6139,75.08%,0.105659,87.22%,1.4%,20.0%,"13:09 ET"
PLTR,42.51,2024-11-15,33.00,-22.37%,0.35,32.65,30.20%,212,5535,76.81%,0.084583,89.61%,1.1%,15.7%,"13:03 ET"
PLTR,42.51,2024-11-15,30.00,-29.43%,0.17,29.83,42.51%,224,19830,83.82%,0.043441,94.40%,0.6%,8.3%,"13:03 ET"
PLTR,42.51,2024-11-15,27.00,-36.49%,0.09,26.91,57.97%,419,5369,91.97%,0.021774,97.03%,0.3%,4.9%,"12:48 ET"
PLTR,42.51,2024-11-01,42.00,-1.20%,0.97,41.03,3.61%,804,2764,42.76%,0.41515,56.46%,2.4%,78.4%,"13:08 ET"
PLTR,42.51,2024-11-01,41.50,-2.38%,0.78,40.72,4.40%,666,748,43.34%,0.354873,62.54%,1.9%,63.6%,"13:05 ET"
PLTR,42.51,2024-11-01,41.00,-3.55%,0.6,40.4,5.22%,1002,1864,43.00%,0.295502,68.60%,1.5%,49.3%,"13:04 ET"
PLTR,42.51,2024-11-01,40.50,-4.73%,0.47,40.03,6.20%,2624,1053,43.49%,0.243533,73.94%,1.2%,39.0%,"13:11 ET"
PLTR,42.51,2024-11-01,40.00,-5.90%,0.36,39.64,7.24%,631,5442,44.99%,0.202213,78.21%,0.9%,30.1%,"13:04 ET"
PLTR,42.51,2024-11-01,39.00,-8.26%,0.22,38.78,9.62%,480,2343,45.66%,0.126673,86.15%,0.6%,18.8%,"13:07 ET"
PLTR,42.51,2024-11-01,38.00,-10.61%,0.14,37.86,12.28%,342,2799,48.58%,0.082734,90.82%,0.4%,12.3%,"13:11 ET"
PLTR,42.51,2024-11-01,37.00,-12.96%,0.08,36.92,15.14%,214,2477,52.83%,0.05784,93.49%,0.2%,7.2%,"12:48 ET"
PLTR,42.51,2024-11-01,36.00,-15.31%,0.06,35.94,18.28%,396,2737,56.69%,0.03997,95.44%,0.2%,5.5%,"12:56 ET"
PLTR,42.51,2025-01-17,40.00,-5.90%,3.05,36.95,15.05%,198,4398,54.65%,0.346446,58.97%,8.3%,34.2%,"13:09 ET"
PLTR,42.51,2025-01-17,35.00,-17.67%,1.36,33.64,26.37%,108,4611,56.23%,0.189748,75.93%,4.0%,16.8%,"12:33 ET"
PLTR,42.51,2025-01-17,31.00,-27.08%,0.61,30.39,39.88%,656,2303,58.04%,0.098959,86.61%,2.0%,8.3%,"12:53 ET"
PLTR,42.51,2025-01-17,30.00,-29.43%,0.51,29.49,44.15%,310,11699,59.09%,0.083327,88.52%,1.7%,7.2%,"13:11 ET"
PM,119.39,2024-11-15,115.00,-3.68%,1.35,113.65,5.05%,154,1185,26.20%,0.276759,70.76%,1.2%,17.3%,"12:59 ET"
PRU,125.9,2024-11-15,115.00,-8.66%,0.7,114.3,10.15%,103,1401,33.55%,0.135584,84.88%,0.6%,8.9%,"12:46 ET"
PSA,334.34,2024-11-15,330.00,-1.30%,6.4,323.6,3.32%,103,1592,27.25%,0.39215,57.27%,2.0%,28.9%,"12:39 ET"
PSTG,57.35,2024-11-15,55.00,-4.10%,1.2,53.8,6.60%,449,501,39.10%,0.313347,65.87%,2.2%,32.6%,"12:34 ET"
PYPL,80.82,2024-11-15,75.00,-7.20%,1.87,73.13,10.52%,466,3287,52.14%,0.262428,70.80%,2.6%,37.3%,"13:10 ET"
PYPL,80.82,2024-11-15,70.00,-13.39%,0.83,69.17,16.84%,103,6253,54.62%,0.136345,84.27%,1.2%,17.5%,"13:10 ET"
PYPL,80.82,2024-11-01,80.00,-1.01%,3.15,76.85,5.17%,147,542,64.51%,0.43785,53.63%,4.1%,136.0%,"12:59 ET"
PYPL,80.82,2024-11-01,70.00,-13.39%,0.44,69.56,16.19%,140,2171,68.83%,0.101557,88.55%,0.6%,21.0%,"12:43 ET"
QCOM,167.31,2024-12-20,165.00,-1.38%,9.55,155.45,7.63%,128,1264,41.66%,0.421818,53.28%,6.1%,37.4%,"12:34 ET"
QCOM,167.31,2024-11-15,165.00,-1.38%,6.75,158.25,5.73%,259,2353,46.84%,0.42185,54.51%,4.3%,62.3%,"12:46 ET"
QCOM,167.31,2024-11-15,160.00,-4.37%,4.75,155.25,7.77%,141,2574,47.67%,0.328835,63.99%,3.1%,44.7%,"12:58 ET"
QCOM,167.31,2024-11-15,155.00,-7.36%,3.3,151.7,10.29%,117,1930,48.61%,0.246054,72.60%,2.2%,31.8%,"13:03 ET"
QCOM,167.31,2024-11-15,150.00,-10.35%,2.19,147.81,13.19%,215,2456,49.76%,0.177189,79.92%,1.5%,21.6%,"13:11 ET"
QCOM,167.31,2024-11-15,145.00,-13.33%,1.45,143.55,16.55%,146,4306,51.55%,0.125091,85.56%,1.0%,14.7%,"13:08 ET"
QCOM,167.31,2024-11-01,165.00,-1.38%,3.05,161.95,3.31%,118,689,37.22%,0.391426,58.52%,1.9%,62.5%,"12:33 ET"
QCOM,167.31,2024-11-01,160.00,-4.37%,1.54,158.46,5.59%,313,686,38.71%,0.233889,74.69%,1.0%,32.2%,"13:11 ET"
QCOM,167.31,2024-11-01,155.00,-7.36%,0.74,154.26,8.46%,1238,632,40.40%,0.124767,86.21%,0.5%,15.9%,"13:10 ET"
QCOM,167.31,2025-01-17,160.00,-4.37%,8.8,151.2,10.65%,122,4195,39.86%,0.358204,59.03%,5.8%,24.1%,"13:03 ET"
RACE,479.05,2024-11-15,440.00,-8.15%,3.7,436.3,9.80%,149,513,35.51%,0.157953,81.99%,0.8%,12.4%,"12:40 ET"
RBLX,39.89,2024-12-20,35.00,-12.26%,1.4,33.6,18.72%,101,2815,56.54%,0.2359,71.58%,4.2%,25.3%,"12:56 ET"
RDDT,78.56,2024-11-15,55.00,-29.99%,0.25,54.75,43.49%,112,2518,82.31%,0.038119,95.11%,0.5%,6.7%,"12:59 ET"
RDDT,78.56,2024-11-01,77.00,-1.99%,4.1,72.9,7.76%,136,871,92.17%,0.417936,54.99%,5.6%,186.6%,"12:32 ET"
RDDT,78.56,2024-11-01,75.00,-4.53%,3.25,71.75,9.49%,603,3492,92.69%,0.355411,61.34%,4.5%,150.3%,"13:10 ET"
RDDT,78.56,2024-11-01,70.00,-10.90%,1.61,68.39,14.87%,150,824,93.35%,0.213176,76.17%,2.4%,78.1%,"12:58 ET"
RDNT,67.12,2024-11-15,60.00,-10.61%,0.9,59.1,13.57%,138,1205,53.29%,0.183311,78.93%,1.5%,22.2%,"12:57 ET"
RF,23.68,2024-11-15,23.00,-2.87%,0.5,22.5,5.24%,480,709,35.38%,0.352353,62.35%,2.2%,32.4%,"12:55 ET"
ROKU,76.79,2024-11-15,60.00,-21.86%,0.86,59.14,29.84%,140,755,82.00%,0.10239,87.49%,1.5%,21.2%,"13:03 ET"
ROKU,76.79,2025-01-17,70.00,-8.84%,4.8,65.2,17.78%,121,1540,56.24%,0.306684,63.13%,7.4%,30.5%,"11:30 ET"
RSG,203.37,2024-11-15,200.00,-1.66%,2.85,197.15,3.15%,129,847,22.24%,0.354185,61.30%,1.4%,21.1%,"13:11 ET"
RTX,125.39,2024-11-15,120.00,-4.30%,1.72,118.28,6.01%,773,1668,30.50%,0.273505,70.90%,1.5%,21.2%,"12:16 ET"
RTX,125.39,2024-11-15,115.00,-8.29%,0.73,114.27,9.73%,133,1558,32.18%,0.139807,84.78%,0.6%,9.3%,"12:26 ET"
SAP,229.65,2024-11-15,200.00,-12.91%,1.15,198.85,15.49%,376,4845,42.46%,0.095653,89.32%,0.6%,8.4%,"13:10 ET"
SBUX,96.68,2024-11-01,90.00,-6.91%,0.93,89.07,8.54%,106,1291,50.76%,0.191658,79.18%,1.0%,34.6%,"13:01 ET"
SBUX,96.68,2024-11-15,95.00,-1.74%,3.05,91.95,5.14%,212,7508,40.27%,0.405443,56.60%,3.3%,48.4%,"12:21 ET"
SBUX,96.68,2024-11-15,90.00,-6.91%,1.41,88.59,9.13%,743,9359,40.91%,0.228709,74.81%,1.6%,23.2%,"13:10 ET"
SBUX,96.68,2025-01-17,95.00,-1.74%,4.25,90.75,6.53%,106,12880,28.97%,0.406634,54.90%,4.7%,19.4%,"12:09 ET"
SBUX,96.68,2025-01-17,92.50,-4.32%,3.25,89.25,8.32%,142,5998,29.01%,0.335408,62.18%,3.6%,15.1%,"12:17 ET"
SBUX,96.68,2025-01-17,90.00,-6.91%,2.45,87.55,10.43%,204,8080,29.37%,0.27013,69.02%,2.8%,11.6%,"12:17 ET"
SBUX,96.68,2024-12-20,95.00,-1.74%,3.8,91.2,6.01%,127,3273,31.26%,0.406876,55.50%,4.2%,25.3%,"12:56 ET"
SBUX,96.68,2024-12-20,85.00,-12.08%,1.03,83.97,15.14%,20351,5306,33.76%,0.148388,82.65%,1.2%,7.5%,"12:45 ET"
SCHW,70.99,2024-12-20,70.00,-1.39%,2.09,67.91,4.54%,653,3625,24.50%,0.406004,55.62%,3.1%,18.7%,"11:51 ET"
SCHW,70.99,2024-12-20,65.00,-8.44%,0.72,64.28,10.44%,110,2292,25.97%,0.173483,79.87%,1.1%,6.8%,"12:20 ET"
SCHW,70.99,2024-11-15,70.00,-1.39%,1.3,68.7,3.33%,255,2642,24.84%,0.389649,58.55%,1.9%,27.6%,"12:56 ET"
SHEL,67.06,2024-12-20,55.00,-17.98%,0.15,54.85,22.26%,336,530,31.83%,0.052139,93.77%,0.3%,1.7%,"11:21 ET"
SHOP,82.23,2024-11-15,80.00,-2.71%,4.4,75.6,8.77%,112,2405,66.82%,0.394289,56.25%,5.8%,85.0%,"12:47 ET"
SHOP,82.23,2025-01-17,55.00,-33.11%,0.49,54.51,50.85%,100,7837,55.73%,0.049307,92.92%,0.9%,3.7%,"09:58 ET"
SHOP,82.23,2025-01-17,50.00,-39.19%,0.26,49.74,65.32%,112,11052,59.41%,0.029118,95.60%,0.5%,2.2%,"12:15 ET"
SII,46.87,2024-11-15,40.00,-14.66%,0.2,39.8,17.76%,200,1192,44.03%,0.078511,91.55%,0.5%,7.3%,"12:00 ET"
SIRI,27.74,2024-11-15,26.00,-6.27%,0.75,25.25,9.86%,121,646,53.65%,0.291351,67.77%,3.0%,43.4%,"11:55 ET"
SIRI,27.74,2024-11-15,25.00,-9.88%,0.46,24.54,13.04%,145,591,54.73%,0.207483,76.61%,1.9%,27.4%,"12:49 ET"
SLB,42.76,2025-01-17,40.00,-6.45%,1.3,38.7,10.49%,204,10516,31.74%,0.290525,66.57%,3.4%,13.9%,"12:55 ET"
SLB,42.76,2025-01-17,35.00,-18.15%,0.35,34.65,23.41%,219,4263,35.14%,0.098515,87.71%,1.0%,4.2%,"10:54 ET"
SLB,42.76,2025-01-17,32.50,-23.99%,0.17,32.33,32.26%,200,2481,38.93%,0.058158,92.44%,0.5%,2.2%,"10:11 ET"
SLB,42.76,2024-11-15,40.00,-6.45%,0.42,39.58,8.03%,145,20296,33.59%,0.200526,77.60%,1.1%,15.5%,"13:07 ET"
SMCI,48.03,2024-11-08,45.00,-6.31%,2.8,42.2,13.82%,137,653,102.76%,0.342509,61.24%,6.6%,134.5%,"12:28 ET"
SMCI,48.03,2024-11-08,40.00,-16.72%,1.25,38.75,23.95%,151,1854,105.68%,0.183176,78.22%,3.2%,65.4%,"12:58 ET"
SMCI,48.03,2024-11-08,35.00,-27.13%,0.5,34.5,39.22%,1158,723,113.10%,0.081972,89.62%,1.4%,29.4%,"12:01 ET"
SMCI,48.03,2024-11-15,47.00,-2.14%,4.1,42.9,11.96%,173,6263,95.08%,0.413177,53.47%,9.6%,139.5%,"12:04 ET"
SMCI,48.03,2024-11-15,45.00,-6.31%,3.2,41.8,14.90%,214,10000,96.19%,0.347118,60.21%,7.7%,111.8%,"13:10 ET"
SMCI,48.03,2024-11-15,44.00,-8.39%,2.8,41.2,16.58%,108,5424,96.19%,0.31471,63.61%,6.8%,99.2%,"12:13 ET"
SMCI,48.03,2024-11-15,43.00,-10.47%,2.45,40.55,18.45%,173,5895,96.54%,0.28337,66.93%,6.0%,88.2%,"12:56 ET"
SMCI,48.03,2024-11-15,42.00,-12.55%,2.1,39.9,20.38%,633,32255,97.93%,0.254529,69.97%,5.3%,76.8%,"13:05 ET"
SMCI,48.03,2024-11-15,41.00,-14.64%,1.8,39.2,22.53%,467,6959,98.60%,0.226302,73.02%,4.6%,67.0%,"12:50 ET"
SMCI,48.03,2024-11-15,40.00,-16.72%,1.55,38.45,24.92%,356,27660,99.27%,0.199629,75.93%,4.0%,58.9%,"12:58 ET"
SMCI,48.03,2024-11-15,38.00,-20.88%,1.1,36.9,30.16%,302,7563,101.14%,0.152408,81.19%,3.0%,43.5%,"12:35 ET"
SMCI,48.03,2024-11-15,37.00,-22.96%,0.95,36.05,33.23%,1148,4401,102.56%,0.132411,83.45%,2.6%,38.5%,"12:37 ET"
SMCI,48.03,2025-01-17,46.00,-4.23%,5.9,40.1,19.78%,128,5746,78.17%,0.372277,54.48%,14.7%,61.0%,"12:58 ET"
SMCI,48.03,2025-01-17,45.00,-6.31%,5.4,39.6,21.29%,1224,19428,78.82%,0.350696,56.69%,13.6%,56.6%,"11:02 ET"
SMCI,48.03,2025-01-17,41.00,-14.64%,3.7,37.3,28.77%,115,13120,79.43%,0.266323,65.75%,9.9%,41.1%,"12:26 ET"
SMCI,48.03,2025-01-17,40.00,-16.72%,3.3,36.7,30.87%,114,24439,80.12%,0.246611,67.90%,9.0%,37.3%,"12:41 ET"
SMCI,48.03,2025-01-17,38.00,-20.88%,2.7,35.3,36.06%,203,2724,80.77%,0.208215,72.26%,7.6%,31.7%,"12:33 ET"
SMCI,48.03,2025-01-17,29.00,-39.62%,0.8,28.2,70.32%,2444,5767,87.96%,0.079651,87.86%,2.8%,11.8%,"10:51 ET"
SMCI,48.03,2024-12-20,45.00,-6.31%,4.6,40.4,18.89%,248,14703,82.56%,0.352323,57.72%,11.4%,69.3%,"12:46 ET"
SMCI,48.03,2024-12-20,43.00,-10.47%,3.7,39.3,22.21%,153,8448,84.97%,0.3048,62.59%,9.4%,57.3%,"13:09 ET"
SMCI,48.03,2024-12-20,41.00,-14.64%,3,38,26.39%,421,10230,85.11%,0.258221,67.67%,7.9%,48.0%,"11:42 ET"
SMCI,48.03,2024-12-20,40.00,-16.72%,2.65,37.35,28.59%,1063,14685,83.68%,0.23352,70.51%,7.1%,43.2%,"12:08 ET"
SMCI,48.03,2024-12-20,38.00,-20.88%,2.1,35.9,33.79%,136,2673,86.29%,0.194175,74.84%,5.8%,35.6%,"11:52 ET"
SMCI,48.03,2024-12-20,33.00,-31.29%,1,32,50.09%,281,1898,90.29%,0.110024,84.74%,3.1%,19.0%,"11:51 ET"
SMCI,48.03,2024-11-01,47.50,-1.10%,2.8,44.7,7.45%,368,804,94.59%,0.439204,52.69%,6.3%,207.9%,"13:01 ET"
SMCI,48.03,2024-11-01,47.00,-2.14%,2.55,44.45,8.05%,488,1069,95.99%,0.414196,55.18%,5.7%,190.4%,"13:05 ET"
SMCI,48.03,2024-11-01,46.00,-4.23%,2.1,43.9,9.41%,424,712,94.52%,0.363592,60.38%,4.8%,158.7%,"13:07 ET"
SMCI,48.03,2024-11-01,45.00,-6.31%,1.75,43.25,11.05%,1083,4130,94.52%,0.314565,65.44%,4.0%,134.3%,"13:09 ET"
SMCI,48.03,2024-11-01,44.00,-8.39%,1.4,42.6,12.75%,511,1852,96.30%,0.270376,69.99%,3.3%,109.0%,"12:35 ET"
SMCI,48.03,2024-11-01,43.00,-10.47%,1.15,41.85,14.77%,136,655,96.45%,0.227109,74.56%,2.7%,91.2%,"12:42 ET"
SMCI,48.03,2024-11-01,42.50,-11.51%,1,41.5,15.73%,323,549,99.96%,0.213155,75.96%,2.4%,80.0%,"11:47 ET"
SMCI,48.03,2024-11-01,42.00,-12.55%,0.9,41.1,16.86%,167,2450,98.99%,0.191999,78.25%,2.2%,72.7%,"13:05 ET"
SMCI,48.03,2024-11-01,41.00,-14.64%,0.75,40.25,19.33%,110,1369,102.50%,0.162986,81.31%,1.9%,61.8%,"13:03 ET"
SMCI,48.03,2024-11-01,40.00,-16.72%,0.6,39.4,21.90%,384,5525,104.24%,0.134502,84.40%,1.5%,50.5%,"13:10 ET"
SMCI,48.03,2024-11-01,35.00,-27.13%,0.2,34.8,38.02%,113,1030,121.49%,0.053764,93.33%,0.6%,19.1%,"12:03 ET"
SMCI,48.03,2024-11-01,34.00,-29.21%,0.15,33.85,41.89%,142,511,121.67%,0.040526,94.90%,0.4%,14.7%,"10:40 ET"
SNOW,118.78,2024-12-20,115.00,-3.18%,8.05,106.95,11.06%,184,2592,55.03%,0.383695,55.76%,7.5%,45.8%,"12:20 ET"
SNOW,118.78,2025-01-17,65.00,-45.28%,0.26,64.74,83.47%,100,2185,65.31%,0.018656,96.99%,0.4%,1.7%,"10:20 ET"
SPOT,380.03,2024-11-01,360.00,-5.27%,1.6,358.4,6.04%,284,1364,32.34%,0.152102,83.26%,0.4%,14.8%,"11:57 ET"
SPOT,380.03,2024-12-20,330.00,-13.16%,7.3,322.7,17.77%,438,594,44.91%,0.181761,78.09%,2.3%,13.8%,"11:38 ET"
SQ,73.89,2025-01-17,70.00,-5.26%,4.65,65.35,13.07%,130,6803,48.80%,0.34647,58.93%,7.1%,29.5%,"12:17 ET"
SQ,73.89,2024-11-01,72.00,-2.56%,1.35,70.65,4.59%,787,1103,45.41%,0.338609,62.88%,1.9%,63.4%,"12:37 ET"
SQ,73.89,2024-11-01,70.00,-5.26%,0.77,69.23,6.73%,193,749,46.39%,0.2237,74.91%,1.1%,36.9%,"13:03 ET"
SQ,73.89,2024-12-20,70.00,-5.26%,3.95,66.05,11.87%,332,1276,51.89%,0.342727,60.14%,6.0%,36.4%,"13:05 ET"
SQ,73.89,2024-12-20,65.00,-12.03%,2.29,62.71,17.83%,519,3277,52.72%,0.226312,72.57%,3.7%,22.2%,"12:42 ET"
SQ,73.89,2024-11-15,70.00,-5.26%,2.86,67.14,10.05%,917,1552,63.10%,0.329102,62.84%,4.3%,62.2%,"12:41 ET"
SQ,73.89,2024-11-15,65.00,-12.03%,1.41,63.59,16.20%,123,2242,64.66%,0.190874,77.56%,2.2%,32.4%,"12:58 ET"
SRPT,127.29,2024-11-15,120.00,-5.73%,3.2,116.8,8.98%,410,1187,50.01%,0.293605,67.39%,2.7%,40.0%,"10:49 ET"
SYF,55.86,2024-11-15,55.00,-1.54%,2,53,5.40%,866,1762,44.30%,0.409779,55.32%,3.8%,55.1%,"13:04 ET"
SYF,55.86,2024-11-15,47.00,-15.86%,0.35,46.65,19.74%,122,2644,53.45%,0.09075,89.15%,0.8%,11.0%,"12:41 ET"
T,21.77,2024-11-15,21.00,-3.54%,0.34,20.66,5.37%,126,4497,29.17%,0.306733,68.14%,1.6%,24.0%,"13:09 ET"
T,21.77,2024-11-01,21.50,-1.24%,0.42,21.08,3.27%,409,904,36.75%,0.412544,57.75%,2.0%,66.1%,"12:50 ET"
T,21.77,2024-11-01,21.00,-3.54%,0.25,20.75,4.92%,136,623,37.04%,0.279104,71.23%,1.2%,40.0%,"11:22 ET"
TCOM,60.35,2025-01-17,45.00,-25.43%,0.45,44.55,35.47%,100,1632,46.45%,0.074017,90.09%,1.0%,4.2%,"09:44 ET"
TFC,42.55,2025-01-17,37.50,-11.87%,0.63,36.87,15.41%,111,1697,30.69%,0.176898,79.91%,1.7%,7.1%,"12:04 ET"
TFC,42.55,2025-01-17,35.00,-17.74%,0.32,34.68,22.69%,237,5921,33.87%,0.102102,87.99%,0.9%,3.8%,"11:32 ET"
TFC,42.55,2024-11-15,40.00,-5.99%,0.5,39.5,7.72%,720,1565,33.99%,0.226714,75.64%,1.3%,18.5%,"11:54 ET"
TGT,151.44,2024-11-15,145.00,-4.25%,2.04,142.96,5.93%,131,1753,30.11%,0.27218,70.93%,1.4%,20.8%,"13:08 ET"
TGT,151.44,2024-11-15,140.00,-7.55%,1.07,138.93,9.00%,157,3102,31.75%,0.15819,82.78%,0.8%,11.2%,"13:04 ET"
TGTX,23.67,2024-11-15,21.00,-11.28%,0.95,20.05,18.05%,190,788,89.01%,0.264706,69.63%,4.7%,69.2%,"09:42 ET"
THC,161.11,2024-11-15,150.00,-6.90%,4.7,145.3,10.88%,228,634,60.60%,0.291089,67.38%,3.2%,47.2%,"12:43 ET"
TJX,115.52,2024-11-15,105.00,-9.11%,0.31,104.69,10.34%,200,1693,27.20%,0.080753,91.01%,0.3%,4.3%,"10:19 ET"
TKO,129.35,2025-01-17,126.14,-2.48%,5.2,120.94,6.95%,233,3420,24.98%,0.430189,58.12%,4.3%,17.8%,"12:56 ET"
TMUS,223.03,2024-11-15,210.00,-5.84%,1.74,208.26,7.09%,253,3237,29.16%,0.191174,78.49%,0.8%,12.2%,"13:06 ET"
TRMB,61.02,2024-11-15,60.00,-1.67%,1.95,58.05,5.12%,176,3791,41.29%,0.407492,56.20%,3.4%,49.0%,"12:52 ET"
TROW,114.29,2024-11-15,110.00,-3.75%,1.85,108.15,5.68%,973,7098,31.19%,0.300334,68.04%,1.7%,25.0%,"12:59 ET"
TROW,114.29,2024-11-15,100.00,-12.50%,0.4,99.6,14.75%,935,6656,38.43%,0.082331,90.79%,0.4%,5.9%,"12:49 ET"
TSLA,218.29,2024-11-15,215.00,-1.51%,10.8,204.2,6.90%,1307,10279,56.02%,0.424778,54.12%,5.3%,77.2%,"13:11 ET"
TSLA,218.29,2024-11-15,210.00,-3.80%,8.6,201.4,8.39%,1223,13288,56.25%,0.36316,60.37%,4.3%,62.3%,"13:09 ET"
TSLA,218.29,2024-11-15,205.00,-6.09%,6.75,198.25,10.11%,618,7213,56.52%,0.304116,66.45%,3.4%,49.7%,"13:09 ET"
TSLA,218.29,2024-11-15,200.00,-8.38%,5.15,194.85,12.03%,2215,21049,57.03%,0.249776,72.12%,2.6%,38.6%,"13:07 ET"
TSLA,218.29,2024-11-15,195.00,-10.67%,3.9,191.1,14.23%,358,5258,57.47%,0.200474,77.34%,2.0%,29.8%,"13:00 ET"
TSLA,218.29,2024-11-15,190.00,-12.96%,2.92,187.08,16.68%,1528,11138,58.00%,0.157462,81.97%,1.6%,22.8%,"13:10 ET"
TSLA,218.29,2024-11-15,185.00,-15.25%,2.15,182.85,19.38%,278,7891,58.93%,0.122068,85.83%,1.2%,17.2%,"12:45 ET"
TSLA,218.29,2024-11-15,180.00,-17.54%,1.59,178.41,22.35%,678,9569,60.09%,0.093484,89.00%,0.9%,13.0%,"13:11 ET"
TSLA,218.29,2024-11-15,175.00,-19.83%,1.17,173.83,25.58%,461,5449,61.50%,0.071031,91.52%,0.7%,9.8%,"13:02 ET"
TSLA,218.29,2024-11-15,170.00,-22.12%,0.87,169.13,29.07%,162,7666,63.41%,0.054409,93.40%,0.5%,7.5%,"12:44 ET"
TSLA,218.29,2024-11-15,160.00,-26.70%,0.5,159.5,36.86%,345,9162,67.41%,0.031282,96.09%,0.3%,4.6%,"13:11 ET"
TSLA,218.29,2024-11-15,155.00,-28.99%,0.39,154.61,41.19%,1347,6886,70.04%,0.024286,96.91%,0.3%,3.7%,"13:01 ET"
TSLA,218.29,2024-11-15,135.00,-38.16%,0.17,134.83,61.90%,124,3433,83.02%,0.009876,98.65%,0.1%,1.8%,"12:26 ET"
TSLA,218.29,2024-11-01,215.00,-1.51%,7.55,207.45,5.23%,1065,1674,61.57%,0.420846,55.65%,3.6%,120.8%,"13:07 ET"
TSLA,218.29,2024-11-01,210.00,-3.80%,5.5,204.5,6.74%,1310,3448,61.47%,0.336919,64.16%,2.7%,89.2%,"13:11 ET"
TSLA,218.29,2024-11-01,205.00,-6.09%,3.85,201.15,8.52%,1085,1428,61.78%,0.25967,72.10%,1.9%,63.5%,"13:03 ET"
TSLA,218.29,2024-11-01,200.00,-8.38%,2.6,197.4,10.58%,3706,3945,61.89%,0.191201,79.23%,1.3%,43.7%,"13:11 ET"
TSLA,218.29,2024-11-01,195.00,-10.67%,1.7,193.3,12.93%,726,1606,62.55%,0.135937,85.06%,0.9%,29.2%,"13:10 ET"
TSLA,218.29,2024-11-01,190.00,-12.96%,1.1,188.9,15.56%,4247,4312,63.67%,0.094007,89.54%,0.6%,19.3%,"13:10 ET"
TSLA,218.29,2024-11-01,185.00,-15.25%,0.72,184.28,18.46%,438,1189,65.27%,0.063969,92.79%,0.4%,13.0%,"13:09 ET"
TSLA,218.29,2024-11-01,180.00,-17.54%,0.48,179.52,21.60%,1011,2137,67.58%,0.043838,94.99%,0.3%,8.9%,"13:05 ET"
TSLA,218.29,2024-11-01,175.00,-19.83%,0.33,174.67,24.97%,150,837,70.82%,0.031144,96.39%,0.2%,6.3%,"12:43 ET"
TSLA,218.29,2024-11-01,170.00,-22.12%,0.24,169.76,28.59%,120,1081,74.06%,0.022015,97.41%,0.1%,4.7%,"11:52 ET"
TSLA,218.29,2024-11-01,165.00,-24.41%,0.17,164.83,32.43%,101,1301,77.37%,0.015568,98.14%,0.1%,3.4%,"12:43 ET"
TSLA,218.29,2024-11-01,160.00,-26.70%,0.13,159.87,36.54%,106,895,82.43%,0.012336,98.50%,0.1%,2.7%,"12:35 ET"
TSLA,218.29,2024-11-01,155.00,-28.99%,0.1,154.9,40.92%,116,852,85.88%,0.008771,98.92%,0.1%,2.1%,"12:35 ET"
TSLA,218.29,2024-11-08,215.00,-1.51%,9.6,205.4,6.28%,457,960,59.53%,0.424747,54.57%,4.7%,94.8%,"13:08 ET"
TSLA,218.29,2024-11-08,210.00,-3.80%,7.45,202.55,7.77%,305,1270,59.55%,0.356312,61.51%,3.7%,74.6%,"13:08 ET"
TSLA,218.29,2024-11-08,205.00,-6.09%,5.6,199.4,9.47%,917,2919,59.59%,0.290895,68.25%,2.8%,56.9%,"13:07 ET"
TSLA,218.29,2024-11-08,200.00,-8.38%,4.15,195.85,11.46%,791,1461,60.07%,0.231801,74.41%,2.1%,43.0%,"13:08 ET"
TSLA,218.29,2024-11-08,195.00,-10.67%,3,192,13.69%,139,1174,60.37%,0.179033,80.00%,1.6%,31.7%,"13:05 ET"
TSLA,218.29,2024-11-08,190.00,-12.96%,2.17,187.83,16.22%,126,1206,61.36%,0.13629,84.58%,1.2%,23.4%,"13:09 ET"
TSLA,218.29,2024-11-08,185.00,-15.25%,1.54,183.46,18.99%,2316,858,62.60%,0.102013,88.30%,0.8%,17.0%,"13:08 ET"
TSLA,218.29,2024-11-08,180.00,-17.54%,1.09,178.91,22.01%,249,1326,63.91%,0.074911,91.29%,0.6%,12.4%,"13:10 ET"
TSLA,218.29,2024-11-08,175.00,-19.83%,0.79,174.21,25.30%,530,615,65.95%,0.055632,93.44%,0.5%,9.2%,"13:00 ET"
TSLA,218.29,2024-11-08,170.00,-22.12%,0.57,169.43,28.84%,175,1757,68.32%,0.041493,95.03%,0.3%,6.8%,"13:09 ET"
TSLA,218.29,2024-11-08,160.00,-26.70%,0.33,159.67,36.71%,131,1474,73.86%,0.023571,97.09%,0.2%,4.2%,"11:44 ET"
TSLA,218.29,2024-11-08,155.00,-28.99%,0.25,154.75,41.06%,194,551,77.08%,0.018105,97.73%,0.2%,3.3%,"12:33 ET"
TSLA,218.29,2024-11-22,215.00,-1.51%,11.85,203.15,7.45%,222,540,53.82%,0.424232,53.80%,5.8%,66.5%,"12:57 ET"
TSLA,218.29,2024-11-22,200.00,-8.38%,6.05,193.95,12.55%,466,1038,54.86%,0.261663,70.50%,3.1%,35.6%,"13:06 ET"
TSLA,218.29,2024-11-22,190.00,-12.96%,3.55,186.45,17.08%,299,616,55.97%,0.173841,79.89%,1.9%,21.7%,"12:44 ET"
TSLA,218.29,2024-11-22,185.00,-15.25%,2.73,182.27,19.76%,141,863,56.58%,0.137792,83.84%,1.5%,17.1%,"13:03 ET"
TSLA,218.29,2024-11-22,135.00,-38.16%,0.22,134.78,61.96%,103,643,76.69%,0.01241,98.28%,0.2%,1.9%,"11:06 ET"
TSLA,218.29,2025-01-17,215.00,-1.51%,18.4,196.6,11.03%,160,3630,49.97%,0.414467,52.47%,9.4%,38.8%,"12:43 ET"
TSLA,218.29,2025-01-17,210.00,-3.80%,16,194,12.52%,105,13677,49.82%,0.376669,56.29%,8.2%,34.2%,"13:04 ET"
TSLA,218.29,2025-01-17,205.00,-6.09%,13.85,191.15,14.20%,199,2224,50.17%,0.339871,60.06%,7.2%,30.1%,"11:42 ET"
TSLA,218.29,2025-01-17,200.00,-8.38%,11.85,188.15,16.02%,333,36618,50.31%,0.303832,63.84%,6.3%,26.1%,"13:10 ET"
TSLA,218.29,2025-01-17,195.00,-10.67%,10.05,184.95,18.03%,188,8132,50.75%,0.2698,67.46%,5.4%,22.5%,"12:46 ET"
TSLA,218.29,2025-01-17,190.00,-12.96%,8.5,181.5,20.27%,616,19987,50.98%,0.236943,71.04%,4.7%,19.4%,"12:47 ET"
TSLA,218.29,2025-01-17,185.00,-15.25%,7.1,177.9,22.70%,321,11699,51.15%,0.205595,74.50%,4.0%,16.6%,"11:41 ET"
TSLA,218.29,2025-01-17,170.00,-22.12%,4,166,31.50%,242,38255,52.51%,0.127851,83.39%,2.4%,10.0%,"12:00 ET"
TSLA,218.29,2025-01-17,150.00,-31.28%,1.77,148.23,47.26%,119,31783,56.04%,0.062044,91.37%,1.2%,5.0%,"12:47 ET"
TSLA,218.29,2025-01-17,140.00,-35.87%,1.18,138.82,57.25%,100,31314,58.38%,0.041974,93.94%,0.9%,3.5%,"11:50 ET"
TSLA,218.29,2025-01-17,80.00,-63.35%,0.15,79.85,173.38%,101,25225,86.16%,0.004549,99.12%,0.2%,0.8%,"12:17 ET"
TSLA,218.29,2024-12-20,215.00,-1.51%,15.4,199.6,9.36%,355,3546,50.55%,0.419729,52.95%,7.7%,46.9%,"12:40 ET"
TSLA,218.29,2024-12-20,210.00,-3.80%,13.05,196.95,10.84%,199,7706,50.77%,0.375214,57.46%,6.6%,40.3%,"13:09 ET"
TSLA,218.29,2024-12-20,205.00,-6.09%,11,194,12.52%,123,6847,51.06%,0.331914,61.92%,5.7%,34.5%,"12:53 ET"
TSLA,218.29,2024-12-20,200.00,-8.38%,9.1,190.9,14.35%,566,10598,51.13%,0.289622,66.35%,4.8%,29.0%,"13:10 ET"
TSLA,218.29,2024-12-20,190.00,-12.96%,6.1,183.9,18.70%,532,7215,52.00%,0.213786,74.49%,3.3%,20.2%,"12:46 ET"
TSLA,218.29,2024-12-20,185.00,-15.25%,4.95,180.05,21.24%,119,5701,52.37%,0.180032,78.21%,2.7%,16.7%,"13:03 ET"
TSLA,218.29,2024-12-20,180.00,-17.54%,3.95,176.05,23.99%,185,13112,52.81%,0.149677,81.61%,2.2%,13.6%,"13:11 ET"
TSLA,218.29,2024-12-20,175.00,-19.83%,3.15,171.85,27.02%,126,7493,53.31%,0.122852,84.68%,1.8%,11.2%,"12:58 ET"
TSLA,218.29,2024-12-20,170.00,-22.12%,2.5,167.5,30.32%,195,8652,54.21%,0.100735,87.23%,1.5%,9.1%,"12:24 ET"
TSLA,218.29,2024-12-20,160.00,-26.70%,1.57,158.43,37.78%,125,8097,56.18%,0.065911,91.37%,1.0%,6.0%,"13:07 ET"
TSLA,218.29,2024-11-29,210.00,-3.80%,10.25,199.75,9.28%,112,502,51.94%,0.369466,59.02%,5.1%,48.0%,"12:37 ET"
TSM,200.25,2024-11-01,197.50,-1.37%,3.45,194.05,3.20%,598,733,36.16%,0.381845,58.72%,1.8%,59.0%,"13:08 ET"
TSM,200.25,2024-11-01,190.00,-5.12%,1.36,188.64,6.15%,361,1113,37.26%,0.185859,79.17%,0.7%,23.9%,"13:11 ET"
TSM,200.25,2024-11-01,187.50,-6.37%,0.98,186.52,7.36%,109,670,38.43%,0.143028,83.80%,0.5%,17.4%,"13:01 ET"
TSM,200.25,2024-11-01,185.00,-7.62%,0.69,184.31,8.65%,168,1547,39.52%,0.108434,87.58%,0.4%,12.4%,"13:01 ET"
TSM,200.25,2024-11-01,180.00,-10.11%,0.37,179.63,11.48%,209,527,41.63%,0.059944,92.99%,0.2%,6.8%,"12:40 ET"
TSM,200.25,2024-11-01,175.00,-12.61%,0.22,174.78,14.57%,599,3001,45.46%,0.036907,95.62%,0.1%,4.2%,"12:57 ET"
TSM,200.25,2024-11-01,170.00,-15.11%,0.15,169.85,17.90%,107,3286,49.14%,0.022779,97.25%,0.1%,2.9%,"12:54 ET"
TSM,200.25,2025-01-17,190.00,-5.12%,9.6,180.4,11.00%,102,4618,39.51%,0.337585,60.68%,5.3%,22.1%,"12:18 ET"
TSM,200.25,2025-01-17,185.00,-7.62%,7.8,177.2,13.01%,101,1222,40.04%,0.290213,65.65%,4.4%,18.3%,"12:52 ET"
TSM,200.25,2025-01-17,180.00,-10.11%,6.25,173.75,15.25%,672,3915,40.40%,0.245562,70.45%,3.6%,14.9%,"13:04 ET"
TSM,200.25,2025-01-17,160.00,-20.10%,2.45,157.55,27.10%,142,15347,42.89%,0.1108,85.67%,1.6%,6.4%,"12:39 ET"
TSM,200.25,2025-01-17,155.00,-22.60%,1.95,153.05,30.84%,189,11793,44.22%,0.090358,88.10%,1.3%,5.3%,"12:32 ET"
TSM,200.25,2025-01-17,150.00,-25.09%,1.57,148.43,34.91%,254,10911,45.53%,0.073062,90.19%,1.1%,4.4%,"12:54 ET"
TSM,200.25,2025-01-17,145.00,-27.59%,1.29,143.71,39.34%,482,9236,47.44%,0.060598,91.71%,0.9%,3.7%,"11:47 ET"
TSM,200.25,2024-11-08,190.00,-5.12%,2.92,187.08,7.04%,310,1728,41.69%,0.256332,71.48%,1.6%,31.7%,"13:04 ET"
TSM,200.25,2024-11-08,185.00,-7.62%,1.85,183.15,9.34%,178,870,42.58%,0.177377,79.89%,1.0%,20.5%,"13:04 ET"
TSM,200.25,2024-12-20,190.00,-5.12%,6.9,183.1,9.37%,1096,1315,37.99%,0.320245,63.35%,3.8%,22.9%,"12:53 ET"
TSM,200.25,2024-12-20,180.00,-10.11%,4.05,175.95,13.81%,181,3588,39.03%,0.211128,74.98%,2.3%,14.0%,"13:09 ET"
TSM,200.25,2024-12-20,175.00,-12.61%,3.05,171.95,16.46%,122,2245,40.03%,0.168364,79.69%,1.8%,10.8%,"12:53 ET"
TSM,200.25,2024-12-20,170.00,-15.11%,2.28,167.72,19.40%,313,3384,40.57%,0.129973,84.03%,1.4%,8.3%,"12:44 ET"
TSM,200.25,2024-12-20,165.00,-17.60%,1.73,163.27,22.65%,152,2254,41.77%,0.101036,87.35%,1.1%,6.4%,"12:40 ET"
TSM,200.25,2024-12-20,155.00,-22.60%,1.02,153.98,30.05%,343,5061,44.98%,0.061714,91.99%,0.7%,4.0%,"13:01 ET"
TSM,200.25,2024-12-20,150.00,-25.09%,0.85,149.15,34.26%,970,6548,47.48%,0.050532,93.33%,0.6%,3.5%,"12:08 ET"
TSM,200.25,2024-11-15,190.00,-5.12%,3.55,186.45,7.40%,224,3124,39.37%,0.272846,69.49%,1.9%,27.8%,"13:11 ET"
TSM,200.25,2024-11-15,185.00,-7.62%,2.38,182.62,9.65%,230,5915,40.00%,0.197183,77.54%,1.3%,19.0%,"13:05 ET"
TSM,200.25,2024-11-15,180.00,-10.11%,1.58,178.42,12.24%,197,7732,41.15%,0.138813,83.89%,0.9%,12.9%,"12:52 ET"
TSM,200.25,2024-11-15,175.00,-12.61%,1.02,173.98,15.10%,581,5762,42.77%,0.096679,88.57%,0.6%,8.6%,"13:06 ET"
TSM,200.25,2024-11-15,170.00,-15.11%,0.7,169.3,18.28%,1407,9106,44.33%,0.065664,92.10%,0.4%,6.0%,"13:08 ET"
TSM,200.25,2024-11-15,160.00,-20.10%,0.35,159.65,25.43%,185,13332,50.04%,0.034844,95.67%,0.2%,3.2%,"12:56 ET"
TSM,200.25,2024-11-15,155.00,-22.60%,0.28,154.72,29.43%,143,4338,53.49%,0.026658,96.64%,0.2%,2.6%,"12:58 ET"
TSM,200.25,2024-11-15,135.00,-32.58%,0.12,134.88,48.47%,501,3602,67.50%,0.009487,98.72%,0.1%,1.3%,"11:10 ET"
TTD,117.98,2024-12-20,110.00,-6.76%,4.5,105.5,11.83%,111,726,44.59%,0.307183,65.08%,4.3%,25.9%,"12:29 ET"
TXN,195.47,2024-11-15,180.00,-7.91%,2.66,177.34,10.22%,550,1520,42.28%,0.209262,77.19%,1.5%,21.9%,"13:08 ET"
TXT,89.57,2024-11-15,77.50,-13.48%,0.25,77.25,15.95%,204,641,38.92%,0.067188,92.24%,0.3%,4.7%,"10:47 ET"
U,21.9,2024-11-15,21.00,-4.11%,1.44,19.56,11.96%,134,2286,84.52%,0.381689,57.52%,7.4%,107.5%,"12:29 ET"
UAL,74.75,2025-01-17,70.00,-6.35%,3.5,66.5,12.41%,184,3231,37.24%,0.341759,64.02%,5.3%,21.8%,"13:08 ET"
UAL,74.75,2025-01-17,50.00,-33.11%,0.29,49.71,50.37%,112,5416,50.27%,0.043181,94.83%,0.6%,2.4%,"09:58 ET"
UAL,74.75,2024-11-01,70.00,-6.35%,0.52,69.48,7.58%,381,1855,42.72%,0.176917,81.20%,0.7%,24.8%,"13:01 ET"
UAL,74.75,2024-11-01,65.00,-13.04%,0.1,64.9,15.18%,113,605,46.99%,0.039392,95.67%,0.2%,5.1%,"12:56 ET"
UAL,74.75,2024-11-22,64.00,-14.38%,0.48,63.52,17.68%,1468,1816,44.80%,0.11156,87.91%,0.8%,8.6%,"12:57 ET"
UAL,74.75,2024-12-20,70.00,-6.35%,2.62,67.38,10.94%,2255,8541,38.58%,0.32119,66.26%,3.9%,23.7%,"13:11 ET"
UAL,74.75,2024-12-20,65.00,-13.04%,1.35,63.65,17.44%,147,3606,41.15%,0.187497,79.89%,2.1%,12.9%,"12:53 ET"
UAL,74.75,2024-12-20,60.00,-19.73%,0.63,59.37,25.91%,101,4769,43.69%,0.09752,89.27%,1.1%,6.5%,"12:20 ET"
UAL,74.75,2024-12-20,55.00,-26.42%,0.29,54.71,36.63%,150,1610,47.47%,0.048605,94.45%,0.5%,3.2%,"13:09 ET"
UAL,74.75,2024-12-20,50.00,-33.11%,0.15,49.85,49.95%,109,2044,51.91%,0.023498,97.20%,0.3%,1.8%,"11:39 ET"
UAL,74.75,2024-11-15,72.50,-3.01%,2.04,70.46,6.09%,421,796,39.19%,0.368495,61.72%,2.9%,42.3%,"13:08 ET"
UAL,74.75,2024-11-15,70.00,-6.35%,1.27,68.73,8.76%,778,5576,40.37%,0.254615,73.28%,1.8%,27.0%,"13:09 ET"
UAL,74.75,2024-11-15,65.00,-13.04%,0.45,64.55,15.80%,1095,3662,43.93%,0.104036,88.79%,0.7%,10.2%,"13:09 ET"
UAL,74.75,2024-11-15,60.00,-19.73%,0.16,59.84,24.92%,252,11233,49.76%,0.040921,95.43%,0.3%,3.9%,"12:56 ET"
UBER,80.09,2024-11-15,77.50,-3.23%,2.52,74.98,6.82%,2050,2764,46.94%,0.356646,60.55%,3.4%,49.1%,"13:11 ET"
UBER,80.09,2024-11-15,75.00,-6.36%,1.7,73.3,9.26%,302,7368,47.82%,0.265668,70.01%,2.3%,33.9%,"13:06 ET"
UBER,80.09,2024-11-15,72.50,-9.48%,1.13,71.37,12.22%,167,3772,49.33%,0.191093,77.97%,1.6%,23.1%,"12:27 ET"
UBER,80.09,2024-11-15,70.00,-12.60%,0.73,69.27,15.62%,1055,4709,50.33%,0.130095,84.67%,1.1%,15.4%,"13:09 ET"
UBER,80.09,2025-01-17,65.00,-18.84%,0.99,64.01,25.12%,1445,6003,41.42%,0.117037,84.77%,1.5%,6.4%,"12:57 ET"
UBER,80.09,2025-01-17,60.00,-25.08%,0.53,59.47,34.67%,2893,12250,44.03%,0.066411,90.92%,0.9%,3.7%,"12:57 ET"
UBER,80.09,2025-01-17,55.00,-31.33%,0.27,54.73,46.34%,1445,9613,46.41%,0.034401,95.04%,0.5%,2.0%,"12:57 ET"
UBER,80.09,2024-11-01,79.00,-1.36%,2.47,76.53,4.65%,151,1406,57.18%,0.41303,55.49%,3.2%,107.1%,"13:08 ET"
UBER,80.09,2024-11-01,78.00,-2.61%,2.08,75.92,5.49%,100,826,57.49%,0.364261,60.45%,2.7%,90.9%,"13:07 ET"
UBER,80.09,2024-11-01,77.00,-3.86%,1.65,75.35,6.29%,305,624,57.03%,0.315727,65.45%,2.2%,72.7%,"12:51 ET"
UBER,80.09,2024-11-01,75.00,-6.36%,1.11,73.89,8.39%,304,710,58.87%,0.234013,73.97%,1.5%,49.8%,"13:04 ET"
UBER,80.09,2024-11-01,74.00,-7.60%,0.75,73.25,9.34%,113,523,60.04%,0.19974,77.60%,1.0%,34.0%,"12:42 ET"
UBER,80.09,2024-12-20,70.00,-12.60%,1.38,68.62,16.72%,160,3925,42.28%,0.177694,78.39%,2.0%,12.2%,"12:48 ET"
UBER,80.09,2024-12-20,67.50,-15.72%,0.99,66.51,20.42%,1391,2433,43.23%,0.132233,83.54%,1.5%,9.1%,"13:08 ET"
UNH,575.17,2024-11-15,550.00,-4.38%,5.9,544.1,5.71%,108,1578,26.58%,0.24468,74.00%,1.1%,15.8%,"13:03 ET"
UPS,131.79,2024-11-15,130.00,-1.36%,4.05,125.95,4.64%,2137,2067,37.02%,0.416353,55.61%,3.2%,46.9%,"13:04 ET"
UPS,131.79,2024-11-15,125.00,-5.15%,2.33,122.67,7.43%,1481,2270,38.42%,0.275321,70.06%,1.9%,27.7%,"12:49 ET"
UPS,131.79,2024-11-15,120.00,-8.95%,1.28,118.72,11.01%,1497,1344,40.48%,0.169346,81.18%,1.1%,15.7%,"12:59 ET"
UPS,131.79,2024-11-15,115.00,-12.74%,0.68,114.32,15.28%,626,1041,42.28%,0.095936,89.09%,0.6%,8.7%,"13:08 ET"
UPS,131.79,2025-01-17,130.00,-1.36%,6.05,123.95,6.33%,174,4326,28.05%,0.423786,53.96%,4.9%,20.2%,"12:52 ET"
UPS,131.79,2025-01-17,120.00,-8.95%,2.65,117.35,12.31%,137,6469,29.40%,0.228827,74.19%,2.3%,9.4%,"12:47 ET"
UPST,52.29,2025-01-17,30.00,-42.63%,0.98,29.02,80.19%,133,9194,96.59%,0.072745,87.93%,3.4%,14.0%,"12:06 ET"
UPST,52.29,2024-11-01,50.00,-4.38%,1.9,48.1,8.71%,128,4229,90.02%,0.327493,61.28%,4.0%,131.1%,"13:02 ET"
UPST,52.29,2024-11-15,30.00,-42.63%,0.27,29.73,75.88%,123,960,138.28%,0.039479,93.76%,0.9%,13.3%,"12:57 ET"
USB,48.28,2024-11-15,47.50,-1.62%,0.9,46.6,3.61%,112,2847,25.76%,0.384051,59.55%,1.9%,28.2%,"12:04 ET"
V,287.59,2024-11-15,270.00,-6.12%,1.69,268.31,7.19%,116,1937,26.34%,0.159551,82.01%,0.6%,9.2%,"12:40 ET"
V,287.59,2024-11-15,255.00,-11.33%,0.55,254.45,13.02%,133,934,30.48%,0.056075,93.42%,0.2%,3.2%,"12:47 ET"
V,287.59,2024-11-15,240.00,-16.55%,0.24,239.76,19.95%,100,837,36.33%,0.023575,97.15%,0.1%,1.5%,"09:59 ET"
VIK,38.43,2024-11-15,35.00,-8.93%,0.45,34.55,11.23%,299,1431,47.06%,0.191038,77.61%,1.3%,19.0%,"13:10 ET"
VRT,112.32,2024-12-20,110.00,-2.07%,9,101,11.21%,205,837,59.67%,0.406486,53.44%,8.9%,54.2%,"12:55 ET"
VRT,112.32,2024-11-15,100.00,-10.97%,2.7,97.3,15.44%,156,1231,68.57%,0.223923,74.13%,2.8%,40.5%,"12:51 ET"
VRT,112.32,2024-11-15,87.50,-22.10%,0.6,86.9,29.25%,110,786,70.37%,0.070785,91.24%,0.7%,10.1%,"11:48 ET"
VSCO,28.27,2024-11-15,27.00,-4.49%,0.95,26.05,8.52%,134,1997,58.48%,0.323016,61.80%,3.6%,53.2%,"11:07 ET"
VSCO,28.27,2024-11-15,26.00,-8.03%,0.65,25.35,11.52%,133,739,59.91%,0.244011,70.33%,2.6%,37.4%,"10:26 ET"
VSCO,28.27,2024-11-15,24.00,-15.10%,0.3,23.7,19.28%,168,552,65.42%,0.131977,83.06%,1.3%,18.5%,"12:50 ET"
VZ,43.83,2024-11-01,42.00,-4.18%,0.33,41.67,5.18%,164,854,32.98%,0.227422,77.18%,0.8%,26.3%,"13:09 ET"
VZ,43.83,2024-12-20,43.00,-1.89%,1.02,41.98,4.41%,168,5479,19.24%,0.399095,59.68%,2.4%,14.8%,"13:00 ET"
VZ,43.83,2025-01-17,42.00,-4.18%,1.04,40.96,7.01%,138,5963,21.25%,0.330933,65.87%,2.5%,10.5%,"13:05 ET"
VZ,43.83,2025-01-17,41.00,-6.46%,0.75,40.25,8.89%,116,2145,21.80%,0.257006,73.35%,1.9%,7.7%,"13:02 ET"
VZ,43.83,2024-11-15,43.00,-1.89%,0.8,42.2,3.86%,117,2995,25.30%,0.38386,61.36%,1.9%,27.7%,"12:55 ET"
VZ,43.83,2024-11-15,41.00,-6.46%,0.29,40.71,7.66%,136,1563,26.97%,0.169793,82.78%,0.7%,10.4%,"13:11 ET"
VZ,43.83,2024-11-15,40.00,-8.74%,0.17,39.83,10.04%,2037,949,28.27%,0.106024,89.18%,0.4%,6.2%,"13:07 ET"
VZ,43.83,2024-11-15,39.00,-11.02%,0.1,38.9,12.67%,1110,1842,30.44%,0.069154,92.86%,0.3%,3.8%,"12:15 ET"
W,49.21,2024-11-15,40.00,-18.72%,1.02,38.98,26.24%,101,2598,88.40%,0.158452,81.48%,2.6%,38.2%,"13:04 ET"
W,49.21,2025-01-17,45.00,-8.56%,3.95,41.05,19.88%,201,9327,65.56%,0.326062,60.94%,9.6%,39.9%,"12:25 ET"
WDC,66.83,2025-01-17,55.00,-17.70%,1.23,53.77,24.29%,1000,3829,45.22%,0.149382,80.99%,2.3%,9.5%,"13:05 ET"
WFC,64.26,2024-11-22,62.00,-3.52%,1.17,60.83,5.64%,611,1646,29.67%,0.308149,65.82%,1.9%,21.9%,"13:09 ET"
WFC,64.26,2024-11-01,60.00,-6.63%,0.13,59.87,7.33%,353,3534,30.59%,0.084347,90.18%,0.2%,7.2%,"11:08 ET"
WFC,64.26,2024-12-20,62.50,-2.74%,1.79,60.71,5.85%,171,3791,26.84%,0.357718,60.07%,2.9%,17.9%,"12:15 ET"
WFC,64.26,2024-12-20,60.00,-6.63%,1.05,58.95,9.01%,118,8051,27.80%,0.235819,72.86%,1.8%,10.8%,"12:44 ET"
WFC,64.26,2024-12-20,57.50,-10.52%,0.61,56.89,12.95%,122,6346,29.41%,0.148146,82.44%,1.1%,6.5%,"12:54 ET"
WFC,64.26,2024-11-15,62.50,-2.74%,1.2,61.3,4.83%,971,6273,31.23%,0.334249,63.30%,2.0%,28.6%,"12:36 ET"
WFC,64.26,2024-11-15,60.00,-6.63%,0.59,59.41,8.16%,281,9674,33.00%,0.18856,78.65%,1.0%,14.5%,"12:48 ET"
WGO,59.22,2024-11-15,55.00,-7.13%,1.35,53.65,10.38%,5124,5840,51.19%,0.261894,70.95%,2.5%,36.7%,"12:44 ET"
WMT,80.84,2024-11-15,80.00,-1.04%,1.24,78.76,2.64%,596,7175,20.53%,0.397846,57.71%,1.6%,23.0%,"12:50 ET"
WMT,80.84,2024-11-15,77.50,-4.13%,0.55,76.95,5.06%,928,8804,21.95%,0.211151,76.87%,0.7%,10.4%,"13:08 ET"
WMT,80.84,2024-11-15,75.00,-7.22%,0.25,74.75,8.15%,348,17315,24.08%,0.104171,88.29%,0.3%,4.9%,"12:43 ET"
WMT,80.84,2024-11-15,72.50,-10.32%,0.13,72.37,11.70%,229,42900,27.29%,0.055525,93.63%,0.2%,2.6%,"12:57 ET"
WMT,80.84,2025-01-17,80.00,-1.04%,2.77,77.23,4.67%,107,5910,22.13%,0.415487,53.83%,3.6%,14.9%,"13:10 ET"
WMT,80.84,2025-01-17,75.00,-7.22%,1.23,73.77,9.58%,185,5318,23.69%,0.219982,74.04%,1.7%,6.9%,"12:43 ET"
WMT,80.84,2024-12-20,75.00,-7.22%,0.95,74.05,9.17%,167,3801,25.11%,0.199848,76.93%,1.3%,7.8%,"12:59 ET"
WMT,80.84,2024-12-20,70.00,-13.41%,0.36,69.64,16.08%,488,10154,28.18%,0.085608,89.62%,0.5%,3.1%,"12:19 ET"
WMT,80.84,2024-12-20,65.00,-19.59%,0.16,64.84,24.68%,210,9406,31.99%,0.036551,95.37%,0.2%,1.5%,"13:08 ET"
WMT,80.84,2024-11-01,80.00,-1.04%,0.57,79.43,1.78%,155,917,17.63%,0.349761,63.36%,0.7%,23.8%,"13:00 ET"
WMT,80.84,2024-11-01,79.00,-2.28%,0.32,78.68,2.75%,137,2199,18.07%,0.217684,76.85%,0.4%,13.5%,"12:52 ET"
WY,32.4,2024-11-15,32.00,-1.23%,0.55,31.45,3.02%,648,12372,23.85%,0.38964,57.89%,1.7%,25.5%,"12:43 ET"
WYNN,97.89,2024-11-15,90.00,-8.06%,0.94,89.06,9.91%,181,1721,37.52%,0.17685,80.40%,1.1%,15.4%,"12:02 ET"
X,37.61,2024-11-15,36.00,-4.28%,1.61,34.39,9.36%,202,2436,65.52%,0.353068,60.07%,4.7%,68.4%,"11:35 ET"
X,37.61,2024-11-15,30.00,-20.23%,0.31,29.69,26.68%,211,15627,73.79%,0.096711,87.91%,1.0%,15.2%,"12:40 ET"
XOM,119.95,2025-01-17,115.00,-4.13%,2.96,112.04,7.06%,139,14820,23.31%,0.321188,64.36%,2.6%,11.0%,"12:55 ET"
XOM,119.95,2025-01-17,105.00,-12.46%,0.95,104.05,15.28%,1025,14431,25.59%,0.123055,85.53%,0.9%,3.8%,"12:20 ET"
XOM,119.95,2024-11-15,115.00,-4.13%,1.38,113.62,5.57%,188,8838,27.39%,0.259785,72.17%,1.2%,17.7%,"13:09 ET"
XOM,119.95,2024-11-15,110.00,-8.30%,0.57,109.43,9.61%,122,5390,29.81%,0.121392,86.65%,0.5%,7.6%,"12:59 ET"
XOM,119.95,2024-11-15,105.00,-12.46%,0.24,104.76,14.50%,409,22141,33.06%,0.054884,93.81%,0.2%,3.3%,"12:59 ET"
XOM,119.95,2024-12-20,115.00,-4.13%,2.34,112.66,6.47%,142,10796,23.90%,0.302909,66.82%,2.1%,12.6%,"13:10 ET"
XOM,119.95,2024-12-20,110.00,-8.30%,1.21,108.79,10.26%,10087,4658,25.43%,0.178012,79.95%,1.1%,6.8%,"12:54 ET"
XOM,119.95,2024-11-01,115.00,-4.13%,0.49,114.51,4.75%,427,717,26.51%,0.169361,82.01%,0.4%,14.2%,"12:58 ET"
XOM,119.95,2024-11-01,110.00,-8.30%,0.13,109.87,9.17%,124,762,30.73%,0.047929,94.77%,0.1%,3.9%,"10:48 ET"
XYL,133.27,2024-11-15,130.00,-2.45%,2.8,127.2,4.77%,362,1029,32.22%,0.357222,61.58%,2.2%,32.1%,"13:03 ET"
YETI,37.57,2024-11-15,35.00,-6.84%,1.45,33.55,11.98%,156,5428,68.99%,0.30685,65.26%,4.3%,63.1%,"13:09 ET"
YETI,37.57,2024-11-15,32.50,-13.49%,0.75,31.75,18.33%,108,604,73.86%,0.192702,77.34%,2.4%,34.5%,"12:16 ET"
YUMC,43.69,2024-11-15,42.50,-2.72%,1.35,41.15,6.17%,463,756,44.76%,0.374851,59.32%,3.3%,47.9%,"12:38 ET"
ZETA,26.46,2024-11-15,25.00,-5.52%,1.7,23.3,13.56%,2087,7999,96.25%,0.342034,58.91%,7.3%,106.5%,"12:48 ET"
ZETA,26.46,2024-12-20,25.00,-5.52%,2.2,22.8,16.05%,262,1828,76.44%,0.346399,57.27%,9.6%,58.7%,"13:04 ET"
ZIM,24.63,2024-11-01,22.50,-8.65%,0.55,21.95,12.21%,104,659,81.17%,0.248696,73.95%,2.5%,83.1%,"12:43 ET"
ZION,49.8,2024-11-15,45.00,-9.64%,0.7,44.3,12.42%,178,556,50.76%,0.191806,77.72%,1.6%,23.1%,"13:02 ET"
ZION,49.8,2025-01-17,40.00,-19.68%,0.6,39.4,26.40%,137,768,42.57%,0.115961,85.27%,1.5%,6.3%,"11:46 ET"
ZION,49.8,2025-01-17,37.50,-24.70%,0.4,37.1,34.23%,600,1045,47.42%,0.084838,88.84%,1.1%,4.5%,"10:44 ET"
ZM,71.85,2025-01-17,60.00,-16.49%,0.83,59.17,21.43%,108,3832,36.28%,0.124323,84.42%,1.4%,5.8%,"12:27 ET"
"Downloaded from Barchart.com as of 10-21-2024 12:40pm CDT"
