Symbol,Price~,"Exp Date",Strike,Moneyness,Bid,"BE (Bid)",BE%,Volume,"Open Int",IV,Delta,"OTM Prob","Ptnl Rtn","Ann Rtn",Time
A,132.82,2024-11-15,125.00,-5.89%,1.2,123.8,7.29%,221,905,30.44%,0.214115,78.64%,1.0%,15.4%,"14:02 ET"
AAPL,228.37,2024-11-22,215.00,-5.85%,2.65,212.35,7.54%,196,606,30.40%,0.224381,75.56%,1.2%,15.2%,"14:09 ET"
AAPL,228.37,2024-11-08,205.00,-10.23%,0.66,204.34,11.76%,206,2135,37.88%,0.079789,91.33%,0.3%,7.4%,"14:07 ET"
AAPL,228.37,2024-11-22,200.00,-12.42%,0.84,199.16,14.67%,190,2109,34.71%,0.080278,90.87%,0.4%,5.1%,"14:16 ET"
AAPL,228.37,2025-01-17,170.00,-25.56%,0.54,169.46,34.76%,216,44012,35.65%,0.032789,95.60%,0.3%,1.4%,"14:15 ET"
AAPL,228.37,2024-11-08,210.00,-8.04%,1.1,208.9,9.32%,233,1329,36.31%,0.125765,86.50%,0.5%,12.0%,"14:18 ET"
AAPL,228.37,2024-11-01,200.00,-12.42%,0.16,199.84,14.28%,613,3713,44.15%,0.025994,97.21%,0.1%,3.2%,"14:17 ET"
AAPL,228.37,2024-11-08,195.00,-14.61%,0.27,194.73,17.28%,236,514,42.47%,0.033923,96.22%,0.1%,3.2%,"14:18 ET"
AAPL,228.37,2024-12-20,180.00,-21.18%,0.52,179.48,27.24%,236,17352,36.07%,0.03887,95.11%,0.3%,1.8%,"14:03 ET"
AAPL,228.37,2024-11-22,210.00,-8.04%,1.8,208.2,9.69%,260,675,31.65%,0.1608,82.23%,0.9%,10.5%,"14:13 ET"
AAPL,228.37,2024-11-15,190.00,-16.80%,0.34,189.66,20.41%,149,10960,42.03%,0.035314,95.94%,0.2%,2.8%,"14:17 ET"
AAPL,228.37,2024-12-20,190.00,-16.80%,0.88,189.12,20.75%,284,26812,32.85%,0.065512,91.99%,0.5%,2.9%,"14:17 ET"
AAPL,228.37,2024-11-01,195.00,-14.61%,0.11,194.89,17.18%,591,2131,48.32%,0.017188,98.13%,0.1%,2.3%,"14:05 ET"
AAPL,228.37,2024-11-29,200.00,-12.42%,0.98,199.02,14.75%,142,565,32.48%,0.08662,90.02%,0.5%,4.9%,"14:09 ET"
AAPL,228.37,2024-11-15,185.00,-18.99%,0.25,184.75,23.61%,298,4637,44.63%,0.025779,96.99%,0.1%,2.1%,"14:16 ET"
AAPL,228.37,2025-01-17,180.00,-21.18%,0.81,179.19,27.45%,103,64717,32.72%,0.051437,93.30%,0.5%,1.9%,"14:08 ET"
AAPL,228.37,2024-11-08,215.00,-5.85%,1.82,213.18,7.13%,337,2766,34.92%,0.192996,79.53%,0.9%,19.5%,"14:15 ET"
AAPL,228.37,2025-01-17,185.00,-18.99%,1.03,183.97,24.13%,382,30276,31.37%,0.064997,91.67%,0.6%,2.4%,"14:12 ET"
AAPL,228.37,2025-01-17,225.00,-1.48%,8.2,216.8,5.34%,562,14261,24.28%,0.405625,55.02%,3.8%,16.1%,"14:09 ET"
AAPL,228.37,2024-11-08,225.00,-1.48%,4.6,220.4,3.62%,429,2323,32.71%,0.39951,58.59%,2.1%,47.6%,"14:17 ET"
AAPL,228.37,2024-12-20,195.00,-14.61%,1.19,193.81,17.83%,557,8033,31.50%,0.086605,89.58%,0.6%,3.9%,"14:18 ET"
AAPL,228.37,2024-12-20,205.00,-10.23%,2.18,202.82,12.60%,450,8192,29.19%,0.151807,82.32%,1.1%,6.8%,"14:18 ET"
AAPL,228.37,2025-01-17,195.00,-14.61%,1.72,193.28,18.16%,499,24265,29.11%,0.106336,86.82%,0.9%,3.8%,"14:18 ET"
AAPL,228.37,2024-12-20,215.00,-5.85%,4,211,8.23%,514,10221,27.32%,0.257401,71.02%,1.9%,11.9%,"14:17 ET"
AAPL,228.37,2024-11-08,190.00,-16.80%,0.18,189.82,20.31%,523,892,44.75%,0.021948,97.52%,0.1%,2.2%,"14:15 ET"
AAPL,228.37,2024-11-08,220.00,-3.67%,2.95,217.05,5.22%,732,3988,33.79%,0.285072,70.12%,1.4%,31.0%,"14:16 ET"
AAPL,228.37,2024-11-22,220.00,-3.67%,3.9,216.1,5.68%,755,587,29.28%,0.30595,67.18%,1.8%,22.0%,"14:16 ET"
AAPL,228.37,2024-11-01,205.00,-10.23%,0.28,204.72,11.55%,790,6136,41.37%,0.045583,95.17%,0.1%,5.5%,"14:15 ET"
AAPL,228.37,2024-12-20,210.00,-8.04%,2.97,207.03,10.31%,842,23470,28.28%,0.199574,77.15%,1.4%,9.0%,"14:17 ET"
AAPL,228.37,2024-12-20,225.00,-1.48%,7.1,217.9,4.80%,941,12981,25.70%,0.407039,55.77%,3.3%,20.5%,"14:11 ET"
AAPL,228.37,2025-01-17,205.00,-10.23%,2.95,202.05,13.03%,981,19685,27.29%,0.173451,79.25%,1.5%,6.2%,"14:18 ET"
AAPL,228.37,2024-12-20,175.00,-23.37%,0.42,174.58,30.81%,1022,9044,37.87%,0.030485,96.11%,0.2%,1.5%,"14:04 ET"
AAPL,228.37,2024-11-01,222.50,-2.57%,2.66,219.84,3.88%,1228,2861,35.83%,0.314301,67.82%,1.2%,49.1%,"14:17 ET"
AAPL,228.37,2024-11-01,207.50,-9.14%,0.37,207.13,10.25%,1260,574,39.96%,0.060153,93.67%,0.2%,7.2%,"14:15 ET"
AAPL,228.37,2025-01-17,175.00,-23.37%,0.67,174.33,31.00%,1311,27445,34.18%,0.041094,94.57%,0.4%,1.6%,"14:10 ET"
AAPL,228.37,2024-11-15,215.00,-5.85%,2.32,212.68,7.38%,1317,15498,32.33%,0.212523,77.14%,1.1%,17.3%,"14:17 ET"
AAPL,228.37,2024-11-08,200.00,-12.42%,0.41,199.59,14.42%,1541,2047,39.89%,0.050965,94.39%,0.2%,4.7%,"14:17 ET"
AAPL,228.37,2024-11-15,195.00,-14.61%,0.47,194.53,17.40%,1553,9389,39.52%,0.049046,94.43%,0.2%,3.8%,"14:16 ET"
AAPL,228.37,2025-01-17,215.00,-5.85%,4.95,210.05,8.72%,1628,21603,25.73%,0.272975,68.54%,2.4%,10.0%,"14:18 ET"
AAPL,228.37,2024-11-15,205.00,-10.23%,1,204,11.95%,1752,15299,35.41%,0.101602,88.77%,0.5%,7.8%,"14:10 ET"
AAPL,228.37,2024-11-15,200.00,-12.42%,0.68,199.32,14.57%,1883,30286,37.24%,0.069578,92.21%,0.3%,5.4%,"14:17 ET"
AAPL,228.37,2024-11-15,210.00,-8.04%,1.52,208.48,9.54%,2057,24110,33.71%,0.14756,83.91%,0.7%,11.6%,"14:18 ET"
AAPL,228.37,2024-12-20,220.00,-3.67%,5.35,214.65,6.39%,2149,13592,26.41%,0.326856,63.86%,2.5%,15.7%,"14:16 ET"
AAPL,228.37,2025-01-17,105.00,-54.02%,0.08,104.92,117.66%,2177,20998,64.25%,0.003741,99.36%,0.1%,0.3%,"13:57 ET"
AAPL,228.37,2024-11-01,212.50,-6.95%,0.73,211.77,7.84%,2186,537,37.94%,0.108768,88.67%,0.3%,14.0%,"14:17 ET"
AAPL,228.37,2025-01-17,115.00,-49.64%,0.1,114.9,98.76%,2283,5678,58.01%,0.004559,99.26%,0.1%,0.4%,"13:45 ET"
AAPL,228.37,2024-11-01,210.00,-8.04%,0.52,209.48,9.02%,2346,4755,38.97%,0.08145,91.47%,0.2%,10.1%,"14:17 ET"
AAPL,228.37,2024-11-01,215.00,-5.85%,1.03,213.97,6.73%,2611,3383,37.29%,0.146035,84.86%,0.5%,19.5%,"14:18 ET"
AAPL,228.37,2025-01-17,190.00,-16.80%,1.32,188.68,21.04%,2653,41520,30.18%,0.082945,89.54%,0.7%,3.0%,"14:18 ET"
AAPL,228.37,2024-12-20,200.00,-12.42%,1.61,198.39,15.11%,2782,17980,30.29%,0.114828,86.40%,0.8%,5.1%,"14:18 ET"
AAPL,228.37,2025-01-17,120.00,-47.45%,0.12,119.88,90.50%,2906,14519,56.47%,0.005941,99.05%,0.1%,0.4%,"13:45 ET"
AAPL,228.37,2025-01-17,200.00,-12.42%,2.24,197.76,15.48%,3239,108858,28.05%,0.135347,83.50%,1.1%,4.8%,"14:18 ET"
AAPL,228.37,2025-01-17,210.00,-8.04%,3.8,206.2,10.75%,3839,25334,26.21%,0.216802,74.51%,1.8%,7.8%,"14:14 ET"
AAPL,228.37,2024-11-01,217.50,-4.76%,1.43,216.07,5.69%,4275,1109,36.85%,0.193403,80.03%,0.7%,26.8%,"14:18 ET"
AAPL,228.37,2024-11-01,220.00,-3.67%,1.97,218.03,4.74%,4501,6180,36.42%,0.249901,74.31%,0.9%,36.6%,"14:18 ET"
AAPL,228.37,2024-11-01,225.00,-1.48%,3.5,221.5,3.10%,4773,6888,35.41%,0.386958,60.54%,1.6%,64.1%,"14:18 ET"
AAPL,228.37,2025-01-17,220.00,-3.67%,6.4,213.6,6.91%,5246,33198,24.90%,0.334925,62.13%,3.0%,12.7%,"14:17 ET"
AAPL,228.37,2024-11-15,225.00,-1.48%,5.15,219.85,3.88%,9786,23734,30.49%,0.403706,57.70%,2.3%,37.2%,"14:18 ET"
AAPL,228.37,2024-11-15,220.00,-3.67%,3.5,216.5,5.48%,10843,29847,31.40%,0.299388,68.22%,1.6%,25.7%,"14:18 ET"
ABBV,187.99,2024-12-20,185.00,-1.59%,5.85,179.15,4.93%,1326,1093,24.88%,0.415042,56.42%,3.3%,20.5%,"12:26 ET"
ABBV,187.99,2024-11-15,185.00,-1.59%,4.6,180.4,4.21%,196,3111,31.96%,0.410903,57.92%,2.5%,40.5%,"12:48 ET"
ABBV,187.99,2025-01-17,170.00,-9.57%,2.57,167.43,12.28%,234,3093,25.88%,0.189849,78.83%,1.5%,6.5%,"12:42 ET"
ABBV,187.99,2025-01-17,185.00,-1.59%,7,178,5.61%,104,1545,23.91%,0.416992,55.49%,3.9%,16.7%,"14:12 ET"
ABNB,132.61,2024-11-15,130.00,-1.97%,5.65,124.35,6.64%,199,1549,51.83%,0.422992,56.07%,4.5%,72.1%,"14:12 ET"
ABNB,132.61,2025-01-17,100.00,-24.59%,1.07,98.93,34.04%,516,4202,45.02%,0.077236,90.18%,1.1%,4.6%,"14:08 ET"
ACHC,50.67,2024-12-20,50.00,-1.32%,4.3,45.7,10.88%,364,501,63.13%,0.424719,52.11%,9.4%,59.2%,"13:40 ET"
ADBE,485.12,2025-01-17,460.00,-5.18%,18.45,441.55,9.87%,256,939,33.81%,0.328951,62.70%,4.2%,17.7%,"14:05 ET"
AEP,100.6,2024-11-15,97.50,-3.08%,1.35,96.15,4.63%,380,832,26.77%,0.311067,67.93%,1.4%,22.3%,"13:51 ET"
AER,95.27,2024-11-15,92.50,-2.91%,2,90.5,5.27%,160,1153,34.28%,0.354213,63.42%,2.2%,35.1%,"14:18 ET"
AFRM,41.88,2024-11-15,40.00,-4.49%,3.1,36.9,13.50%,181,3746,98.43%,0.384144,57.37%,8.4%,133.3%,"14:15 ET"
AFRM,41.88,2024-11-01,40.00,-4.49%,1.03,38.97,7.47%,173,1051,69.32%,0.333754,66.35%,2.6%,107.2%,"14:15 ET"
AFRM,41.88,2024-12-20,25.00,-40.31%,0.25,24.75,69.21%,162,1062,85.77%,0.046187,93.43%,1.0%,6.4%,"13:02 ET"
AFRM,41.88,2025-01-17,30.00,-28.37%,1.13,28.87,45.06%,140,3840,76.21%,0.136138,81.64%,3.9%,16.6%,"13:18 ET"
AFRM,41.88,2024-11-01,38.00,-9.26%,0.48,37.52,11.62%,316,757,70.01%,0.185803,81.17%,1.3%,51.9%,"14:07 ET"
AFRM,41.88,2024-12-20,27.50,-34.34%,0.54,26.96,55.34%,1482,880,83.81%,0.076487,89.60%,2.0%,12.6%,"14:00 ET"
AI,24.37,2024-12-20,22.50,-7.67%,1.61,20.89,16.66%,2733,13718,67.64%,0.328137,61.64%,7.7%,48.5%,"14:03 ET"
ALAB,65.65,2024-11-15,52.50,-20.03%,0.95,51.55,27.35%,316,1387,87.26%,0.126601,84.63%,1.8%,29.2%,"13:54 ET"
ALK,45.52,2024-11-15,42.50,-6.63%,0.55,41.95,8.51%,428,5191,37.87%,0.228662,76.49%,1.3%,20.8%,"14:15 ET"
AMAT,180.44,2024-11-15,165.00,-8.56%,3.55,161.45,11.76%,142,1072,54.27%,0.235541,74.43%,2.2%,34.9%,"14:17 ET"
AMAT,180.44,2025-01-17,170.00,-5.79%,9.9,160.1,12.70%,128,1199,44.28%,0.341599,60.92%,6.2%,26.2%,"14:16 ET"
AMAT,180.44,2024-11-15,170.00,-5.79%,5.05,164.95,9.39%,121,1180,53.76%,0.306924,67.06%,3.1%,48.6%,"13:43 ET"
AMAT,180.44,2024-12-20,175.00,-3.01%,10.15,164.85,9.46%,783,878,46.28%,0.393164,56.59%,6.2%,38.7%,"13:55 ET"
AMD,150.79,2024-11-15,145.00,-3.84%,5.75,139.25,8.29%,689,10586,57.19%,0.362699,60.75%,4.1%,65.5%,"14:18 ET"
AMD,150.79,2024-11-01,140.00,-7.16%,2.3,137.7,9.51%,721,3413,68.90%,0.230869,75.37%,1.7%,67.7%,"14:18 ET"
AMD,150.79,2024-12-20,125.00,-17.10%,2.5,122.5,23.09%,799,8232,50.82%,0.145948,82.28%,2.0%,12.8%,"14:17 ET"
AMD,150.79,2024-11-15,140.00,-7.16%,4,136,10.88%,888,15641,57.79%,0.27699,69.56%,2.9%,46.7%,"14:17 ET"
AMD,150.79,2024-12-20,130.00,-13.79%,3.5,126.5,19.20%,1014,6609,50.02%,0.192083,77.16%,2.8%,17.4%,"14:15 ET"
AMD,150.79,2024-11-08,140.00,-7.16%,3.35,136.65,10.35%,190,1132,62.94%,0.263785,71.34%,2.5%,55.9%,"14:18 ET"
AMD,150.79,2024-11-08,135.00,-10.47%,2.14,132.86,13.50%,100,864,63.78%,0.184643,79.62%,1.6%,36.7%,"14:11 ET"
AMD,150.79,2024-11-15,125.00,-17.10%,1.09,123.91,21.69%,626,7730,61.05%,0.095318,88.95%,0.9%,14.0%,"14:06 ET"
AMD,150.79,2024-11-01,135.00,-10.47%,1.27,133.73,12.76%,618,2452,69.67%,0.144172,84.40%,0.9%,38.5%,"14:17 ET"
AMD,150.79,2024-11-08,145.00,-3.84%,5.05,139.95,7.75%,170,2805,62.22%,0.356611,61.81%,3.6%,82.3%,"14:07 ET"
AMD,150.79,2024-11-01,125.00,-17.10%,0.35,124.65,20.97%,169,685,73.96%,0.047515,94.68%,0.3%,11.4%,"14:06 ET"
AMD,150.79,2025-01-17,135.00,-10.47%,6.25,128.75,17.12%,168,11942,47.42%,0.264164,68.46%,4.9%,20.6%,"14:08 ET"
AMD,150.79,2025-01-17,80.00,-46.95%,0.18,79.82,88.91%,151,27840,61.52%,0.010639,98.31%,0.2%,1.0%,"13:14 ET"
AMD,150.79,2024-11-15,130.00,-13.79%,1.72,128.28,17.55%,597,19370,59.62%,0.141368,83.92%,1.3%,21.3%,"14:14 ET"
AMD,150.79,2024-11-08,130.00,-13.79%,1.31,128.69,17.17%,137,786,65.14%,0.123256,86.16%,1.0%,23.2%,"14:18 ET"
AMD,150.79,2024-11-01,145.00,-3.84%,3.85,141.15,6.83%,321,3535,68.70%,0.34011,64.17%,2.7%,110.6%,"14:18 ET"
AMD,150.79,2025-01-17,130.00,-13.79%,4.75,125.25,20.39%,134,22382,47.69%,0.21397,73.92%,3.8%,16.1%,"14:13 ET"
AMD,150.79,2024-12-20,110.00,-27.05%,0.82,109.18,38.11%,130,6577,53.99%,0.054862,92.86%,0.8%,4.7%,"13:53 ET"
AMD,150.79,2025-01-17,140.00,-7.16%,8,132,14.23%,385,18110,47.13%,0.318261,62.72%,6.1%,25.7%,"14:17 ET"
AMD,150.79,2024-11-15,135.00,-10.47%,2.67,132.33,13.95%,562,8758,58.47%,0.201871,77.45%,2.0%,32.0%,"14:18 ET"
AMD,150.79,2024-12-20,140.00,-7.16%,6.45,133.55,12.91%,441,11978,49.13%,0.307955,64.77%,4.8%,30.4%,"14:15 ET"
AMD,150.79,2024-12-20,135.00,-10.47%,4.8,130.2,15.81%,444,13527,49.73%,0.247377,71.16%,3.7%,23.2%,"14:16 ET"
AMD,150.79,2024-11-01,130.00,-13.79%,0.67,129.33,16.59%,448,1940,71.29%,0.084185,90.75%,0.5%,21.0%,"14:14 ET"
AMD,150.79,2024-12-20,105.00,-30.37%,0.56,104.44,44.38%,468,24181,55.63%,0.038476,94.87%,0.5%,3.4%,"14:17 ET"
AMD,150.79,2024-12-20,145.00,-3.84%,8.45,136.55,10.43%,483,11094,48.95%,0.373829,57.95%,6.2%,38.9%,"14:17 ET"
AMD,150.79,2024-11-22,140.00,-7.16%,4.7,135.3,11.45%,113,585,55.85%,0.289244,67.86%,3.5%,42.3%,"14:10 ET"
AMD,150.79,2025-01-17,145.00,-3.84%,10.05,134.95,11.74%,109,11217,46.85%,0.375413,56.84%,7.4%,31.6%,"14:06 ET"
AMD,150.79,2024-11-01,120.00,-20.42%,0.2,119.8,25.87%,109,906,77.94%,0.027188,96.90%,0.2%,6.8%,"14:18 ET"
AMED,97.22,2024-12-20,85.00,-12.57%,0.15,84.85,14.58%,358,2162,22.56%,0.052568,93.24%,0.2%,1.1%,"12:59 ET"
AMGN,314.89,2024-12-20,300.00,-4.73%,14.1,285.9,10.14%,167,1658,43.24%,0.354086,61.07%,4.9%,31.0%,"14:16 ET"
AMGN,314.89,2025-01-17,310.00,-1.55%,19.2,290.8,8.28%,108,1635,36.77%,0.424178,53.49%,6.6%,28.0%,"13:55 ET"
AMGN,314.89,2024-11-15,280.00,-11.08%,2.78,277.22,13.59%,5132,506,46.08%,0.143198,84.50%,1.0%,15.9%,"14:04 ET"
AMZN,184.13,2024-11-15,180.00,-2.24%,5.95,174.05,5.79%,654,15551,43.73%,0.394957,58.19%,3.4%,54.3%,"14:18 ET"
AMZN,184.13,2025-01-17,175.00,-4.96%,6.8,168.2,9.47%,659,14971,32.87%,0.328863,62.50%,4.0%,17.2%,"14:18 ET"
AMZN,184.13,2024-11-15,170.00,-7.67%,2.69,167.31,10.05%,703,18690,44.51%,0.218477,76.26%,1.6%,25.5%,"14:18 ET"
AMZN,184.13,2024-12-20,150.00,-18.54%,1.08,148.92,23.64%,738,10936,39.44%,0.078443,90.39%,0.7%,4.6%,"14:11 ET"
AMZN,184.13,2025-01-17,155.00,-15.82%,2.15,152.85,20.46%,763,8283,35.31%,0.127304,84.25%,1.4%,6.0%,"14:06 ET"
AMZN,184.13,2025-01-17,160.00,-13.10%,2.91,157.09,17.21%,767,14352,34.59%,0.16621,79.86%,1.9%,7.9%,"14:09 ET"
AMZN,184.13,2024-12-20,175.00,-4.96%,5.75,169.25,8.79%,784,9399,35.24%,0.321431,64.13%,3.4%,21.4%,"14:09 ET"
AMZN,184.13,2024-11-15,160.00,-13.10%,1.07,158.93,15.86%,831,30768,46.32%,0.101379,88.65%,0.7%,10.7%,"14:14 ET"
AMZN,184.13,2024-11-01,180.00,-2.24%,4.7,175.3,5.04%,942,4755,57.04%,0.386706,60.00%,2.7%,108.7%,"14:18 ET"
AMZN,184.13,2024-11-01,170.00,-7.67%,1.62,168.38,9.35%,1064,5540,56.97%,0.176711,81.39%,1.0%,39.0%,"14:15 ET"
AMZN,184.13,2024-11-01,175.00,-4.96%,2.87,172.13,6.97%,1319,5457,57.11%,0.273481,71.47%,1.7%,67.6%,"14:18 ET"
AMZN,184.13,2024-11-15,165.00,-10.39%,1.71,163.29,12.76%,1366,14337,45.22%,0.151384,83.31%,1.0%,16.6%,"14:10 ET"
AMZN,184.13,2024-11-01,150.00,-18.54%,0.12,149.88,22.85%,1951,1174,64.01%,0.018675,97.93%,0.1%,3.2%,"14:10 ET"
AMZN,184.13,2024-11-29,170.00,-7.67%,3.3,166.7,10.46%,191,1683,39.16%,0.235165,73.90%,2.0%,19.5%,"14:17 ET"
AMZN,184.13,2024-11-08,175.00,-4.96%,3.6,171.4,7.43%,190,1003,48.94%,0.292312,69.02%,2.1%,47.9%,"14:02 ET"
AMZN,184.13,2024-11-08,180.00,-2.24%,5.45,174.55,5.49%,189,3530,48.62%,0.39282,58.82%,3.1%,71.2%,"14:14 ET"
AMZN,184.13,2025-01-17,125.00,-32.11%,0.4,124.6,47.78%,625,21277,44.23%,0.025438,96.44%,0.3%,1.4%,"13:02 ET"
AMZN,184.13,2024-11-22,170.00,-7.67%,3.05,166.95,10.29%,216,1568,42.01%,0.23071,74.63%,1.8%,22.2%,"14:17 ET"
AMZN,184.13,2024-11-15,150.00,-18.54%,0.42,149.58,23.10%,217,8856,49.56%,0.042966,95.03%,0.3%,4.5%,"14:14 ET"
AMZN,184.13,2024-11-29,160.00,-13.10%,1.51,158.49,16.18%,225,567,40.91%,0.122315,85.96%,1.0%,9.4%,"14:18 ET"
AMZN,184.13,2024-11-15,155.00,-15.82%,0.67,154.33,19.31%,229,6288,47.83%,0.066552,92.43%,0.4%,6.9%,"14:09 ET"
AMZN,184.13,2024-11-08,170.00,-7.67%,2.29,167.71,9.79%,155,1765,49.42%,0.205194,77.99%,1.4%,31.1%,"14:14 ET"
AMZN,184.13,2024-12-20,180.00,-2.24%,7.7,172.3,6.87%,271,9428,34.71%,0.396805,56.51%,4.5%,28.1%,"14:07 ET"
AMZN,184.13,2024-11-15,175.00,-4.96%,4.05,170.95,7.71%,275,12996,44.07%,0.30116,67.71%,2.4%,37.6%,"14:18 ET"
AMZN,184.13,2025-01-17,170.00,-7.67%,5.2,164.8,11.73%,277,18496,33.30%,0.267054,68.93%,3.2%,13.4%,"14:14 ET"
AMZN,184.13,2024-11-22,180.00,-2.24%,6.3,173.7,6.00%,284,520,40.47%,0.395664,57.75%,3.6%,44.1%,"14:05 ET"
AMZN,184.13,2024-11-01,155.00,-15.82%,0.22,154.78,18.96%,287,581,60.20%,0.031397,96.58%,0.1%,5.8%,"14:17 ET"
AMZN,184.13,2024-11-22,160.00,-13.10%,1.33,158.67,16.05%,138,761,43.52%,0.114602,86.99%,0.8%,10.2%,"14:14 ET"
AMZN,184.13,2025-01-17,165.00,-10.39%,3.9,161.1,14.30%,336,15249,33.93%,0.212849,74.73%,2.4%,10.3%,"14:00 ET"
AMZN,184.13,2024-12-20,165.00,-10.39%,3.05,161.95,13.70%,336,9987,36.56%,0.195186,77.42%,1.9%,11.9%,"14:18 ET"
AMZN,184.13,2024-12-20,170.00,-7.67%,4.25,165.75,11.09%,337,12083,35.94%,0.254157,71.14%,2.6%,16.1%,"14:09 ET"
AMZN,184.13,2024-11-22,165.00,-10.39%,2.04,162.96,12.99%,126,753,42.41%,0.164306,81.65%,1.3%,15.2%,"14:07 ET"
AMZN,184.13,2024-11-01,172.50,-6.32%,2.18,170.32,8.11%,421,1243,56.78%,0.221561,76.79%,1.3%,51.9%,"14:16 ET"
AMZN,184.13,2025-01-17,180.00,-2.24%,8.75,171.25,7.52%,425,22188,32.42%,0.395544,55.73%,5.1%,21.7%,"14:18 ET"
AMZN,184.13,2024-12-20,160.00,-13.10%,2.19,157.81,16.68%,428,18137,37.36%,0.146515,82.72%,1.4%,8.7%,"14:10 ET"
AMZN,184.13,2024-11-29,180.00,-2.24%,6.6,173.4,6.19%,487,693,37.94%,0.395567,57.45%,3.8%,37.5%,"14:17 ET"
AMZN,184.13,2025-01-17,150.00,-18.54%,1.59,148.41,24.07%,106,22433,36.43%,0.097504,87.68%,1.1%,4.5%,"14:09 ET"
AMZN,184.13,2024-11-08,165.00,-10.39%,1.38,163.62,12.54%,112,1360,49.98%,0.135496,85.27%,0.8%,19.2%,"14:08 ET"
AMZN,184.13,2024-12-20,155.00,-15.82%,1.54,153.46,19.99%,112,6679,38.29%,0.107803,87.04%,1.0%,6.3%,"14:17 ET"
AMZN,184.13,2024-11-01,160.00,-13.10%,0.42,159.58,15.38%,502,4759,58.79%,0.059494,93.59%,0.3%,10.7%,"14:16 ET"
AMZN,184.13,2024-11-01,165.00,-10.39%,0.85,164.15,12.17%,513,2273,57.50%,0.105431,88.78%,0.5%,21.0%,"14:17 ET"
AMZN,184.13,2024-11-01,177.50,-3.60%,3.7,173.8,5.94%,516,1573,57.30%,0.328975,65.82%,2.1%,86.3%,"14:16 ET"
ANF,147,2024-11-15,145.00,-1.36%,6.4,138.6,6.06%,116,1087,53.93%,0.424246,54.03%,4.6%,73.3%,"14:03 ET"
ANF,147,2025-01-17,115.00,-21.77%,4.6,110.4,33.15%,850,1402,64.54%,0.165442,78.34%,4.2%,17.7%,"14:17 ET"
ANF,147,2025-01-17,135.00,-8.16%,10.6,124.4,18.17%,1301,1864,61.44%,0.320757,61.24%,8.5%,36.2%,"11:54 ET"
AOS,77.88,2024-11-15,75.00,-3.70%,1.05,73.95,5.31%,625,1032,27.32%,0.300817,70.87%,1.4%,22.5%,"14:08 ET"
APA,24.34,2024-11-15,22.50,-7.56%,0.55,21.95,10.89%,170,24614,52.46%,0.264778,72.47%,2.5%,39.8%,"14:15 ET"
APH,67.71,2024-11-15,60.00,-11.39%,0.2,59.8,13.23%,207,3675,35.31%,0.087705,91.37%,0.3%,5.3%,"14:15 ET"
APH,67.71,2024-11-15,65.00,-4.00%,1,64,5.80%,134,8740,30.58%,0.306099,70.27%,1.6%,24.8%,"14:15 ET"
APH,67.71,2024-11-15,62.50,-7.69%,0.45,62.05,9.12%,129,1628,31.60%,0.161307,84.36%,0.7%,11.5%,"14:11 ET"
APP,158.36,2024-11-15,155.00,-2.12%,11.1,143.9,10.05%,668,676,81.58%,0.417378,54.17%,7.7%,122.4%,"14:09 ET"
APTV,69.1,2024-11-15,65.00,-5.93%,1.65,63.35,9.08%,3017,3352,49.81%,0.293451,68.76%,2.6%,41.3%,"11:48 ET"
ARES,166.6,2024-12-20,160.00,-3.96%,4.4,155.6,7.07%,307,613,29.18%,0.33733,63.59%,2.8%,17.8%,"13:31 ET"
ARKK,45.53,2025-01-17,30.00,-34.11%,0.08,29.92,52.17%,103,2545,46.84%,0.023835,96.67%,0.3%,1.1%,"11:27 ET"
ARKK,45.53,2024-12-20,43.00,-5.56%,1.45,41.55,9.58%,407,1943,36.99%,0.315348,65.09%,3.5%,22.0%,"12:31 ET"
ARKK,45.53,2024-12-20,44.00,-3.36%,1.8,42.2,7.89%,422,2784,36.37%,0.372274,59.32%,4.3%,26.8%,"13:30 ET"
ARKK,45.53,2024-11-15,45.00,-1.16%,1.51,43.49,4.69%,430,13805,38.93%,0.437789,54.77%,3.5%,55.1%,"14:15 ET"
ARKK,45.53,2024-12-20,40.00,-12.15%,0.72,39.28,15.91%,698,7176,39.50%,0.17818,79.46%,1.8%,11.5%,"13:53 ET"
ARLP,25.09,2024-11-15,22.50,-10.32%,0.15,22.35,12.26%,100,2062,43.44%,0.164458,84.11%,0.7%,10.7%,"09:46 ET"
ARM,141.2,2025-01-17,115.00,-18.56%,6.25,108.75,29.84%,197,4341,67.31%,0.20764,73.51%,5.7%,24.4%,"13:40 ET"
ARM,141.2,2024-12-20,125.00,-11.47%,7.6,117.4,20.27%,523,1630,69.30%,0.276124,67.04%,6.5%,40.7%,"13:35 ET"
ARM,141.2,2024-12-20,135.00,-4.39%,11.75,123.25,14.56%,196,939,68.60%,0.376643,56.52%,9.5%,60.0%,"14:06 ET"
ARM,141.2,2024-11-15,125.00,-11.47%,4.85,120.15,17.52%,100,1336,83.96%,0.246652,71.84%,4.0%,64.1%,"14:01 ET"
ARM,141.2,2024-11-15,105.00,-25.64%,1.22,103.78,36.06%,108,2542,90.79%,0.078437,90.32%,1.2%,18.7%,"14:17 ET"
ARM,141.2,2025-01-17,125.00,-11.47%,9.55,115.45,22.30%,110,3443,65.94%,0.286876,64.83%,8.3%,35.1%,"14:04 ET"
ARM,141.2,2025-01-17,120.00,-15.01%,7.8,112.2,25.85%,228,4213,66.77%,0.246186,69.21%,7.0%,29.5%,"14:07 ET"
ARM,141.2,2024-12-20,120.00,-15.01%,6,114,23.86%,601,2089,69.89%,0.230028,72.04%,5.3%,33.1%,"14:04 ET"
ARM,141.2,2024-12-20,90.00,-36.26%,1.05,88.95,58.74%,113,576,77.17%,0.051181,92.84%,1.2%,7.4%,"14:11 ET"
ARM,141.2,2024-11-15,115.00,-18.56%,2.53,112.47,25.54%,269,2738,87.11%,0.146913,82.60%,2.2%,35.7%,"14:04 ET"
ARM,141.2,2024-11-15,100.00,-29.18%,0.83,99.17,42.38%,146,9311,92.62%,0.054561,93.11%,0.8%,13.3%,"14:02 ET"
ARM,141.2,2024-11-15,80.00,-43.34%,0.12,79.88,76.77%,144,1905,108.34%,0.01298,98.17%,0.2%,2.4%,"13:47 ET"
ARM,141.2,2024-11-01,135.00,-4.39%,2.63,132.37,6.67%,341,539,59.51%,0.303904,68.46%,2.0%,80.6%,"14:15 ET"
ARM,141.2,2025-01-17,130.00,-7.93%,11.6,118.4,19.26%,346,3247,65.65%,0.330074,60.23%,9.8%,41.6%,"13:52 ET"
ARM,141.2,2024-11-15,130.00,-7.93%,6.5,123.5,14.33%,362,2756,83.92%,0.308974,65.26%,5.3%,83.5%,"14:10 ET"
ARM,141.2,2025-01-17,105.00,-25.64%,3.85,101.15,39.59%,124,2184,68.71%,0.140405,81.28%,3.8%,16.2%,"13:45 ET"
ARM,141.2,2025-01-17,135.00,-4.39%,13.9,121.1,16.60%,123,2619,65.73%,0.374424,55.60%,11.5%,48.7%,"12:22 ET"
ARM,141.2,2024-11-15,135.00,-4.39%,8.55,126.45,11.66%,689,3179,83.15%,0.374418,58.52%,6.8%,107.3%,"14:18 ET"
ASHR,27.76,2024-12-20,27.00,-2.74%,1.06,25.94,7.02%,1157,1333,35.47%,0.380459,57.78%,4.1%,25.7%,"13:17 ET"
ASHR,27.76,2024-11-15,26.00,-6.34%,0.29,25.71,7.97%,148,6489,34.55%,0.205771,77.50%,1.1%,17.9%,"13:30 ET"
ASHR,27.76,2024-11-08,25.00,-9.94%,0.07,24.93,11.35%,105,1195,38.11%,0.085719,90.53%,0.3%,6.4%,"12:39 ET"
ASHR,27.76,2024-11-01,26.50,-4.54%,0.13,26.37,5.27%,134,1319,32.10%,0.170099,82.16%,0.5%,20.0%,"12:48 ET"
ASML,701.97,2024-11-01,630.00,-10.25%,1.05,628.95,11.61%,156,633,43.43%,0.054381,94.36%,0.2%,6.8%,"13:23 ET"
AVGO,172.95,2024-11-08,170.00,-1.71%,5.4,164.6,5.07%,107,951,47.86%,0.411612,56.82%,3.3%,74.8%,"14:10 ET"
AVGO,172.95,2024-11-29,165.00,-4.60%,5.7,159.3,8.57%,203,661,43.83%,0.336568,63.20%,3.6%,35.3%,"13:31 ET"
AVGO,172.95,2024-11-15,160.00,-7.49%,3,157,10.16%,194,4508,47.73%,0.236696,74.20%,1.9%,30.3%,"14:14 ET"
AVGO,172.95,2024-12-20,160.00,-7.49%,6.85,153.15,12.93%,193,6979,47.66%,0.299542,65.90%,4.5%,28.1%,"14:08 ET"
AVGO,172.95,2024-11-01,167.50,-3.15%,2.6,164.9,4.88%,624,557,45.59%,0.316377,67.27%,1.6%,63.9%,"14:16 ET"
AVGO,172.95,2024-11-15,145.00,-16.16%,0.81,144.19,19.95%,180,3647,51.86%,0.076856,91.21%,0.6%,8.9%,"14:12 ET"
AVGO,172.95,2024-11-15,170.00,-1.71%,6.35,163.65,5.68%,175,6281,46.00%,0.415626,55.92%,3.9%,61.6%,"14:16 ET"
AVGO,172.95,2024-11-08,140.00,-19.05%,0.29,139.71,23.79%,111,896,57.28%,0.033988,96.10%,0.2%,4.7%,"14:07 ET"
AVGO,172.95,2024-12-20,150.00,-13.27%,4.05,145.95,18.50%,236,4585,48.93%,0.197945,76.73%,2.8%,17.5%,"14:14 ET"
AVGO,172.95,2025-01-17,144.00,-16.74%,3.95,140.05,23.49%,112,1897,46.81%,0.171071,79.00%,2.8%,12.0%,"14:04 ET"
AVGO,172.95,2024-11-15,165.00,-4.60%,4.45,160.55,7.72%,238,2473,46.77%,0.320396,65.57%,2.8%,44.0%,"14:17 ET"
AVGO,172.95,2024-11-15,155.00,-10.38%,1.98,153.02,13.02%,246,2717,48.80%,0.167681,81.45%,1.3%,20.5%,"14:17 ET"
AVGO,172.95,2024-12-20,168.00,-2.86%,9.95,158.05,9.43%,247,1614,46.77%,0.394136,56.19%,6.3%,39.6%,"14:09 ET"
AVGO,172.95,2024-12-20,164.00,-5.17%,8.3,155.7,11.08%,252,1340,47.20%,0.345761,61.12%,5.3%,33.5%,"14:02 ET"
AVGO,172.95,2025-01-17,155.00,-10.38%,6.7,148.3,16.62%,113,3190,45.33%,0.261833,69.08%,4.5%,19.2%,"14:04 ET"
AVGO,172.95,2025-01-17,165.00,-4.60%,10.3,154.7,11.80%,115,680,44.46%,0.361665,58.63%,6.7%,28.3%,"12:50 ET"
AVGO,172.95,2024-11-15,152.00,-12.11%,1.52,150.48,14.93%,151,2408,49.40%,0.133295,85.11%,1.0%,16.0%,"14:10 ET"
AVGO,172.95,2024-11-15,150.00,-13.27%,1.27,148.73,16.28%,276,5786,50.33%,0.115542,87.01%,0.9%,13.6%,"14:12 ET"
AVGO,172.95,2025-01-17,170.00,-1.71%,12.5,157.5,9.81%,304,2758,44.09%,0.415169,53.20%,7.9%,33.7%,"14:08 ET"
AVGO,172.95,2025-01-17,160.00,-7.49%,8.35,151.65,14.05%,137,5204,44.95%,0.310419,63.94%,5.5%,23.4%,"14:08 ET"
AVGO,172.95,2024-11-01,150.00,-13.27%,0.23,149.77,15.48%,132,758,52.96%,0.040101,95.65%,0.2%,6.2%,"14:17 ET"
AVGO,172.95,2024-11-15,162.00,-6.33%,3.5,158.5,9.12%,132,1495,47.49%,0.269071,70.84%,2.2%,35.0%,"14:13 ET"
AVGO,172.95,2024-11-01,170.00,-1.71%,3.45,166.55,3.84%,422,1913,44.80%,0.392003,59.66%,2.1%,84.0%,"14:11 ET"
AVGO,172.95,2024-11-15,156.00,-9.80%,2.16,153.84,12.42%,413,1761,48.61%,0.180363,80.10%,1.4%,22.3%,"14:10 ET"
AVGO,172.95,2024-12-20,170.00,-1.71%,10.85,159.15,8.67%,123,3736,46.57%,0.418847,53.69%,6.8%,42.9%,"14:16 ET"
AVGO,172.95,2024-11-15,142.00,-17.90%,0.61,141.39,22.32%,123,2801,53.02%,0.059921,93.08%,0.4%,6.8%,"13:43 ET"
AVGO,172.95,2024-11-01,165.00,-4.60%,1.91,163.09,6.05%,698,1180,46.31%,0.248702,74.12%,1.2%,47.5%,"14:16 ET"
AVGO,172.95,2024-11-01,160.00,-7.49%,0.97,159.03,8.75%,731,1086,48.35%,0.144886,84.73%,0.6%,24.7%,"14:17 ET"
AVGO,172.95,2024-12-20,140.00,-19.05%,2.25,137.75,25.55%,14393,5081,50.67%,0.12121,85.23%,1.6%,10.3%,"14:08 ET"
AVY,207.84,2024-11-15,200.00,-3.77%,1.9,198.1,4.92%,297,4270,24.59%,0.260335,73.33%,1.0%,15.2%,"11:59 ET"
AXP,270.08,2025-01-17,210.00,-22.25%,0.84,209.16,29.13%,109,2092,32.80%,0.04541,94.30%,0.4%,1.7%,"14:03 ET"
AXP,270.08,2024-12-20,250.00,-7.43%,3.7,246.3,9.65%,110,3082,27.22%,0.216742,76.18%,1.5%,9.5%,"13:36 ET"
AXP,270.08,2025-01-17,220.00,-18.54%,1.34,218.66,23.52%,103,2082,31.03%,0.070828,91.34%,0.6%,2.6%,"14:03 ET"
BA,157.5,2024-11-08,140.00,-11.11%,0.75,139.25,13.11%,192,678,46.01%,0.104096,88.93%,0.5%,12.3%,"14:03 ET"
BA,157.5,2024-11-01,143.00,-9.21%,0.49,142.51,10.52%,213,630,46.94%,0.091643,90.50%,0.3%,13.9%,"14:18 ET"
BA,157.5,2024-12-20,150.00,-4.76%,5.85,144.15,9.26%,183,1856,37.47%,0.345378,62.80%,4.1%,25.5%,"13:50 ET"
BA,157.5,2024-12-20,145.00,-7.94%,4.2,140.8,11.86%,180,1565,38.05%,0.268643,70.72%,3.0%,18.8%,"14:11 ET"
BA,157.5,2024-12-20,130.00,-17.46%,1.32,128.68,22.40%,225,2034,40.65%,0.103758,88.18%,1.0%,6.5%,"14:11 ET"
BA,157.5,2024-12-20,100.00,-36.51%,0.12,99.88,57.69%,159,646,51.34%,0.01025,98.68%,0.1%,0.8%,"11:56 ET"
BA,157.5,2025-01-17,145.00,-7.94%,5.55,139.45,12.94%,157,7281,36.67%,0.29009,67.89%,4.0%,16.9%,"14:05 ET"
BA,157.5,2024-12-20,155.00,-1.59%,7.9,147.1,7.07%,105,1870,36.86%,0.428815,54.34%,5.4%,33.8%,"14:08 ET"
BA,157.5,2024-11-15,130.00,-17.46%,0.28,129.72,21.42%,442,4274,45.74%,0.042869,95.27%,0.2%,3.4%,"14:09 ET"
BA,157.5,2024-11-15,125.00,-20.63%,0.19,124.81,26.19%,137,2684,49.14%,0.027096,96.95%,0.2%,2.4%,"14:16 ET"
BA,157.5,2024-12-20,135.00,-14.29%,1.98,133.02,18.40%,316,2318,39.66%,0.147006,83.52%,1.5%,9.4%,"14:16 ET"
BA,157.5,2024-11-15,135.00,-14.29%,0.65,134.35,17.23%,322,5940,45.05%,0.079385,91.36%,0.5%,7.7%,"14:16 ET"
BA,157.5,2024-11-15,155.00,-1.59%,5.25,149.75,5.18%,557,3572,41.22%,0.422253,56.14%,3.5%,55.6%,"14:16 ET"
BA,157.5,2024-11-01,135.00,-14.29%,0.1,134.9,16.75%,132,4484,51.27%,0.02622,97.22%,0.1%,3.0%,"14:17 ET"
BA,157.5,2025-01-17,120.00,-23.81%,1.04,118.96,32.40%,334,2993,40.87%,0.071131,91.48%,0.9%,3.7%,"14:11 ET"
BA,157.5,2024-12-20,140.00,-11.11%,2.95,137.05,14.92%,337,1561,38.89%,0.202457,77.63%,2.2%,13.5%,"14:18 ET"
BA,157.5,2025-01-17,155.00,-1.59%,9.4,145.6,8.17%,369,5642,35.37%,0.428553,53.71%,6.5%,27.4%,"14:12 ET"
BA,157.5,2025-01-17,150.00,-4.76%,7.3,142.7,10.37%,390,7063,35.97%,0.35684,61.01%,5.1%,21.7%,"14:11 ET"
BA,157.5,2024-11-01,152.50,-3.17%,2.35,150.15,4.90%,639,568,45.05%,0.317542,67.58%,1.6%,63.5%,"14:17 ET"
BA,157.5,2024-11-15,145.00,-7.94%,2.03,142.97,10.16%,770,12660,42.31%,0.205829,78.19%,1.4%,22.5%,"14:13 ET"
BA,157.5,2024-11-15,150.00,-4.76%,3.35,146.65,7.40%,1182,9988,41.64%,0.305573,67.96%,2.3%,36.3%,"14:16 ET"
BA,157.5,2024-11-15,140.00,-11.11%,1.16,138.84,13.44%,1316,12230,43.69%,0.131735,85.86%,0.8%,13.3%,"14:16 ET"
BA,157.5,2024-11-01,140.00,-11.11%,0.29,139.71,12.73%,1362,1732,47.83%,0.055982,94.16%,0.2%,8.4%,"14:15 ET"
BA,157.5,2024-11-01,150.00,-4.76%,1.47,148.53,6.04%,1511,4278,45.37%,0.240816,75.33%,1.0%,40.1%,"14:16 ET"
BA,157.5,2024-11-01,145.00,-7.94%,0.7,144.3,9.15%,2787,1532,46.43%,0.124262,87.16%,0.5%,19.7%,"14:11 ET"
BA,157.5,2024-11-01,155.00,-1.59%,3.2,151.8,3.75%,2806,1619,44.30%,0.402162,59.10%,2.1%,85.5%,"14:13 ET"
BABA,97.85,2024-11-15,95.00,-2.91%,2.82,92.18,6.15%,1094,13826,42.91%,0.371506,60.81%,3.1%,48.5%,"14:18 ET"
BABA,97.85,2024-11-15,90.00,-8.02%,1.21,88.79,10.20%,1365,6830,42.75%,0.202846,78.21%,1.4%,21.6%,"14:16 ET"
BABA,97.85,2025-01-17,90.00,-8.02%,3.15,86.85,12.67%,185,9369,34.78%,0.282964,68.98%,3.6%,15.4%,"12:11 ET"
BABA,97.85,2024-12-20,80.00,-18.24%,0.67,79.33,23.35%,605,3748,39.61%,0.088822,89.89%,0.8%,5.3%,"13:51 ET"
BABA,97.85,2024-11-01,96.00,-1.89%,1.47,94.53,3.51%,151,611,39.53%,0.365948,62.08%,1.6%,63.1%,"14:15 ET"
BABA,97.85,2024-12-20,90.00,-8.02%,2.56,87.44,11.91%,115,4750,37.88%,0.265973,71.02%,2.9%,18.4%,"14:11 ET"
BABA,97.85,2024-11-01,95.00,-2.91%,1.12,93.88,4.23%,582,3905,38.75%,0.301462,68.64%,1.2%,48.4%,"14:18 ET"
BABA,97.85,2024-12-20,82.50,-15.69%,0.96,81.54,20.00%,302,2989,39.17%,0.122048,86.27%,1.2%,7.4%,"14:02 ET"
BABA,97.85,2024-12-20,95.00,-2.91%,4.45,90.55,8.06%,441,3383,37.70%,0.393746,57.80%,4.9%,30.9%,"14:12 ET"
BABA,97.85,2024-11-01,93.00,-4.96%,0.64,92.36,5.94%,314,814,38.48%,0.190701,79.99%,0.7%,28.1%,"13:17 ET"
BABA,97.85,2024-11-08,95.00,-2.91%,2.01,92.99,5.23%,133,885,41.78%,0.351036,63.23%,2.2%,49.3%,"13:58 ET"
BABA,97.85,2024-11-01,90.00,-8.02%,0.25,89.75,9.03%,392,4422,40.64%,0.089204,90.50%,0.3%,11.3%,"14:09 ET"
BAC,42.17,2024-11-15,41.50,-1.59%,0.82,40.68,3.66%,202,1711,26.52%,0.398953,59.51%,2.0%,32.0%,"14:09 ET"
BAC,42.17,2024-12-20,37.00,-12.26%,0.3,36.7,14.90%,206,11225,29.41%,0.117957,86.77%,0.8%,5.1%,"14:12 ET"
BAC,42.17,2024-12-20,35.00,-17.00%,0.17,34.83,21.07%,619,17276,33.05%,0.06805,92.14%,0.5%,3.1%,"11:48 ET"
BAC,42.17,2024-12-20,36.00,-14.63%,0.22,35.78,17.86%,180,8281,30.91%,0.087497,90.04%,0.6%,3.9%,"14:18 ET"
BAC,42.17,2025-01-17,39.00,-7.52%,0.88,38.12,10.62%,235,32075,27.34%,0.249093,72.20%,2.3%,9.8%,"14:00 ET"
BAC,42.17,2024-11-15,38.00,-9.89%,0.15,37.85,11.41%,167,9413,31.92%,0.09237,90.31%,0.4%,6.3%,"14:09 ET"
BAC,42.17,2024-12-20,41.00,-2.77%,1.14,39.86,5.80%,106,2834,25.62%,0.368551,60.85%,2.9%,18.0%,"13:30 ET"
BAC,42.17,2025-01-17,41.00,-2.77%,1.49,39.51,6.73%,165,18577,26.10%,0.379941,58.79%,3.8%,16.0%,"14:11 ET"
BAC,42.17,2025-01-17,30.00,-28.86%,0.13,29.87,41.18%,285,85563,42.83%,0.039375,94.93%,0.4%,1.8%,"14:18 ET"
BAC,42.17,2025-01-17,40.00,-5.15%,1.15,38.85,8.55%,294,16884,26.64%,0.310425,65.86%,3.0%,12.6%,"14:02 ET"
BAC,42.17,2024-11-01,41.00,-2.77%,0.23,40.77,3.43%,297,2362,24.22%,0.239691,77.03%,0.6%,22.9%,"14:10 ET"
BAC,42.17,2025-01-17,25.00,-40.72%,0.07,24.93,69.15%,301,89705,53.99%,0.016212,97.70%,0.3%,1.2%,"12:38 ET"
BAC,42.17,2024-11-15,40.00,-5.15%,0.39,39.61,6.46%,103,9278,28.10%,0.221078,77.30%,1.0%,15.6%,"14:11 ET"
BAC,42.17,2024-11-01,41.50,-1.59%,0.36,41.14,2.50%,436,995,23.69%,0.34605,66.66%,0.9%,35.5%,"14:16 ET"
BAC,42.17,2024-11-15,41.00,-2.77%,0.64,40.36,4.48%,134,4815,26.77%,0.331723,66.23%,1.6%,25.2%,"14:09 ET"
BAC,42.17,2025-01-17,38.00,-9.89%,0.66,37.34,12.94%,131,28356,27.95%,0.195515,77.86%,1.8%,7.5%,"14:10 ET"
BAC,42.17,2024-12-20,38.00,-9.89%,0.41,37.59,12.18%,576,8721,28.21%,0.16027,82.28%,1.1%,6.9%,"13:25 ET"
BAC,42.17,2024-12-20,40.00,-5.15%,0.82,39.18,7.63%,827,10310,26.34%,0.285669,69.26%,2.1%,13.2%,"14:00 ET"
BAC,42.17,2024-12-20,39.00,-7.52%,0.59,38.41,9.79%,1139,3628,27.16%,0.215675,76.48%,1.5%,9.7%,"14:12 ET"
BAC,42.17,2024-11-15,35.00,-17.00%,0.06,34.94,20.69%,1200,10751,41.49%,0.033513,96.32%,0.2%,2.7%,"13:17 ET"
BAC,42.17,2024-11-01,40.00,-5.15%,0.09,39.91,5.66%,1395,1719,27.20%,0.112608,89.19%,0.2%,9.1%,"14:15 ET"
BAC,42.17,2024-11-15,37.00,-12.26%,0.1,36.9,14.28%,3235,23164,34.47%,0.061426,93.47%,0.3%,4.3%,"13:22 ET"
BBY,93.06,2024-12-20,80.00,-14.03%,1.22,78.78,18.13%,2505,6790,39.91%,0.150741,82.91%,1.5%,9.7%,"12:01 ET"
BBY,93.06,2024-11-15,85.00,-8.66%,0.61,84.39,10.27%,271,608,35.13%,0.143979,84.79%,0.7%,11.5%,"13:31 ET"
BIDU,90,2024-12-20,85.00,-5.56%,3.55,81.45,10.50%,282,4029,42.95%,0.326432,63.08%,4.4%,27.4%,"13:34 ET"
BIDU,90,2024-11-15,75.00,-16.67%,0.13,74.87,20.21%,122,1656,46.30%,0.050347,94.17%,0.2%,2.8%,"14:09 ET"
BITX,29.86,2024-11-08,26.00,-12.93%,1.25,24.75,20.65%,218,1151,120.44%,0.266057,70.85%,5.1%,115.2%,"13:42 ET"
BKR,37.13,2024-11-15,36.00,-3.04%,0.7,35.3,5.18%,154,1550,32.99%,0.348341,64.55%,2.0%,31.5%,"12:27 ET"
BMY,52.8,2025-01-17,50.00,-5.30%,1.62,48.38,9.14%,164,11930,28.63%,0.317871,65.25%,3.3%,14.2%,"14:02 ET"
BMY,52.8,2024-11-01,52.00,-1.52%,0.86,51.14,3.25%,1039,589,37.03%,0.386251,60.36%,1.7%,68.2%,"13:41 ET"
BP,31.14,2025-01-17,30.00,-3.66%,1.1,28.9,7.75%,186,22832,26.47%,0.369516,61.42%,3.8%,16.2%,"13:27 ET"
BP,31.14,2024-11-01,30.00,-3.66%,0.25,29.75,4.67%,154,859,33.93%,0.247132,75.80%,0.8%,34.1%,"14:12 ET"
BSX,87.25,2024-11-01,81.00,-7.16%,0.15,80.85,7.92%,206,1103,32.21%,0.095627,92.92%,0.2%,7.5%,"14:07 ET"
BSX,87.25,2024-11-15,82.00,-6.02%,0.6,81.4,7.19%,297,592,26.43%,0.197976,82.52%,0.7%,11.7%,"12:11 ET"
BTI,34.65,2025-01-17,30.00,-13.42%,0.15,29.85,16.08%,100,6749,23.27%,0.102059,89.90%,0.5%,2.1%,"12:18 ET"
BTU,24.36,2024-11-15,24.00,-1.48%,0.96,23.04,5.73%,121,567,48.42%,0.425191,54.87%,4.2%,66.1%,"13:33 ET"
BX,165.74,2024-12-20,140.00,-15.53%,1.15,138.85,19.37%,1201,2153,35.54%,0.101997,88.32%,0.8%,5.2%,"13:53 ET"
BX,165.74,2025-01-17,115.00,-30.61%,0.38,114.62,44.60%,3330,6975,42.60%,0.02952,96.14%,0.3%,1.4%,"14:13 ET"
BX,165.74,2025-01-17,85.00,-48.71%,0.07,84.93,95.15%,3538,9174,59.14%,0.006531,99.00%,0.1%,0.3%,"14:13 ET"
C,62.87,2025-01-17,50.00,-20.47%,0.4,49.6,26.75%,751,33323,35.52%,0.078246,90.80%,0.8%,3.4%,"14:02 ET"
C,62.87,2025-01-17,55.00,-12.52%,0.94,54.06,16.30%,2765,33312,31.66%,0.171234,80.79%,1.7%,7.4%,"13:50 ET"
C,62.87,2025-01-17,57.50,-8.54%,1.47,56.03,12.21%,198,13025,30.48%,0.248417,72.69%,2.6%,11.1%,"13:10 ET"
C,62.87,2025-01-17,60.00,-4.56%,2.25,57.75,8.87%,190,31966,29.66%,0.345193,62.73%,3.9%,16.5%,"14:17 ET"
C,62.87,2024-11-01,61.00,-2.97%,0.44,60.56,3.81%,245,581,28.16%,0.262077,75.26%,0.7%,29.5%,"14:17 ET"
C,62.87,2024-11-15,60.00,-4.56%,1.11,58.89,6.76%,250,15691,35.95%,0.296122,69.77%,1.9%,29.9%,"14:16 ET"
C,62.87,2024-11-01,62.00,-1.38%,0.74,61.26,2.63%,149,826,26.78%,0.389467,62.98%,1.2%,49.0%,"14:14 ET"
C,62.87,2024-11-01,60.00,-4.56%,0.25,59.75,5.22%,118,725,29.17%,0.164193,84.61%,0.4%,17.0%,"13:21 ET"
C,62.87,2024-12-20,57.50,-8.54%,1.03,56.47,11.33%,366,10898,31.12%,0.21939,76.42%,1.8%,11.5%,"14:11 ET"
CAG,29.5,2024-11-15,29.00,-1.69%,0.45,28.55,3.33%,229,1610,22.39%,0.384346,61.95%,1.6%,25.0%,"14:18 ET"
CARR,80.14,2024-11-15,77.50,-3.29%,1.9,75.6,6.01%,261,865,38.20%,0.356935,63.66%,2.5%,39.9%,"14:17 ET"
CARR,80.14,2025-01-17,75.00,-6.41%,2.45,72.55,10.46%,128,26807,31.20%,0.297305,66.92%,3.4%,14.3%,"14:14 ET"
CAT,384.48,2024-11-15,380.00,-1.17%,11.7,368.3,4.39%,229,4441,35.33%,0.440669,55.26%,3.2%,50.4%,"14:11 ET"
CAT,384.48,2024-11-15,370.00,-3.77%,7.85,362.15,6.17%,256,973,36.44%,0.329908,66.26%,2.2%,34.4%,"14:00 ET"
CAT,384.48,2024-11-15,350.00,-8.97%,3.15,346.85,10.85%,271,2135,38.87%,0.161232,83.22%,0.9%,14.4%,"14:16 ET"
CAT,384.48,2025-01-17,300.00,-21.97%,1.71,298.29,28.89%,133,1193,35.24%,0.059739,92.65%,0.6%,2.4%,"12:42 ET"
CAT,384.48,2024-12-20,340.00,-11.57%,4.3,335.7,14.53%,6918,890,32.94%,0.156531,82.54%,1.3%,8.1%,"14:16 ET"
CCJ,53.87,2024-11-15,44.00,-18.32%,0.27,43.73,23.19%,228,2678,57.59%,0.077327,91.92%,0.6%,9.8%,"12:02 ET"
CCJ,53.87,2024-11-15,45.00,-16.47%,0.36,44.64,20.68%,262,6783,56.32%,0.097984,89.84%,0.8%,12.8%,"14:10 ET"
CCJ,53.87,2024-11-15,51.00,-5.33%,1.68,49.32,9.23%,149,3230,53.03%,0.336042,65.96%,3.4%,54.1%,"14:17 ET"
CCJ,53.87,2024-11-15,50.00,-7.18%,1.34,48.66,10.71%,467,4012,53.41%,0.284587,71.09%,2.8%,43.7%,"14:13 ET"
CCJ,53.87,2024-12-20,50.00,-7.18%,2.37,47.63,13.10%,147,1151,48.36%,0.32165,65.05%,5.0%,31.3%,"14:08 ET"
CCJ,53.87,2025-01-17,50.00,-7.18%,2.94,47.06,14.47%,330,6965,46.45%,0.330764,62.96%,6.2%,26.5%,"14:05 ET"
CCJ,53.87,2024-11-15,49.00,-9.04%,1.05,47.95,12.35%,349,2980,53.75%,0.236824,75.87%,2.2%,34.8%,"12:28 ET"
CCJ,53.87,2024-11-01,50.00,-7.18%,0.4,49.6,8.61%,126,548,48.07%,0.180931,83.83%,0.8%,32.7%,"14:16 ET"
CCL,20.9,2024-11-01,20.50,-1.91%,0.4,20.1,3.98%,186,7187,43.52%,0.391408,61.13%,2.0%,80.7%,"14:02 ET"
CELH,30.69,2024-11-01,26.00,-15.28%,0.13,25.87,18.63%,100,656,77.74%,0.081285,91.29%,0.5%,20.4%,"12:24 ET"
CELH,30.69,2024-11-15,30.00,-2.25%,2.42,27.58,11.28%,184,12779,90.42%,0.41803,53.99%,8.8%,139.2%,"14:11 ET"
CELH,30.69,2024-11-01,30.00,-2.25%,1.02,28.98,5.90%,172,2672,69.07%,0.406393,58.30%,3.5%,142.7%,"14:09 ET"
CELH,30.69,2024-11-15,27.50,-10.39%,1.34,26.16,17.32%,115,2738,90.81%,0.277685,68.49%,5.1%,81.3%,"14:11 ET"
CELH,30.69,2024-11-01,29.00,-5.51%,0.65,28.35,8.25%,149,8243,70.77%,0.294851,69.49%,2.3%,93.0%,"14:17 ET"
CELH,30.69,2024-11-01,28.00,-8.77%,0.38,27.62,11.12%,327,1614,71.13%,0.197201,79.43%,1.4%,55.8%,"14:10 ET"
CELH,30.69,2024-11-15,22.50,-26.69%,0.29,22.21,38.18%,6027,24612,96.34%,0.080777,90.04%,1.3%,20.7%,"13:43 ET"
CELH,30.69,2024-11-15,25.00,-18.54%,0.66,24.34,26.09%,7343,10703,92.12%,0.159312,81.24%,2.7%,43.0%,"14:08 ET"
CMCSA,41.25,2025-01-17,40.00,-3.03%,1.48,38.52,7.09%,3507,16046,27.12%,0.371205,59.24%,3.8%,16.3%,"13:57 ET"
CME,226.09,2024-11-15,220.00,-2.69%,1.8,218.2,3.62%,122,694,19.29%,0.270084,71.36%,0.8%,13.1%,"13:20 ET"
CMG,59.01,2025-01-17,49.00,-16.96%,0.7,48.3,22.17%,107,7831,37.60%,0.12648,84.58%,1.4%,6.2%,"12:55 ET"
CMG,59.01,2024-11-01,53.00,-10.18%,0.4,52.6,12.19%,198,531,63.58%,0.136742,85.90%,0.8%,30.8%,"10:52 ET"
CMG,59.01,2024-11-01,55.00,-6.80%,0.8,54.2,8.87%,192,933,63.01%,0.232888,76.15%,1.5%,59.9%,"14:16 ET"
CMG,59.01,2024-11-15,50.00,-15.27%,0.35,49.65,18.85%,237,10544,52.79%,0.095766,89.44%,0.7%,11.2%,"14:16 ET"
CMG,59.01,2025-01-17,44.00,-25.44%,0.3,43.7,35.03%,102,9043,41.67%,0.056586,92.66%,0.7%,2.9%,"14:10 ET"
CMG,59.01,2025-01-17,50.00,-15.27%,0.85,49.15,20.06%,498,12884,37.28%,0.149353,82.00%,1.7%,7.3%,"14:16 ET"
CMG,59.01,2024-12-20,50.00,-15.27%,0.6,49.4,19.45%,303,8246,40.19%,0.128842,84.95%,1.2%,7.6%,"14:14 ET"
CMG,59.01,2024-11-01,56.00,-5.10%,1.1,54.9,7.49%,431,720,62.22%,0.290234,70.40%,2.0%,81.3%,"14:17 ET"
CMG,59.01,2024-11-15,55.00,-6.80%,1.15,53.85,9.58%,131,8429,47.68%,0.262708,72.17%,2.1%,33.9%,"14:18 ET"
CMG,59.01,2024-11-01,54.00,-8.49%,0.6,53.4,10.51%,569,868,63.21%,0.180787,81.43%,1.1%,45.6%,"14:02 ET"
CMG,59.01,2024-12-20,45.00,-23.74%,0.2,44.8,31.72%,862,2274,44.93%,0.052637,93.49%,0.4%,2.8%,"11:52 ET"
CMG,59.01,2024-12-20,54.00,-8.49%,1.35,52.65,12.08%,891,7037,37.71%,0.247795,72.25%,2.6%,16.1%,"14:05 ET"
CNC,59.95,2024-11-15,56.00,-6.59%,1.3,54.7,9.60%,102,757,50.48%,0.267211,70.47%,2.4%,37.7%,"13:37 ET"
CNQ,34.89,2025-01-17,30.00,-14.02%,0.4,29.6,17.87%,271,5932,30.83%,0.140516,84.35%,1.4%,5.7%,"14:13 ET"
CNQ,34.89,2025-01-17,31.25,-10.43%,0.6,30.65,13.83%,147,1971,29.40%,0.201191,77.99%,2.0%,8.3%,"11:33 ET"
CNX,35.65,2025-01-17,30.00,-15.85%,0.75,29.25,21.88%,144,44096,34.29%,0.204071,85.01%,2.6%,10.9%,"13:00 ET"
CNX,35.65,2024-11-15,35.00,-1.82%,1.35,33.65,5.94%,2510,608,38.95%,0.469734,57.46%,4.0%,63.7%,"13:03 ET"
COF,154.14,2024-11-15,145.00,-5.93%,4.1,140.9,9.40%,155,1044,52.26%,0.310455,67.94%,2.9%,46.2%,"14:15 ET"
COIN,195.37,2024-11-15,185.00,-5.31%,12.65,172.35,13.36%,201,833,91.87%,0.364038,59.35%,7.3%,116.5%,"13:51 ET"
COIN,195.37,2025-01-17,180.00,-7.87%,19.75,160.25,21.92%,202,2835,76.42%,0.336821,58.74%,12.3%,52.3%,"13:45 ET"
COIN,195.37,2024-12-20,160.00,-18.10%,8.9,151.1,29.30%,195,2933,80.69%,0.214199,73.27%,5.9%,37.1%,"14:16 ET"
COIN,195.37,2024-11-15,160.00,-18.10%,4.65,155.35,25.76%,192,3361,94.96%,0.170023,79.90%,3.0%,47.5%,"13:59 ET"
COIN,195.37,2024-11-01,175.00,-10.43%,3.35,171.65,13.82%,215,636,90.10%,0.202621,78.18%,2.0%,79.2%,"14:14 ET"
COIN,195.37,2024-11-15,175.00,-10.43%,8.8,166.2,17.55%,171,1582,93.03%,0.279361,68.14%,5.3%,84.0%,"14:17 ET"
COIN,195.37,2024-11-01,170.00,-12.99%,2.39,167.61,16.56%,230,1152,92.46%,0.155189,83.10%,1.4%,57.8%,"14:18 ET"
COIN,195.37,2024-11-15,150.00,-23.22%,2.89,147.11,32.81%,233,3004,97.09%,0.114412,86.09%,2.0%,31.2%,"14:01 ET"
COIN,195.37,2024-12-20,180.00,-7.87%,16.25,163.75,19.31%,167,3459,79.38%,0.334991,60.22%,9.9%,62.5%,"14:11 ET"
COIN,195.37,2024-12-20,150.00,-23.22%,6.25,143.75,35.91%,237,2352,81.63%,0.162203,79.16%,4.3%,27.4%,"14:18 ET"
COIN,195.37,2024-11-01,160.00,-18.10%,1.16,158.84,23.00%,241,958,96.96%,0.08495,90.52%,0.7%,29.6%,"14:18 ET"
COIN,195.37,2024-11-15,170.00,-12.99%,7.2,162.8,20.01%,154,2136,93.59%,0.240034,72.31%,4.4%,70.2%,"13:39 ET"
COIN,195.37,2024-11-15,130.00,-33.46%,0.95,129.05,51.39%,140,1597,103.63%,0.045168,94.13%,0.7%,11.7%,"13:38 ET"
COIN,195.37,2024-11-01,140.00,-28.34%,0.29,139.71,39.84%,138,874,110.50%,0.023083,97.26%,0.2%,8.4%,"14:14 ET"
COIN,195.37,2025-01-17,165.00,-15.54%,13.4,151.6,28.87%,124,2389,76.65%,0.25568,67.51%,8.8%,37.5%,"13:31 ET"
COIN,195.37,2024-11-01,180.00,-7.87%,4.65,175.35,11.42%,385,1401,89.93%,0.263052,71.91%,2.7%,107.5%,"14:16 ET"
COIN,195.37,2024-11-15,140.00,-28.34%,1.76,138.24,41.33%,115,5525,100.20%,0.073784,90.74%,1.3%,20.2%,"14:04 ET"
COIN,195.37,2024-11-15,190.00,-2.75%,15.05,174.95,11.67%,462,1124,92.13%,0.408359,54.80%,8.6%,136.5%,"14:17 ET"
COIN,195.37,2024-11-15,180.00,-7.87%,10.65,169.35,15.36%,939,3600,92.55%,0.320946,63.78%,6.3%,99.8%,"14:16 ET"
COP,104.16,2024-11-15,100.00,-3.99%,1.88,98.12,6.16%,568,13903,34.71%,0.31774,68.00%,1.9%,30.4%,"14:16 ET"
COST,897.19,2024-11-15,830.00,-7.49%,3,827,8.49%,108,954,25.88%,0.107925,88.46%,0.4%,5.8%,"14:10 ET"
COST,897.19,2024-11-15,860.00,-4.15%,7.55,852.45,5.25%,100,516,24.19%,0.23179,75.71%,0.9%,14.1%,"14:15 ET"
COST,897.19,2025-01-17,840.00,-6.37%,17.1,822.9,9.03%,209,530,24.79%,0.254051,70.79%,2.1%,8.8%,"13:41 ET"
COST,897.19,2024-11-01,870.00,-3.03%,2.73,867.27,3.45%,224,4853,20.60%,0.175163,82.93%,0.3%,12.8%,"14:15 ET"
COST,897.19,2024-11-01,850.00,-5.26%,0.79,849.21,5.65%,171,500,22.19%,0.062068,93.95%,0.1%,3.8%,"14:05 ET"
COST,897.19,2024-11-01,855.00,-4.70%,1.08,853.92,5.07%,162,725,21.53%,0.07925,92.28%,0.1%,5.1%,"14:05 ET"
COST,897.19,2024-11-15,820.00,-8.60%,2.24,817.76,9.71%,156,1190,26.59%,0.082564,91.11%,0.3%,4.3%,"14:17 ET"
COST,897.19,2024-11-15,840.00,-6.37%,4.1,835.9,7.33%,154,685,25.29%,0.140986,85.03%,0.5%,7.8%,"13:47 ET"
COST,897.19,2024-11-15,810.00,-9.72%,1.67,808.33,10.99%,137,685,27.40%,0.063318,93.14%,0.2%,3.3%,"14:17 ET"
COST,897.19,2024-11-15,815.00,-9.16%,1.9,813.1,10.34%,117,841,26.78%,0.070835,92.35%,0.2%,3.7%,"13:47 ET"
COST,897.19,2024-11-15,800.00,-10.83%,1.23,798.77,12.32%,115,660,28.31%,0.048888,94.67%,0.2%,2.4%,"14:16 ET"
COST,897.19,2024-11-15,855.00,-4.70%,6.5,848.5,5.74%,142,1323,24.47%,0.205928,78.35%,0.8%,12.2%,"14:15 ET"
COST,897.19,2024-11-15,850.00,-5.26%,5.6,844.4,6.25%,146,875,24.89%,0.183481,80.65%,0.7%,10.5%,"14:16 ET"
COST,897.19,2024-11-01,865.00,-3.59%,2.04,862.96,3.97%,146,537,21.09%,0.138432,86.50%,0.2%,9.6%,"13:36 ET"
CPRI,41.33,2024-11-15,22.50,-45.56%,1.05,21.45,92.68%,123,14990,223.89%,0.083736,86.04%,4.9%,77.7%,"13:40 ET"
CPRI,41.33,2024-12-20,30.00,-27.41%,3.8,26.2,57.75%,255,1697,159.01%,0.199393,69.34%,14.5%,91.3%,"14:18 ET"
CPRI,41.33,2024-12-20,25.00,-39.51%,2.3,22.7,82.07%,102,3762,162.88%,0.131322,78.06%,10.1%,63.8%,"12:29 ET"
CPRI,41.33,2024-11-15,30.00,-27.41%,3.3,26.7,54.79%,113,11126,232.84%,0.195754,70.82%,12.4%,196.1%,"13:59 ET"
CPRI,41.33,2024-11-15,32.50,-21.36%,4.2,28.3,46.04%,136,3053,228.28%,0.234943,66.25%,14.8%,235.5%,"13:59 ET"
CPRI,41.33,2024-11-15,25.00,-39.51%,1.85,23.15,78.53%,24155,20211,234.16%,0.121865,80.38%,8.0%,126.8%,"13:57 ET"
CRBG,31.17,2024-11-15,30.00,-3.75%,0.7,29.3,6.38%,500,5584,40.02%,0.341262,64.83%,2.4%,37.9%,"11:38 ET"
CRM,283.35,2024-11-15,250.00,-11.77%,0.87,249.13,13.74%,223,1584,36.02%,0.075691,91.70%,0.3%,5.5%,"14:07 ET"
CRM,283.35,2024-12-20,250.00,-11.77%,3.9,246.1,15.14%,102,2356,36.40%,0.167611,80.59%,1.6%,10.0%,"14:02 ET"
CRM,283.35,2024-11-01,275.00,-2.95%,2.26,272.74,3.89%,103,1077,30.86%,0.268444,73.15%,0.8%,33.6%,"14:08 ET"
CRS,156.58,2024-11-15,150.00,-4.20%,5.3,144.7,8.21%,104,1286,53.88%,0.354397,62.45%,3.7%,58.1%,"12:43 ET"
CRSP,45.82,2025-01-17,40.00,-12.70%,2.25,37.75,21.38%,111,2653,56.88%,0.257049,68.86%,6.0%,25.3%,"13:57 ET"
CRSP,45.82,2024-11-15,45.00,-1.79%,2.75,42.25,8.45%,132,1166,69.61%,0.4266,54.12%,6.5%,103.3%,"14:00 ET"
CRWD,299.59,2025-01-17,290.00,-3.20%,20.9,269.1,11.33%,126,1456,46.32%,0.390055,55.75%,7.8%,33.0%,"14:07 ET"
CRWD,299.59,2024-12-20,290.00,-3.20%,18.2,271.8,10.22%,234,687,49.87%,0.391481,56.50%,6.7%,42.1%,"14:17 ET"
CRWD,299.59,2024-11-15,270.00,-9.88%,3.5,266.5,12.42%,163,1478,47.20%,0.176151,81.00%,1.3%,20.8%,"14:15 ET"
CRWD,299.59,2024-12-20,260.00,-13.21%,7.75,252.25,18.77%,113,1023,50.78%,0.206869,75.81%,3.1%,19.3%,"14:03 ET"
CRWD,299.59,2024-11-01,285.00,-4.87%,2.6,282.4,6.09%,155,547,42.29%,0.227279,77.39%,0.9%,37.3%,"13:53 ET"
CRWD,299.59,2024-11-15,250.00,-16.55%,1.27,248.73,20.45%,145,5438,51.42%,0.072048,91.95%,0.5%,8.1%,"14:13 ET"
CRWD,299.59,2024-12-20,250.00,-16.55%,5.6,244.4,22.58%,2197,1478,51.79%,0.159613,80.96%,2.3%,14.4%,"14:16 ET"
CSCO,56.05,2024-11-15,52.50,-6.33%,0.41,52.09,7.60%,210,5927,29.90%,0.178256,80.84%,0.8%,12.5%,"13:57 ET"
CSCO,56.05,2024-11-15,50.00,-10.79%,0.15,49.85,12.44%,214,13278,32.29%,0.071915,92.06%,0.3%,4.8%,"13:23 ET"
CSCO,56.05,2024-11-01,55.00,-1.87%,0.24,54.76,2.36%,420,1662,18.60%,0.251897,74.14%,0.4%,17.8%,"14:02 ET"
CSCO,56.05,2024-11-15,55.00,-1.87%,1.05,53.95,3.89%,228,3033,27.88%,0.375357,60.65%,1.9%,30.9%,"14:12 ET"
CSCO,56.05,2025-01-17,50.00,-10.79%,0.55,49.45,13.35%,230,26692,24.93%,0.148626,82.74%,1.1%,4.7%,"13:51 ET"
CSGP,72.05,2024-11-15,65.00,-9.78%,0.55,64.45,11.79%,111,503,37.16%,0.153084,86.52%,0.9%,13.5%,"14:15 ET"
CSGP,72.05,2025-01-17,70.00,-2.85%,3.2,66.8,7.86%,614,594,29.37%,0.40941,58.02%,4.8%,20.3%,"14:17 ET"
CSX,33.52,2025-01-17,32.50,-3.04%,1,31.5,6.41%,378,7211,24.06%,0.356374,60.43%,3.2%,13.5%,"12:14 ET"
CTAS,209.69,2024-11-15,200.00,-4.62%,1.55,198.45,5.66%,227,874,24.73%,0.213299,77.70%,0.8%,12.4%,"13:46 ET"
CTAS,209.69,2025-01-17,195.00,-7.01%,3.7,191.3,9.61%,766,1593,25.75%,0.244145,71.94%,1.9%,8.2%,"13:46 ET"
CVLT,132.09,2024-11-15,130.00,-1.58%,6.8,123.2,7.22%,377,1022,62.30%,0.427134,54.06%,5.5%,87.6%,"13:30 ET"
CVNA,194.91,2024-11-15,170.00,-12.78%,6.65,163.35,19.32%,203,727,89.66%,0.235615,72.83%,4.1%,64.6%,"14:02 ET"
CVNA,194.91,2024-11-01,170.00,-12.78%,4.3,165.7,17.63%,471,2672,116.73%,0.203423,77.22%,2.6%,105.2%,"14:18 ET"
CVNA,194.91,2025-01-17,55.00,-71.78%,0.13,54.87,255.22%,143,19626,109.82%,0.003963,99.12%,0.2%,1.0%,"12:02 ET"
CVS,56.92,2024-11-01,56.00,-1.62%,0.75,55.25,3.02%,183,2207,30.14%,0.39089,63.47%,1.4%,55.1%,"14:15 ET"
CVS,56.92,2024-11-15,55.00,-3.37%,1.46,53.54,6.31%,232,12804,40.14%,0.362872,63.33%,2.7%,43.3%,"14:13 ET"
CVS,56.92,2024-11-01,55.00,-3.37%,0.44,54.56,4.33%,141,773,31.13%,0.261624,75.87%,0.8%,32.7%,"14:13 ET"
CVX,149.79,2025-01-17,145.00,-3.20%,4.75,140.25,6.80%,368,7969,24.18%,0.370773,60.91%,3.4%,14.4%,"13:38 ET"
CVX,149.79,2024-11-01,140.00,-6.54%,0.34,139.66,7.25%,137,624,32.35%,0.096124,90.84%,0.2%,9.9%,"14:16 ET"
CVX,149.79,2024-12-20,145.00,-3.20%,3.95,141.05,6.20%,653,5612,25.47%,0.360614,62.56%,2.8%,17.6%,"14:08 ET"
DAL,54.5,2024-11-15,45.00,-17.43%,0.1,44.9,21.38%,708,3703,44.36%,0.039417,95.73%,0.2%,3.5%,"13:01 ET"
DAL,54.5,2025-01-17,45.00,-17.43%,0.76,44.24,23.19%,104,10805,39.80%,0.133714,83.93%,1.7%,7.3%,"13:31 ET"
DDOG,121.52,2024-11-15,110.00,-9.48%,2.67,107.33,13.22%,132,1242,60.59%,0.234131,74.37%,2.5%,39.5%,"14:15 ET"
DDOG,121.52,2024-12-20,100.00,-17.71%,1.74,98.26,23.67%,2017,1255,49.54%,0.134959,83.82%,1.8%,11.1%,"13:43 ET"
DECK,151.03,2024-11-01,140.00,-7.30%,2.7,137.3,10.00%,2769,2764,73.69%,0.246378,74.39%,2.0%,79.8%,"13:32 ET"
DELL,118.72,2024-11-15,110.00,-7.35%,2.05,107.95,9.98%,122,3736,46.62%,0.243976,74.28%,1.9%,30.1%,"14:17 ET"
DELL,118.72,2024-11-15,100.00,-15.77%,0.57,99.43,19.40%,209,2707,50.69%,0.081173,91.12%,0.6%,9.1%,"14:04 ET"
DELL,118.72,2024-11-22,95.00,-19.98%,0.44,94.56,25.55%,134,1110,51.35%,0.057128,93.50%,0.5%,5.7%,"14:06 ET"
DFS,143.53,2024-11-15,115.00,-19.88%,0.7,114.3,25.57%,483,1084,62.64%,0.07068,92.06%,0.6%,9.7%,"14:03 ET"
DFS,143.53,2024-11-15,140.00,-2.46%,6.4,133.6,7.43%,2299,2786,55.62%,0.409945,57.08%,4.8%,76.0%,"12:35 ET"
DFS,143.53,2024-11-15,130.00,-9.43%,2.95,127.05,12.97%,2305,2801,60.55%,0.239081,74.26%,2.3%,36.8%,"14:09 ET"
DG,81.34,2025-01-17,80.00,-1.65%,6.55,73.45,10.74%,123,1826,46.91%,0.426178,52.91%,8.9%,37.8%,"12:03 ET"
DGRO,62.9,2024-12-20,56.00,-10.97%,0.15,55.85,12.62%,107,1812,22.05%,0.077857,90.69%,0.3%,1.7%,"14:13 ET"
DGX,156.13,2024-11-15,145.00,-7.13%,0.65,144.35,8.16%,709,1832,25.98%,0.125338,87.16%,0.5%,7.1%,"13:29 ET"
DHR,255.49,2025-01-17,230.00,-9.98%,2.55,227.45,12.33%,159,1488,24.69%,0.16286,80.98%,1.1%,4.8%,"14:17 ET"
DHR,255.49,2024-11-15,250.00,-2.15%,3.6,246.4,3.69%,468,1034,23.25%,0.353692,64.51%,1.5%,23.2%,"13:06 ET"
DHR,255.49,2025-01-17,250.00,-2.15%,7.6,242.4,5.40%,281,1595,22.33%,0.385186,57.94%,3.1%,13.3%,"14:16 ET"
DIA,424.17,2024-11-01,410.00,-3.34%,0.79,409.21,3.66%,194,1051,18.55%,0.129802,87.83%,0.2%,7.8%,"14:16 ET"
DIA,424.17,2024-11-01,412.50,-2.75%,1.05,411.45,3.09%,220,2072,17.72%,0.168607,84.20%,0.3%,10.3%,"12:31 ET"
DIA,424.17,2024-12-20,370.00,-12.77%,1.4,368.6,15.08%,512,4411,25.08%,0.072169,91.41%,0.4%,2.4%,"14:16 ET"
DIA,424.17,2024-11-15,405.00,-4.52%,2.09,402.91,5.28%,602,2764,20.43%,0.176885,81.64%,0.5%,8.2%,"14:15 ET"
DIA,424.17,2024-12-20,390.00,-8.06%,2.52,387.48,9.47%,167,1139,20.98%,0.136671,84.24%,0.7%,4.1%,"14:17 ET"
DIA,424.17,2024-12-20,365.00,-13.95%,1.24,363.76,16.61%,501,3509,26.29%,0.063355,92.41%,0.3%,2.1%,"14:16 ET"
DIA,424.17,2025-01-17,390.00,-8.06%,3.35,386.65,9.70%,148,1011,19.69%,0.158316,81.03%,0.9%,3.7%,"14:17 ET"
DIA,424.17,2024-12-20,395.00,-6.88%,3,392,8.21%,285,2769,20.27%,0.165559,81.10%,0.8%,4.8%,"14:17 ET"
DIA,424.17,2024-11-15,400.00,-5.70%,1.55,398.45,6.46%,654,845,21.57%,0.133167,86.07%,0.4%,6.2%,"14:16 ET"
DIA,424.17,2024-12-20,375.00,-11.59%,1.59,373.41,13.59%,1501,5983,24.09%,0.08446,90.03%,0.4%,2.7%,"12:10 ET"
DIA,424.17,2024-12-20,380.00,-10.41%,1.84,378.16,12.17%,1503,5289,23.04%,0.098677,88.44%,0.5%,3.1%,"12:57 ET"
DIS,96.57,2024-11-15,85.00,-11.98%,0.65,84.35,14.49%,827,11097,44.25%,0.119782,87.47%,0.8%,12.2%,"14:12 ET"
DIS,96.57,2025-01-17,65.00,-32.69%,0.11,64.89,48.82%,104,12730,42.67%,0.021442,97.20%,0.2%,0.7%,"10:17 ET"
DIS,96.57,2024-12-20,95.00,-1.63%,4.1,90.9,6.24%,207,7063,32.14%,0.426735,55.09%,4.5%,28.4%,"14:04 ET"
DIS,96.57,2024-12-20,90.00,-6.80%,2.29,87.71,10.10%,185,8128,33.07%,0.275589,70.35%,2.6%,16.4%,"14:16 ET"
DIS,96.57,2024-11-01,94.00,-2.66%,0.65,93.35,3.45%,130,1353,24.98%,0.274835,75.42%,0.7%,28.2%,"14:16 ET"
DIS,96.57,2024-11-15,95.00,-1.63%,3.2,91.8,5.20%,130,8361,39.72%,0.428281,56.53%,3.5%,55.3%,"14:05 ET"
DIS,96.57,2025-01-17,90.00,-6.80%,2.76,87.24,10.69%,106,20480,30.65%,0.288534,68.21%,3.2%,13.4%,"13:43 ET"
DIS,96.57,2025-01-17,85.00,-11.98%,1.56,83.44,15.74%,117,18736,32.08%,0.181732,79.38%,1.9%,7.9%,"12:29 ET"
DJT,35.55,2024-11-15,30.00,-15.61%,6.5,23.5,51.28%,394,7231,284.02%,0.274656,59.41%,27.7%,438.9%,"14:14 ET"
DJT,35.55,2024-11-01,29.00,-18.42%,0.91,28.09,26.56%,402,594,161.66%,0.174735,78.88%,3.2%,131.4%,"13:54 ET"
DJT,35.55,2024-11-01,26.00,-26.86%,0.42,25.58,38.98%,409,738,165.33%,0.089913,88.59%,1.6%,66.6%,"13:54 ET"
DJT,35.55,2024-11-15,27.50,-22.64%,5.25,22.25,59.78%,413,1083,286.76%,0.235486,63.93%,23.6%,374.5%,"13:55 ET"
DJT,35.55,2024-11-08,30.00,-15.61%,5.8,24.2,46.90%,623,2630,309.90%,0.277737,60.32%,24.0%,546.7%,"14:06 ET"
DJT,35.55,2024-11-01,23.00,-35.30%,0.17,22.83,55.72%,178,794,177.85%,0.044114,94.05%,0.7%,30.2%,"14:07 ET"
DJT,35.55,2024-11-08,31.00,-12.80%,6.25,24.75,43.64%,225,1540,309.60%,0.294977,58.37%,25.3%,576.1%,"13:25 ET"
DJT,35.55,2024-11-15,25.00,-29.68%,4.2,20.8,70.91%,174,3909,293.05%,0.197472,68.39%,20.2%,320.4%,"14:18 ET"
DJT,35.55,2024-12-20,35.00,-1.55%,11.2,23.8,49.37%,131,639,219.93%,0.321739,50.71%,47.1%,296.1%,"13:42 ET"
DJT,35.55,2024-11-01,21.00,-40.93%,0.11,20.89,70.18%,106,758,191.55%,0.028321,96.00%,0.5%,21.4%,"13:04 ET"
DJT,35.55,2024-11-01,28.00,-21.24%,0.7,27.3,30.22%,247,825,161.38%,0.141107,82.69%,2.6%,104.0%,"14:05 ET"
DJT,35.55,2025-01-17,35.00,-1.55%,12.5,22.5,58.00%,162,754,200.12%,0.304951,50.64%,55.6%,235.8%,"13:33 ET"
DJT,35.55,2025-01-17,25.00,-29.68%,6.7,18.3,94.26%,137,1744,205.60%,0.194534,63.79%,36.6%,155.4%,"13:59 ET"
DJT,35.55,2024-11-01,32.00,-9.99%,1.87,30.13,17.99%,486,501,160.93%,0.291506,66.14%,6.2%,251.7%,"14:15 ET"
DJT,35.55,2024-11-08,25.00,-29.68%,3.55,21.45,65.73%,275,1195,316.89%,0.193243,70.22%,16.6%,377.6%,"13:55 ET"
DJT,35.55,2024-11-15,29.00,-18.42%,6,23,54.57%,149,568,286.95%,0.258786,61.13%,26.1%,414.0%,"13:58 ET"
DJT,35.55,2024-11-15,21.00,-40.93%,2.75,18.25,94.79%,115,734,297.72%,0.139534,75.94%,15.1%,239.1%,"14:18 ET"
DJT,35.55,2024-12-20,30.00,-15.61%,8.3,21.7,63.82%,299,3739,219.95%,0.261305,57.68%,38.2%,240.7%,"14:16 ET"
DJT,35.55,2024-11-01,27.00,-24.05%,0.53,26.47,34.30%,285,805,163.79%,0.114163,85.76%,2.0%,81.2%,"14:17 ET"
DJT,35.55,2024-12-20,25.00,-29.68%,5.8,19.2,85.16%,144,1018,225.56%,0.19802,65.23%,30.2%,190.1%,"13:43 ET"
DJT,35.55,2024-11-01,25.00,-29.68%,0.31,24.69,43.99%,900,2364,167.19%,0.069618,91.00%,1.3%,50.9%,"14:14 ET"
DJT,35.55,2024-11-01,30.00,-15.61%,1.15,28.85,23.22%,1367,1910,159.54%,0.209155,75.10%,4.0%,161.7%,"13:58 ET"
DKNG,36.74,2024-12-20,35.00,-4.74%,2.28,32.72,12.29%,687,691,54.84%,0.370558,58.78%,7.0%,43.9%,"12:53 ET"
DKNG,36.74,2024-11-01,35.00,-4.74%,0.47,34.53,6.40%,112,1947,48.89%,0.273557,73.63%,1.4%,55.2%,"14:06 ET"
DKNG,36.74,2024-11-15,32.00,-12.90%,0.76,31.24,17.61%,269,689,70.46%,0.197903,78.26%,2.4%,38.6%,"14:13 ET"
DKNG,36.74,2025-01-17,32.00,-12.90%,1.59,30.41,20.82%,310,11183,53.43%,0.249846,70.28%,5.2%,22.2%,"13:52 ET"
DKNG,36.74,2024-11-15,35.00,-4.74%,1.7,33.3,10.33%,454,5478,68.44%,0.364543,61.12%,5.1%,81.0%,"14:13 ET"
DKS,204.4,2024-11-15,190.00,-7.05%,2.55,187.45,9.04%,154,699,38.92%,0.214321,77.27%,1.4%,21.6%,"13:44 ET"
DLR,166.18,2024-11-15,145.00,-12.75%,0.35,144.65,14.88%,5639,5638,36.91%,0.067196,92.94%,0.2%,3.8%,"12:47 ET"
DLTR,66.14,2025-01-17,60.00,-9.28%,4.35,55.65,18.85%,119,3359,59.12%,0.310438,63.29%,7.8%,33.2%,"14:15 ET"
DOCS,41.4,2024-11-15,40.00,-3.38%,2.35,37.65,9.96%,100,1148,77.16%,0.392078,57.05%,6.2%,99.1%,"14:11 ET"
DOCS,41.4,2024-11-15,37.50,-9.42%,1.45,36.05,14.84%,261,5609,76.45%,0.27029,69.69%,4.0%,63.8%,"13:48 ET"
DOV,191.48,2024-11-15,185.00,-3.38%,3,182,5.21%,429,667,30.17%,0.322098,67.53%,1.6%,26.2%,"13:25 ET"
DOW,51.34,2025-01-17,40.00,-22.09%,0.21,39.79,29.03%,125,8222,33.86%,0.057298,93.56%,0.5%,2.2%,"14:05 ET"
DOW,51.34,2024-12-20,50.00,-2.61%,1.64,48.36,6.16%,147,2381,27.23%,0.395608,59.62%,3.4%,21.3%,"14:03 ET"
DOW,51.34,2025-01-17,50.00,-2.61%,1.9,48.1,6.74%,1653,7357,24.83%,0.400626,58.68%,4.0%,16.8%,"14:09 ET"
DXCM,72.95,2024-11-15,70.00,-4.04%,3.9,66.1,10.36%,217,1170,75.38%,0.375547,58.63%,5.9%,93.6%,"13:59 ET"
DXCM,72.95,2025-01-17,60.00,-17.75%,2.45,57.55,26.76%,263,1328,58.83%,0.195923,75.31%,4.3%,18.1%,"13:02 ET"
DXCM,72.95,2025-01-17,55.00,-24.61%,1.45,53.55,36.23%,325,1480,59.78%,0.125434,83.48%,2.7%,11.5%,"12:12 ET"
EAT,93.31,2024-11-15,87.50,-6.23%,2.95,84.55,10.36%,132,1541,59.17%,0.313701,66.74%,3.5%,55.4%,"13:39 ET"
EAT,93.31,2024-11-15,72.50,-22.30%,0.45,72.05,29.51%,554,979,68.08%,0.061312,93.01%,0.6%,9.9%,"14:17 ET"
EBAY,63.42,2025-01-17,62.50,-1.45%,2.85,59.65,6.32%,106,688,28.47%,0.419539,54.21%,4.8%,20.3%,"14:05 ET"
EDU,62.22,2024-11-15,60.00,-3.57%,2.35,57.65,7.93%,103,1640,50.37%,0.408439,61.31%,4.1%,64.7%,"14:14 ET"
EEM,45.13,2024-11-15,44.50,-1.40%,0.66,43.84,2.94%,133,165355,21.07%,0.386633,60.48%,1.5%,23.9%,"14:03 ET"
EEM,45.13,2024-11-15,43.50,-3.61%,0.37,43.13,4.64%,199,8169,22.13%,0.245816,74.61%,0.9%,13.6%,"14:10 ET"
EEM,45.13,2024-11-15,44.00,-2.50%,0.49,43.51,3.72%,229,58777,21.40%,0.309996,68.16%,1.1%,17.9%,"13:36 ET"
EEM,45.13,2024-11-15,43.00,-4.72%,0.28,42.72,5.64%,244,81541,22.96%,0.19327,79.92%,0.7%,10.4%,"12:03 ET"
EEM,45.13,2024-11-08,42.00,-6.94%,0.1,41.9,7.71%,500,28885,26.30%,0.092886,90.41%,0.2%,5.4%,"10:49 ET"
EEM,45.13,2024-11-08,44.00,-2.50%,0.37,43.63,3.44%,1000,2363,21.80%,0.285778,71.07%,0.8%,19.3%,"14:04 ET"
EEM,45.13,2025-01-17,43.00,-4.72%,0.83,42.17,7.02%,2101,219960,20.88%,0.285752,68.34%,2.0%,8.4%,"12:59 ET"
EEM,45.13,2024-11-01,44.00,-2.50%,0.16,43.84,2.94%,2513,521,19.50%,0.208696,79.62%,0.4%,14.8%,"13:26 ET"
EEM,45.13,2024-11-15,42.00,-6.94%,0.16,41.84,7.86%,5231,58114,24.72%,0.11738,87.66%,0.4%,6.1%,"10:07 ET"
EEM,45.13,2024-12-20,43.00,-4.72%,0.68,42.32,6.64%,6150,71141,22.44%,0.271385,70.55%,1.6%,10.1%,"14:17 ET"
EEM,45.13,2024-12-20,43.50,-3.61%,0.81,42.69,5.72%,14005,6017,22.10%,0.313876,66.19%,1.9%,11.9%,"13:12 ET"
EEM,45.13,2024-12-20,40.00,-11.37%,0.24,39.76,13.51%,60026,128014,25.62%,0.10458,88.13%,0.6%,3.8%,"13:05 ET"
EFA,79.5,2024-11-15,75.00,-5.66%,0.34,74.66,6.48%,701,16594,22.71%,0.156284,84.67%,0.5%,7.2%,"13:36 ET"
EFA,79.5,2025-01-17,75.00,-5.66%,0.95,74.05,7.36%,1002,34074,17.49%,0.243874,75.37%,1.3%,5.4%,"13:09 ET"
EFA,79.5,2024-11-15,76.00,-4.40%,0.47,75.53,5.26%,4014,20083,21.02%,0.201659,80.33%,0.6%,9.9%,"13:46 ET"
EFA,79.5,2025-01-17,77.00,-3.14%,1.42,75.58,5.19%,5000,23286,15.99%,0.339633,65.97%,1.9%,8.0%,"13:41 ET"
EFA,79.5,2024-11-15,78.00,-1.89%,0.84,77.16,3.03%,12527,40874,18.24%,0.348846,66.13%,1.1%,17.3%,"13:24 ET"
EL,87.59,2024-12-20,85.00,-2.96%,5.3,79.7,9.90%,133,672,49.02%,0.396215,56.10%,6.6%,41.8%,"12:59 ET"
EL,87.59,2025-01-17,70.00,-20.08%,1.55,68.45,27.96%,178,2001,47.79%,0.135668,83.30%,2.3%,9.6%,"10:32 ET"
ELV,414.27,2025-01-17,400.00,-3.44%,13.8,386.2,7.27%,143,792,26.98%,0.361681,60.55%,3.6%,15.2%,"14:13 ET"
ENB,41.17,2024-11-15,40.00,-2.84%,0.4,39.6,3.96%,225,1595,21.51%,0.307474,70.33%,1.0%,16.0%,"14:09 ET"
ENPH,78.26,2025-01-17,75.00,-4.17%,7.3,67.7,15.60%,125,1985,61.00%,0.382282,55.71%,10.8%,45.8%,"14:11 ET"
ENPH,78.26,2025-01-17,65.00,-16.94%,3.35,61.65,26.94%,145,2529,62.93%,0.220122,72.83%,5.4%,23.1%,"14:08 ET"
ENPH,78.26,2025-01-17,60.00,-23.33%,2.08,57.92,35.12%,150,5642,63.68%,0.152363,80.50%,3.6%,15.2%,"14:14 ET"
ENPH,78.26,2025-01-17,70.00,-10.55%,5.1,64.9,20.59%,222,2792,61.68%,0.297416,64.53%,7.9%,33.4%,"14:15 ET"
ENPH,78.26,2024-12-20,60.00,-23.33%,1.46,58.54,33.69%,274,697,66.57%,0.127959,84.16%,2.5%,15.7%,"14:08 ET"
ENPH,78.26,2024-11-15,50.00,-36.11%,0.11,49.89,56.87%,279,528,88.88%,0.01771,97.77%,0.2%,3.5%,"13:26 ET"
ENPH,78.26,2024-12-20,65.00,-16.94%,2.54,62.46,25.30%,363,1154,65.84%,0.200454,76.03%,4.1%,25.6%,"14:14 ET"
ENPH,78.26,2024-11-08,75.00,-4.17%,4,71,10.23%,379,875,85.28%,0.381533,59.42%,5.6%,128.5%,"14:06 ET"
ENPH,78.26,2024-12-20,70.00,-10.55%,4.1,65.9,18.76%,429,1373,64.88%,0.287415,66.69%,6.2%,39.2%,"14:16 ET"
ENPH,78.26,2024-11-01,70.00,-10.55%,0.45,69.55,12.52%,444,698,60.36%,0.121401,88.04%,0.6%,26.2%,"14:08 ET"
ENPH,78.26,2024-12-20,75.00,-4.17%,6.2,68.8,13.75%,462,1872,64.83%,0.385088,56.54%,9.0%,56.7%,"14:15 ET"
ENPH,78.26,2024-11-15,60.00,-23.33%,0.65,59.35,31.86%,511,623,81.53%,0.08336,90.29%,1.1%,17.4%,"14:11 ET"
ENPH,78.26,2024-11-15,65.00,-16.94%,1.4,63.6,23.05%,681,1921,80.20%,0.157544,82.18%,2.2%,34.9%,"14:18 ET"
ENPH,78.26,2024-11-15,70.00,-10.55%,2.67,67.33,16.23%,1439,1300,78.85%,0.259963,71.35%,4.0%,62.9%,"14:16 ET"
ENPH,78.26,2024-11-15,75.00,-4.17%,4.55,70.45,11.09%,2273,1825,78.21%,0.384063,58.58%,6.5%,102.5%,"14:16 ET"
EQT,35.94,2024-11-01,34.50,-4.01%,0.41,34.09,5.43%,350,3509,43.34%,0.276304,72.60%,1.2%,48.8%,"12:54 ET"
ETN,342.24,2024-11-15,310.00,-9.42%,2.5,307.5,11.30%,117,2059,38.66%,0.147339,84.60%,0.8%,12.9%,"13:35 ET"
ETN,342.24,2024-11-15,300.00,-12.34%,1.35,298.65,14.60%,413,903,39.26%,0.085887,90.93%,0.5%,7.2%,"14:13 ET"
EW,70.56,2025-01-17,65.00,-7.88%,2.25,62.75,12.45%,104,519,36.80%,0.281896,67.71%,3.6%,15.2%,"12:43 ET"
EWJ,66.51,2024-11-15,65.00,-2.27%,1.05,63.95,4.00%,116,13520,26.91%,0.351693,63.30%,1.6%,26.1%,"14:05 ET"
EWJ,66.51,2024-11-15,64.00,-3.77%,0.75,63.25,5.15%,223,510,27.52%,0.274276,71.12%,1.2%,18.8%,"10:42 ET"
EWJ,66.51,2024-12-20,65.00,-2.27%,1.65,63.35,4.99%,318,504,24.43%,0.373721,59.32%,2.6%,16.4%,"13:13 ET"
EWJ,66.51,2024-11-15,60.00,-9.79%,0.2,59.8,11.22%,347,2951,32.56%,0.095068,89.62%,0.3%,5.3%,"11:26 ET"
EWT,55.38,2024-11-15,54.00,-2.49%,1,53,4.49%,238,1343,30.54%,0.358443,62.90%,1.9%,29.9%,"10:45 ET"
EWW,53.06,2024-11-15,51.00,-3.88%,0.9,50.1,5.91%,160,12449,33.83%,0.313697,67.95%,1.8%,28.5%,"14:12 ET"
EWZ,27.94,2024-11-08,25.50,-8.73%,0.06,25.44,9.83%,219,696,30.33%,0.07396,92.50%,0.2%,5.4%,"14:14 ET"
EWZ,27.94,2024-12-20,27.00,-3.36%,0.96,26.04,7.30%,227,48035,32.34%,0.368817,60.47%,3.7%,23.2%,"13:32 ET"
EWZ,27.94,2025-01-17,27.00,-3.36%,1.12,25.88,7.96%,297,25457,29.63%,0.372887,59.40%,4.3%,18.4%,"14:13 ET"
EWZ,27.94,2024-11-01,27.00,-3.36%,0.09,26.91,3.83%,330,7045,22.97%,0.180262,82.86%,0.3%,13.6%,"13:35 ET"
EWZ,27.94,2024-11-15,27.00,-3.36%,0.35,26.65,4.84%,524,15639,25.98%,0.295044,70.01%,1.3%,20.8%,"13:43 ET"
EWZ,27.94,2024-11-15,25.00,-10.52%,0.06,24.94,12.03%,543,35945,30.69%,0.071226,92.55%,0.2%,3.8%,"14:14 ET"
EWZ,27.94,2024-12-20,25.00,-10.52%,0.38,24.62,13.49%,638,56350,33.01%,0.179567,80.10%,1.5%,9.7%,"13:56 ET"
EWZ,27.94,2024-11-01,27.50,-1.57%,0.23,27.27,2.46%,25387,2256,22.70%,0.341062,67.20%,0.8%,34.2%,"14:14 ET"
EXPE,157.52,2025-01-17,100.00,-36.52%,0.44,99.56,58.22%,169,1594,52.34%,0.026463,96.31%,0.4%,1.9%,"11:15 ET"
FCX,47.69,2025-01-17,47.00,-1.45%,2.73,44.27,7.73%,172,4314,35.53%,0.420194,53.37%,6.2%,26.2%,"14:10 ET"
FCX,47.69,2024-11-15,43.00,-9.83%,0.34,42.66,11.79%,208,3884,39.58%,0.135916,85.13%,0.8%,12.6%,"13:56 ET"
FCX,47.69,2024-12-20,41.00,-14.03%,0.5,40.5,17.75%,213,2366,37.90%,0.135101,84.15%,1.2%,7.8%,"12:17 ET"
FCX,47.69,2024-11-15,46.00,-3.54%,1.05,44.95,6.10%,700,1414,38.70%,0.33509,64.48%,2.3%,37.1%,"14:09 ET"
FCX,47.69,2024-12-20,47.00,-1.45%,2.26,44.74,6.59%,754,2612,35.90%,0.422161,54.06%,5.1%,31.8%,"14:03 ET"
FCX,47.69,2025-01-17,40.00,-16.12%,0.66,39.34,21.23%,10703,16958,37.92%,0.139375,83.03%,1.7%,7.1%,"13:43 ET"
FIVE,88.04,2024-11-15,80.00,-9.13%,1.85,78.15,12.66%,111,1020,58.50%,0.236815,74.29%,2.4%,37.6%,"13:46 ET"
FLUT,227.93,2024-11-15,220.00,-3.48%,6.1,213.9,6.56%,102,512,44.23%,0.349127,62.51%,2.9%,45.3%,"13:33 ET"
FND,104.01,2024-11-15,95.00,-8.66%,2.35,92.65,12.26%,117,4416,59.16%,0.248006,72.91%,2.5%,40.3%,"13:52 ET"
FSLR,191.67,2024-11-15,180.00,-6.09%,11.2,168.8,13.55%,131,1939,89.42%,0.348196,61.02%,6.6%,105.3%,"13:52 ET"
FTAI,139.74,2024-11-15,120.00,-14.13%,1.65,118.35,18.07%,115,572,60.87%,0.147053,84.05%,1.4%,22.1%,"10:15 ET"
FTNT,81.39,2025-01-17,70.00,-13.99%,1.64,68.36,19.06%,144,2045,39.73%,0.183268,78.28%,2.4%,10.2%,"13:01 ET"
FUTU,88.93,2024-11-15,85.00,-4.42%,3.45,81.55,9.05%,137,573,61.95%,0.349876,61.43%,4.2%,67.1%,"14:09 ET"
FUTU,88.93,2025-01-17,80.00,-10.04%,5.2,74.8,18.89%,152,2113,57.55%,0.290279,64.76%,7.0%,29.5%,"13:19 ET"
FXI,31.89,2024-11-15,28.00,-12.20%,0.12,27.88,14.38%,151,108370,38.66%,0.081884,90.99%,0.4%,6.8%,"14:16 ET"
FXI,31.89,2024-11-01,30.00,-5.93%,0.11,29.89,6.69%,323,27222,34.97%,0.128441,86.71%,0.4%,14.9%,"11:59 ET"
FXI,31.89,2024-12-20,30.00,-5.93%,0.9,29.1,9.59%,424,72995,34.92%,0.300025,66.96%,3.1%,19.5%,"14:01 ET"
FXI,31.89,2024-12-20,31.00,-2.79%,1.32,29.68,7.45%,607,19120,35.67%,0.387665,57.89%,4.4%,28.0%,"13:13 ET"
FXI,31.89,2024-12-20,29.00,-9.06%,0.57,28.43,12.17%,1017,60281,34.01%,0.216199,75.83%,2.0%,12.6%,"13:29 ET"
FXI,31.89,2024-11-15,31.00,-2.79%,0.72,30.28,5.32%,1039,56967,36.04%,0.358864,62.28%,2.4%,37.7%,"14:11 ET"
FXI,31.89,2024-11-15,30.00,-5.93%,0.41,29.59,7.77%,1143,122631,36.30%,0.235869,74.87%,1.4%,22.0%,"14:04 ET"
FYBR,35.76,2024-11-15,35.00,-2.13%,0.5,34.5,3.65%,1377,3793,25.55%,0.335226,63.12%,1.4%,23.0%,"14:04 ET"
FYBR,35.76,2024-12-20,30.00,-16.11%,0.2,29.8,20.00%,141,8216,36.40%,0.090036,88.70%,0.7%,4.2%,"14:11 ET"
FYBR,35.76,2024-12-20,32.50,-9.12%,0.45,32.05,11.58%,191,4556,31.29%,0.185823,77.83%,1.4%,8.8%,"14:11 ET"
GCT,24.4,2024-11-15,22.50,-7.79%,0.9,21.6,12.96%,107,583,75.20%,0.29021,66.62%,4.2%,66.1%,"13:22 ET"
GDX,43.04,2025-01-17,36.00,-16.36%,0.41,35.59,20.93%,108,11180,33.89%,0.111888,86.12%,1.2%,4.9%,"12:14 ET"
GDX,43.04,2024-11-15,41.50,-3.58%,0.93,40.57,6.09%,115,1223,37.73%,0.332008,64.98%,2.3%,36.4%,"14:12 ET"
GDX,43.04,2024-11-01,41.50,-3.58%,0.36,41.14,4.62%,195,2122,35.18%,0.25337,74.52%,0.9%,35.5%,"14:02 ET"
GDX,43.04,2025-01-17,39.00,-9.39%,1.08,37.92,13.50%,223,3157,34.63%,0.237492,72.12%,2.8%,12.1%,"13:39 ET"
GDX,43.04,2024-11-15,39.00,-9.39%,0.3,38.7,11.21%,231,10770,38.35%,0.140888,84.71%,0.8%,12.3%,"14:02 ET"
GDX,43.04,2024-12-20,40.00,-7.06%,0.97,39.03,10.27%,282,8226,34.05%,0.261538,70.53%,2.5%,15.6%,"14:06 ET"
GDX,43.04,2024-11-01,42.00,-2.42%,0.51,41.49,3.74%,299,1728,34.80%,0.326028,67.28%,1.2%,49.9%,"14:05 ET"
GDX,43.04,2024-11-15,40.00,-7.06%,0.49,39.51,8.93%,300,52194,38.08%,0.206732,77.83%,1.2%,19.7%,"14:16 ET"
GDX,43.04,2024-12-20,36.00,-16.36%,0.22,35.78,20.29%,328,7987,34.98%,0.083052,89.99%,0.6%,3.9%,"13:32 ET"
GDX,43.04,2024-11-15,42.00,-2.42%,1.1,40.9,5.23%,333,3007,37.48%,0.378916,60.26%,2.7%,42.7%,"14:18 ET"
GDX,43.04,2024-11-15,38.00,-11.71%,0.19,37.81,13.83%,353,24664,40.17%,0.09854,89.16%,0.5%,8.0%,"14:05 ET"
GDX,43.04,2024-11-01,41.00,-4.74%,0.25,40.75,5.62%,532,740,35.09%,0.18781,81.09%,0.6%,24.9%,"14:03 ET"
GDX,43.04,2024-11-01,42.50,-1.25%,0.7,41.8,2.97%,717,1940,34.48%,0.407017,59.22%,1.7%,67.9%,"14:12 ET"
GDX,43.04,2024-12-20,42.00,-2.42%,1.71,40.29,6.83%,727,986,33.73%,0.391468,57.22%,4.2%,26.7%,"14:16 ET"
GDX,43.04,2025-01-17,40.00,-7.06%,1.4,38.6,11.50%,1090,8754,34.83%,0.288022,66.76%,3.6%,15.4%,"14:00 ET"
GDX,43.04,2024-11-15,41.00,-4.74%,0.76,40.24,6.96%,1734,3569,37.62%,0.286323,69.64%,1.9%,30.0%,"14:16 ET"
GDX,43.04,2024-12-20,38.00,-11.71%,0.49,37.51,14.74%,4056,22394,34.37%,0.156096,81.83%,1.3%,8.2%,"14:16 ET"
GDXJ,53.69,2024-11-15,52.00,-3.15%,1.49,50.51,6.30%,221,997,42.21%,0.363046,61.86%,2.9%,46.8%,"14:03 ET"
GE,181.04,2024-11-08,170.00,-6.10%,1.23,168.77,7.27%,102,670,33.78%,0.176764,81.32%,0.7%,16.6%,"13:44 ET"
GE,181.04,2024-12-20,165.00,-8.86%,2.66,162.34,11.52%,105,719,31.33%,0.200036,77.12%,1.6%,10.3%,"14:04 ET"
GE,181.04,2024-12-20,150.00,-17.15%,0.86,149.14,21.39%,118,890,35.00%,0.073187,91.12%,0.6%,3.6%,"13:12 ET"
GE,181.04,2024-12-20,175.00,-3.34%,5.3,169.7,6.68%,134,1058,29.53%,0.351624,61.34%,3.1%,19.7%,"13:57 ET"
GE,181.04,2024-12-20,170.00,-6.10%,3.8,166.2,8.93%,164,1965,30.53%,0.269814,69.74%,2.3%,14.4%,"14:04 ET"
GE,181.04,2024-11-15,165.00,-8.86%,0.97,164.03,10.37%,204,2905,33.87%,0.126112,86.24%,0.6%,9.4%,"14:14 ET"
GE,181.04,2025-01-17,170.00,-6.10%,5,165,9.72%,217,1183,29.68%,0.289009,66.89%,3.0%,12.9%,"13:58 ET"
GE,181.04,2024-12-20,160.00,-11.62%,1.84,158.16,14.47%,242,1615,32.75%,0.147427,82.80%,1.2%,7.3%,"14:16 ET"
GE,181.04,2024-11-15,175.00,-3.34%,2.93,172.07,5.21%,269,1517,30.99%,0.313713,66.87%,1.7%,27.0%,"14:12 ET"
GE,181.04,2024-11-15,170.00,-6.10%,1.71,168.29,7.58%,274,3114,32.28%,0.203842,78.13%,1.0%,16.1%,"14:15 ET"
GE,181.04,2025-01-17,175.00,-3.34%,6.6,168.4,7.51%,933,1699,28.84%,0.360004,59.58%,3.9%,16.6%,"14:13 ET"
GEV,270.89,2024-11-15,210.00,-22.48%,0.45,209.55,29.27%,787,1651,55.44%,0.029512,96.63%,0.2%,3.4%,"14:18 ET"
GEV,270.89,2024-11-15,220.00,-18.79%,0.6,219.4,23.47%,172,823,52.45%,0.05108,94.30%,0.3%,4.3%,"12:34 ET"
GLD,250.94,2024-11-15,243.00,-3.16%,1.59,241.41,3.95%,104,1228,18.59%,0.229709,75.45%,0.7%,10.5%,"14:10 ET"
GLD,250.94,2024-11-22,242.50,-3.36%,1.73,240.77,4.22%,107,2275,17.81%,0.230485,74.85%,0.7%,8.7%,"13:22 ET"
GLD,250.94,2024-11-15,235.00,-6.35%,0.53,234.47,7.02%,110,7538,20.28%,0.089634,90.13%,0.2%,3.6%,"14:12 ET"
GLD,250.94,2024-11-22,242.00,-3.56%,1.62,240.38,4.39%,137,1115,17.86%,0.218842,76.07%,0.7%,8.2%,"14:02 ET"
GLD,250.94,2024-12-20,241.00,-3.96%,2.31,238.69,5.13%,139,2422,16.59%,0.235106,72.94%,1.0%,6.1%,"13:12 ET"
GLD,250.94,2024-11-15,237.00,-5.56%,0.7,236.3,6.20%,141,1337,19.82%,0.114644,87.46%,0.3%,4.7%,"12:48 ET"
GLD,250.94,2024-11-22,235.00,-6.35%,0.66,234.34,7.08%,145,572,18.93%,0.100377,88.67%,0.3%,3.4%,"14:09 ET"
GLD,250.94,2024-12-20,231.00,-7.95%,0.82,230.18,9.02%,149,549,17.62%,0.097682,88.08%,0.4%,2.2%,"11:18 ET"
GLD,250.94,2024-12-20,243.00,-3.16%,2.83,240.17,4.48%,156,689,16.50%,0.275124,68.75%,1.2%,7.4%,"14:12 ET"
GLD,250.94,2024-12-31,225.00,-10.34%,0.53,224.47,11.79%,171,878,17.83%,0.061974,92.04%,0.2%,1.2%,"13:02 ET"
GLD,250.94,2024-11-01,231.00,-7.95%,0.06,230.94,8.66%,180,4685,25.55%,0.018839,98.05%,0.0%,1.1%,"13:05 ET"
GLD,250.94,2024-12-20,235.00,-6.35%,1.24,233.76,7.35%,189,20618,17.09%,0.14036,83.24%,0.5%,3.3%,"14:04 ET"
GLD,250.94,2024-12-20,244.00,-2.77%,3.1,240.9,4.17%,194,785,16.48%,0.296767,66.53%,1.3%,8.1%,"13:26 ET"
GLD,250.94,2025-01-17,220.00,-12.33%,0.45,219.55,14.30%,205,8765,18.01%,0.048983,93.39%,0.2%,0.9%,"12:54 ET"
GLD,250.94,2024-11-01,235.00,-6.35%,0.11,234.89,6.83%,205,2246,22.95%,0.033369,96.57%,0.0%,1.9%,"12:48 ET"
GLD,250.94,2024-12-20,225.00,-10.34%,0.46,224.54,11.76%,267,26487,18.67%,0.05694,92.86%,0.2%,1.3%,"12:46 ET"
GLD,250.94,2024-12-20,245.00,-2.37%,3.4,241.6,3.87%,300,3123,16.40%,0.318659,64.30%,1.4%,8.9%,"14:14 ET"
GLD,250.94,2024-11-15,230.00,-8.34%,0.28,229.72,9.24%,302,21116,21.63%,0.048522,94.57%,0.1%,1.9%,"14:03 ET"
GLD,250.94,2024-12-31,240.00,-4.36%,2.27,237.73,5.56%,334,1767,16.07%,0.222454,73.82%,1.0%,5.1%,"13:38 ET"
GLD,250.94,2024-11-15,248.00,-1.17%,3.05,244.95,2.45%,351,1512,18.03%,0.379822,60.27%,1.2%,19.8%,"13:38 ET"
GLD,250.94,2025-01-17,240.00,-4.36%,2.69,237.31,5.74%,387,2802,15.85%,0.234724,71.89%,1.1%,4.8%,"14:06 ET"
GLD,250.94,2024-11-08,245.00,-2.37%,1.63,243.37,3.11%,432,563,19.26%,0.265587,72.38%,0.7%,15.3%,"14:09 ET"
GLD,250.94,2024-11-15,227.00,-9.54%,0.2,226.8,10.64%,501,1807,22.69%,0.034739,96.08%,0.1%,1.4%,"13:16 ET"
GLD,250.94,2024-11-15,236.00,-5.95%,0.61,235.39,6.61%,526,6455,19.97%,0.100535,88.97%,0.3%,4.1%,"14:12 ET"
GLD,250.94,2024-10-30,239.00,-4.76%,0.11,238.89,5.04%,600,6339,20.29%,0.041553,95.86%,0.0%,2.4%,"10:09 ET"
GLD,250.94,2024-11-29,244.00,-2.77%,2.28,241.72,3.81%,631,984,16.83%,0.273674,69.96%,0.9%,9.3%,"14:08 ET"
GLD,250.94,2024-12-20,240.00,-4.36%,2.08,237.92,5.47%,879,2307,16.64%,0.216513,74.92%,0.9%,5.5%,"14:07 ET"
GLD,250.94,2024-12-20,230.00,-8.34%,0.74,229.26,9.46%,1079,6750,17.71%,0.088364,89.15%,0.3%,2.0%,"14:12 ET"
GLD,250.94,2024-11-15,245.00,-2.37%,2.07,242.93,3.30%,1289,4665,18.39%,0.284747,69.81%,0.9%,13.5%,"14:08 ET"
GLD,250.94,2024-11-15,240.00,-4.36%,1.05,238.95,5.02%,3085,14976,19.26%,0.164941,82.17%,0.4%,7.0%,"14:17 ET"
GLD,250.94,2024-11-01,240.00,-4.36%,0.25,239.75,4.67%,5572,1437,19.74%,0.074039,92.48%,0.1%,4.2%,"14:04 ET"
GLD,250.94,2024-11-01,245.00,-2.37%,0.71,244.29,2.72%,5626,1101,17.45%,0.189819,80.90%,0.3%,11.8%,"12:06 ET"
GLW,46.74,2024-11-15,43.00,-8.00%,0.45,42.55,9.85%,127,4344,39.12%,0.189647,80.21%,1.1%,16.8%,"11:32 ET"
GLW,46.74,2024-11-15,46.00,-1.58%,1.45,44.55,4.92%,170,1100,39.89%,0.424831,56.33%,3.3%,51.7%,"14:18 ET"
GLW,46.74,2024-12-20,42.00,-10.14%,0.65,41.35,13.04%,304,529,33.47%,0.191623,78.86%,1.6%,9.9%,"10:09 ET"
GM,52.7,2025-01-17,48.00,-8.92%,1.16,46.84,12.51%,103,2543,31.41%,0.23266,73.00%,2.5%,10.5%,"14:16 ET"
GM,52.7,2024-11-15,48.00,-8.92%,0.33,47.67,10.55%,174,1799,35.79%,0.138163,85.08%,0.7%,11.0%,"13:01 ET"
GM,52.7,2024-12-20,49.00,-7.02%,1.05,47.95,9.91%,183,2931,31.69%,0.252159,71.78%,2.2%,13.8%,"14:07 ET"
GM,52.7,2024-11-15,45.00,-14.61%,0.12,44.88,17.42%,193,9487,40.73%,0.054796,93.88%,0.3%,4.2%,"13:00 ET"
GM,52.7,2024-11-01,50.00,-5.12%,0.25,49.75,5.93%,217,2866,34.59%,0.16437,83.35%,0.5%,20.4%,"14:13 ET"
GM,52.7,2024-12-20,40.00,-24.10%,0.13,39.87,32.18%,222,2024,41.45%,0.037853,95.24%,0.3%,2.1%,"14:04 ET"
GM,52.7,2024-11-15,46.00,-12.71%,0.16,45.84,14.97%,227,1570,37.96%,0.069577,92.32%,0.3%,5.5%,"11:29 ET"
GM,52.7,2024-11-15,49.00,-7.02%,0.47,48.53,8.59%,296,3561,34.30%,0.186109,80.11%,1.0%,15.4%,"14:17 ET"
GM,52.7,2024-12-20,48.00,-8.92%,0.83,47.17,11.72%,297,1492,32.45%,0.207348,76.49%,1.8%,11.1%,"14:08 ET"
GM,52.7,2024-11-15,52.00,-1.33%,1.3,50.7,3.94%,322,560,31.59%,0.417154,56.69%,2.6%,40.7%,"14:16 ET"
GM,52.7,2025-01-17,50.00,-5.12%,1.72,48.28,9.15%,478,2554,30.43%,0.319449,63.91%,3.6%,15.1%,"14:04 ET"
GM,52.7,2024-11-15,50.00,-5.12%,0.68,49.32,6.85%,486,7873,33.46%,0.250945,73.44%,1.4%,21.9%,"14:13 ET"
GM,52.7,2024-11-01,51.00,-3.23%,0.42,50.58,4.19%,493,2815,32.90%,0.26096,73.72%,0.8%,33.7%,"14:18 ET"
GM,52.7,2025-01-17,45.00,-14.61%,0.61,44.39,18.72%,548,3039,32.99%,0.133946,83.80%,1.4%,5.8%,"13:49 ET"
GM,52.7,2024-11-01,52.00,-1.33%,0.73,51.27,2.79%,736,3270,31.16%,0.391517,60.77%,1.4%,57.7%,"14:16 ET"
GM,52.7,2024-12-20,50.00,-5.12%,1.34,48.66,8.30%,2212,2851,31.20%,0.304052,66.38%,2.8%,17.3%,"14:11 ET"
GOOG,163.96,2024-12-20,135.00,-17.66%,0.76,134.24,22.14%,1381,3340,35.56%,0.070031,91.48%,0.6%,3.6%,"14:05 ET"
GOOG,163.96,2025-01-17,100.00,-39.01%,0.15,99.85,64.21%,100,4274,47.88%,0.011346,98.33%,0.2%,0.6%,"13:20 ET"
GOOG,163.96,2025-01-17,145.00,-11.56%,2.47,142.53,15.04%,103,14908,31.22%,0.174758,79.13%,1.7%,7.4%,"14:06 ET"
GOOG,163.96,2025-01-17,160.00,-2.42%,6.8,153.2,7.02%,111,6046,29.29%,0.3874,56.83%,4.4%,18.8%,"14:14 ET"
GOOG,163.96,2024-11-15,160.00,-2.42%,4.45,155.55,5.41%,158,5160,39.09%,0.380843,59.84%,2.9%,45.4%,"14:18 ET"
GOOG,163.96,2024-12-20,150.00,-8.51%,2.8,147.2,11.39%,163,6225,32.75%,0.21753,75.23%,1.9%,12.0%,"14:10 ET"
GOOG,163.96,2024-11-01,135.00,-17.66%,0.11,134.89,21.55%,173,555,60.65%,0.018748,97.94%,0.1%,3.3%,"14:03 ET"
GOOG,163.96,2024-11-01,155.00,-5.46%,1.82,153.18,7.04%,219,1453,50.94%,0.231843,75.88%,1.2%,48.2%,"14:13 ET"
GOOG,163.96,2024-11-15,150.00,-8.51%,1.64,148.36,10.52%,230,7558,40.53%,0.175502,80.91%,1.1%,17.5%,"14:18 ET"
GOOG,163.96,2024-11-01,150.00,-8.51%,0.85,149.15,9.93%,238,3255,51.24%,0.127811,86.56%,0.6%,23.1%,"14:18 ET"
GOOG,163.96,2024-12-20,155.00,-5.46%,4.15,150.85,8.69%,503,3873,32.10%,0.296191,66.97%,2.8%,17.3%,"13:56 ET"
GOOG,163.96,2024-11-01,160.00,-2.42%,3.45,156.55,4.73%,585,1579,51.25%,0.369295,61.94%,2.2%,89.4%,"14:15 ET"
GOOGL,162.28,2025-01-17,160.00,-1.40%,7.45,152.55,6.38%,147,16166,29.17%,0.416293,53.98%,4.9%,20.7%,"14:17 ET"
GOOGL,162.28,2024-11-01,157.50,-2.95%,3.1,154.4,5.10%,208,634,51.34%,0.345016,64.46%,2.0%,81.4%,"14:18 ET"
GOOGL,162.28,2025-01-17,145.00,-10.65%,2.73,142.27,14.06%,215,12054,30.94%,0.191561,77.32%,1.9%,8.1%,"14:01 ET"
GOOGL,162.28,2024-11-01,152.50,-6.03%,1.59,150.91,7.53%,226,1259,50.89%,0.210133,78.17%,1.1%,42.7%,"14:18 ET"
GOOGL,162.28,2024-11-15,145.00,-10.65%,1.1,143.9,12.77%,240,10150,41.41%,0.127028,86.06%,0.8%,12.1%,"14:13 ET"
GOOGL,162.28,2024-11-15,160.00,-1.40%,5.15,154.85,4.80%,246,12836,38.88%,0.422142,55.76%,3.3%,52.8%,"14:18 ET"
GOOGL,162.28,2024-12-20,150.00,-7.57%,3.1,146.9,10.47%,260,13359,32.31%,0.239767,72.94%,2.1%,13.3%,"14:10 ET"
GOOGL,162.28,2024-12-20,160.00,-1.40%,6.6,153.4,5.79%,266,7213,31.50%,0.41989,54.49%,4.3%,27.1%,"14:09 ET"
GOOGL,162.28,2024-11-22,150.00,-7.57%,2.2,147.8,9.80%,270,1607,37.64%,0.21323,76.71%,1.5%,18.1%,"14:14 ET"
GOOGL,162.28,2025-01-17,150.00,-7.57%,3.85,146.15,11.04%,286,11770,30.16%,0.255426,70.45%,2.6%,11.2%,"14:16 ET"
GOOGL,162.28,2025-01-17,155.00,-4.49%,5.45,149.55,8.51%,361,9763,29.76%,0.332264,62.47%,3.6%,15.5%,"14:02 ET"
GOOGL,162.28,2024-11-15,150.00,-7.57%,1.93,148.07,9.60%,368,27919,40.28%,0.20218,78.18%,1.3%,20.7%,"14:15 ET"
GOOGL,162.28,2024-12-20,140.00,-13.73%,1.32,138.68,17.02%,388,11491,34.00%,0.116946,86.21%,1.0%,6.0%,"14:07 ET"
GOOGL,162.28,2024-11-01,150.00,-7.57%,1.09,148.91,8.98%,423,1757,51.04%,0.1562,83.69%,0.7%,29.7%,"14:18 ET"
GOOGL,162.28,2025-01-17,140.00,-13.73%,1.88,138.12,17.49%,587,14639,31.80%,0.139668,83.07%,1.4%,5.8%,"14:08 ET"
GOOGL,162.28,2024-11-08,160.00,-1.40%,4.75,155.25,4.53%,625,1259,43.76%,0.422224,56.14%,3.1%,69.8%,"14:04 ET"
GOOGL,162.28,2024-11-01,160.00,-1.40%,4.15,155.85,4.13%,686,3063,51.02%,0.419255,57.01%,2.7%,108.0%,"14:18 ET"
GOOGL,162.28,2024-12-20,145.00,-10.65%,2.06,142.94,13.53%,757,11528,33.20%,0.171233,80.25%,1.4%,9.1%,"14:06 ET"
GOOGL,162.28,2024-11-01,155.00,-4.49%,2.26,152.74,6.25%,804,2347,51.29%,0.274877,71.56%,1.5%,60.0%,"14:18 ET"
GOOGL,162.28,2024-12-20,155.00,-4.49%,4.65,150.35,7.93%,868,6406,31.97%,0.324912,64.06%,3.1%,19.5%,"14:14 ET"
GOOGL,162.28,2024-11-15,155.00,-4.49%,3.25,151.75,6.94%,1057,10918,39.45%,0.3025,67.85%,2.1%,34.0%,"14:18 ET"
GPC,116.09,2024-11-15,110.00,-5.25%,1.1,108.9,6.60%,179,632,27.41%,0.238557,78.32%,1.0%,16.0%,"14:08 ET"
GS,515.32,2024-12-20,480.00,-6.85%,8.05,471.95,9.19%,133,549,27.02%,0.236402,74.51%,1.7%,10.7%,"14:17 ET"
GXO,61.19,2024-11-15,57.50,-6.03%,0.85,56.65,8.01%,252,1702,37.45%,0.240284,74.59%,1.5%,23.8%,"13:14 ET"
HAL,27.8,2024-11-15,27.00,-2.88%,0.75,26.25,5.90%,157,4615,39.19%,0.379511,61.67%,2.9%,45.3%,"14:13 ET"
HES,137.52,2024-11-15,120.00,-12.74%,0.2,119.8,14.79%,1500,2746,35.91%,0.063038,93.47%,0.2%,2.6%,"10:16 ET"
HIMS,21.37,2024-11-15,21.00,-1.73%,2.15,18.85,13.37%,1349,2956,105.91%,0.437242,52.62%,11.4%,181.0%,"14:15 ET"
HLT,232.34,2024-11-15,230.00,-1.01%,4.3,225.7,2.94%,693,3312,24.17%,0.41747,56.63%,1.9%,30.2%,"14:06 ET"
HLT,232.34,2025-01-17,200.00,-13.92%,1.55,198.45,17.08%,101,1686,27.76%,0.10727,86.70%,0.8%,3.3%,"12:04 ET"
HOOD,26.45,2025-01-17,22.00,-16.82%,1.18,20.82,27.04%,109,3686,63.03%,0.221421,72.64%,5.7%,24.1%,"13:57 ET"
HOOD,26.45,2025-01-17,25.00,-5.48%,2.32,22.68,16.62%,121,1821,61.93%,0.364288,57.44%,10.2%,43.4%,"13:54 ET"
HOOD,26.45,2024-11-15,23.00,-13.04%,0.7,22.3,18.61%,144,2888,79.62%,0.217043,75.78%,3.1%,49.8%,"14:01 ET"
HOOD,26.45,2024-11-15,22.00,-16.82%,0.47,21.53,22.85%,185,4542,79.24%,0.156538,82.28%,2.2%,34.6%,"13:09 ET"
HOOD,26.45,2024-12-20,22.00,-16.82%,0.91,21.09,25.41%,195,1559,67.33%,0.205215,75.37%,4.3%,27.2%,"13:30 ET"
HOOD,26.45,2024-11-01,25.00,-5.48%,0.87,24.13,9.61%,209,10801,90.35%,0.332592,65.45%,3.6%,146.2%,"14:16 ET"
HOOD,26.45,2024-11-15,25.00,-5.48%,1.39,23.61,12.03%,272,3503,78.77%,0.357181,61.22%,5.9%,93.4%,"14:02 ET"
HOOD,26.45,2024-12-20,23.00,-13.04%,1.22,21.78,21.44%,286,2335,66.98%,0.254988,69.97%,5.6%,35.3%,"13:48 ET"
HOOD,26.45,2024-11-08,21.00,-20.60%,0.23,20.77,27.35%,362,659,89.88%,0.097102,88.99%,1.1%,25.3%,"12:38 ET"
HOOD,26.45,2024-11-01,26.00,-1.70%,1.31,24.69,7.13%,371,997,90.69%,0.438079,54.80%,5.3%,215.2%,"14:16 ET"
HOOD,26.45,2024-11-01,24.00,-9.26%,0.53,23.47,12.70%,379,699,90.14%,0.23512,75.39%,2.3%,91.6%,"13:45 ET"
HOOD,26.45,2024-11-15,26.00,-1.70%,1.86,24.14,9.57%,604,1109,77.93%,0.433824,53.49%,7.7%,122.3%,"14:16 ET"
HPQ,35.74,2024-11-15,34.00,-4.87%,0.38,33.62,6.31%,101,1560,28.63%,0.247364,75.63%,1.1%,17.9%,"14:02 ET"
HPQ,35.74,2025-01-17,35.00,-2.07%,1.78,33.22,7.59%,500,1056,31.52%,0.416266,55.44%,5.4%,22.7%,"13:36 ET"
HSY,182.82,2024-11-15,175.00,-4.28%,2.15,172.85,5.77%,174,1341,29.09%,0.261366,72.53%,1.2%,19.7%,"14:17 ET"
HUM,258.03,2025-01-17,220.00,-14.74%,10,210,22.87%,265,1221,54.21%,0.223996,72.77%,4.8%,20.2%,"12:20 ET"
HYG,79.11,2024-12-20,78.00,-1.40%,0.54,77.46,2.13%,503,150676,9.37%,0.314128,64.74%,0.7%,4.4%,"13:41 ET"
HYG,79.11,2024-12-20,74.00,-6.46%,0.14,73.86,7.11%,1587,185814,12.64%,0.076768,90.74%,0.2%,1.2%,"13:58 ET"
HYG,79.11,2024-12-20,75.00,-5.20%,0.18,74.82,5.73%,2475,90515,11.71%,0.105868,87.36%,0.2%,1.5%,"13:55 ET"
HYG,79.11,2024-12-20,76.00,-3.93%,0.15,75.85,4.30%,5000,85438,9.38%,0.116557,85.83%,0.2%,1.2%,"10:45 ET"
HYG,79.11,2025-01-17,75.00,-5.20%,0.22,74.78,5.79%,5001,54806,10.29%,0.113073,85.73%,0.3%,1.2%,"13:24 ET"
HYG,79.11,2024-12-20,77.00,-2.67%,0.32,76.68,3.17%,5185,168023,9.55%,0.205158,76.12%,0.4%,2.6%,"14:15 ET"
HYG,79.11,2024-11-15,78.00,-1.40%,0.25,77.75,1.75%,9516,89101,9.42%,0.256329,72.50%,0.3%,5.1%,"13:41 ET"
HYG,79.11,2025-01-17,77.00,-2.67%,0.42,76.58,3.30%,10022,50799,9.05%,0.223926,73.08%,0.5%,2.3%,"13:29 ET"
HYG,79.11,2024-11-15,77.00,-2.67%,0.12,76.88,2.90%,16447,237706,10.29%,0.134705,85.25%,0.2%,2.5%,"14:16 ET"
HYG,79.11,2024-11-15,76.00,-3.93%,0.06,75.94,4.17%,105500,190509,11.26%,0.070105,92.20%,0.1%,1.3%,"13:26 ET"
IBB,142.02,2024-11-15,140.00,-1.42%,2.45,137.55,3.25%,152,1746,23.62%,0.398587,59.55%,1.8%,28.3%,"14:16 ET"
IBM,231.45,2024-12-20,220.00,-4.95%,5.45,214.55,7.88%,118,811,29.23%,0.302732,66.84%,2.5%,16.0%,"13:43 ET"
IBM,231.45,2024-12-20,225.00,-2.79%,7.35,217.65,6.34%,138,685,29.23%,0.373439,59.58%,3.4%,21.3%,"13:37 ET"
IBM,231.45,2024-11-01,215.00,-7.11%,1.76,213.24,8.54%,143,1519,52.24%,0.173644,81.56%,0.8%,33.5%,"14:16 ET"
IBM,231.45,2024-11-15,225.00,-2.79%,5.95,219.05,5.66%,154,682,39.31%,0.365807,61.27%,2.7%,43.1%,"13:51 ET"
IBM,231.45,2024-11-15,215.00,-7.11%,2.77,212.23,9.06%,177,2481,39.25%,0.210397,77.28%,1.3%,20.7%,"14:12 ET"
IBM,231.45,2024-11-15,200.00,-13.59%,0.7,199.3,16.13%,205,1260,40.15%,0.065897,92.63%,0.4%,5.6%,"13:59 ET"
IBM,231.45,2025-01-17,200.00,-13.59%,1.9,198.1,16.83%,262,1442,27.99%,0.120016,85.88%,1.0%,4.1%,"14:16 ET"
IBM,231.45,2024-12-20,205.00,-11.43%,1.92,203.08,13.97%,278,701,29.69%,0.133949,84.74%,0.9%,5.9%,"14:10 ET"
IBM,231.45,2025-01-17,190.00,-17.91%,0.96,189.04,22.43%,280,1989,29.77%,0.070956,91.40%,0.5%,2.2%,"12:14 ET"
IBM,231.45,2024-11-01,220.00,-4.95%,2.9,217.1,6.61%,692,850,51.41%,0.251796,73.52%,1.3%,54.2%,"14:15 ET"
IBM,231.45,2024-11-15,205.00,-11.43%,1.12,203.88,13.52%,1054,3642,39.76%,0.101416,88.80%,0.5%,8.7%,"14:16 ET"
IBM,231.45,2025-01-17,215.00,-7.11%,4.95,210.05,10.19%,1910,9022,27.22%,0.255872,71.16%,2.4%,10.0%,"14:04 ET"
IBM,231.45,2024-11-15,210.00,-9.27%,1.79,208.21,11.16%,2620,5171,39.44%,0.149264,83.71%,0.9%,13.6%,"14:17 ET"
IBM,231.45,2024-11-15,220.00,-4.95%,4.1,215.9,7.20%,3081,9252,39.21%,0.283602,69.69%,1.9%,30.1%,"14:13 ET"
IEF,94.8,2024-11-15,92.00,-2.95%,0.15,91.85,3.21%,101,1254,11.91%,0.132043,84.20%,0.2%,2.6%,"13:42 ET"
IGV,90.57,2025-01-17,86.00,-5.05%,1.75,84.25,7.50%,185,669,23.15%,0.283119,67.75%,2.1%,8.8%,"09:46 ET"
INDA,55.34,2024-11-15,53.00,-4.23%,0.35,52.65,5.11%,234,9977,23.40%,0.211639,76.90%,0.7%,10.5%,"09:32 ET"
INTC,21.7,2025-01-17,21.00,-3.23%,1.96,19.04,13.97%,227,22226,56.22%,0.397493,54.78%,10.3%,43.7%,"14:17 ET"
INTC,21.7,2024-11-15,21.00,-3.23%,1.22,19.78,9.71%,572,14119,71.11%,0.399649,57.29%,6.2%,97.9%,"14:17 ET"
INTC,21.7,2024-11-01,20.50,-5.53%,0.67,19.83,9.43%,598,1449,86.51%,0.324403,66.23%,3.4%,137.0%,"14:16 ET"
INTC,21.7,2024-11-01,21.00,-3.23%,0.87,20.13,7.80%,745,5575,86.94%,0.390799,59.49%,4.3%,175.3%,"14:13 ET"
IP,48.84,2024-11-15,45.00,-7.86%,0.4,44.6,9.51%,5008,796,37.37%,0.174479,80.86%,0.9%,14.2%,"12:52 ET"
IRM,125.96,2024-11-15,105.00,-16.64%,0.25,104.75,20.25%,2800,3100,43.00%,0.043392,95.41%,0.2%,3.8%,"12:05 ET"
ITB,120.01,2024-12-20,115.00,-4.17%,3.4,111.6,7.54%,500,2033,30.86%,0.337877,63.56%,3.0%,19.2%,"11:30 ET"
IWM,218.24,2024-11-01,213.00,-2.40%,1.39,211.61,3.13%,103,850,23.74%,0.275422,74.28%,0.7%,26.6%,"14:16 ET"
IWM,218.24,2025-01-17,181.00,-17.06%,1.34,179.66,21.47%,109,1510,30.59%,0.085993,89.62%,0.7%,3.2%,"13:22 ET"
IWM,218.24,2024-12-20,203.00,-6.98%,3.26,199.74,9.26%,127,7999,27.01%,0.229176,74.93%,1.6%,10.3%,"13:47 ET"
IWM,218.24,2024-11-15,160.00,-26.69%,0.1,159.9,36.49%,135,19622,54.49%,0.009967,98.84%,0.1%,1.0%,"13:02 ET"
IWM,218.24,2024-11-22,205.00,-6.07%,2.24,202.76,7.63%,142,511,28.67%,0.213897,77.68%,1.1%,13.4%,"13:15 ET"
IWM,218.24,2024-12-20,176.00,-19.35%,0.74,175.26,24.52%,157,1694,35.55%,0.05441,93.55%,0.4%,2.7%,"13:59 ET"
IWM,218.24,2024-11-15,203.00,-6.98%,1.55,201.45,8.33%,167,10754,30.69%,0.168658,82.63%,0.8%,12.2%,"14:00 ET"
IWM,218.24,2024-12-20,175.00,-19.81%,0.71,174.29,25.22%,167,91323,35.98%,0.051981,93.82%,0.4%,2.6%,"13:14 ET"
IWM,218.24,2024-12-20,169.00,-22.56%,0.55,168.45,29.56%,168,3383,38.40%,0.03915,95.26%,0.3%,2.1%,"13:59 ET"
IWM,218.24,2024-11-08,210.00,-3.78%,2.37,207.63,5.11%,169,2352,30.31%,0.272763,72.79%,1.1%,26.0%,"14:11 ET"
IWM,218.24,2024-11-15,195.00,-10.65%,0.73,194.27,12.34%,182,50569,33.32%,0.085153,91.09%,0.4%,6.0%,"14:12 ET"
IWM,218.24,2024-11-01,195.00,-10.65%,0.11,194.89,11.98%,183,14171,36.27%,0.025114,97.60%,0.1%,2.3%,"14:16 ET"
IWM,218.24,2024-11-08,215.00,-1.48%,4,211,3.43%,197,2874,29.30%,0.40583,59.63%,1.9%,43.2%,"14:11 ET"
IWM,218.24,2024-11-15,202.00,-7.44%,1.41,200.59,8.80%,198,5430,30.99%,0.155214,83.99%,0.7%,11.2%,"14:12 ET"
IWM,218.24,2025-01-17,190.00,-12.94%,2.06,187.94,16.12%,199,54577,28.04%,0.131472,84.57%,1.1%,4.7%,"14:12 ET"
IWM,218.24,2025-01-17,212.00,-2.86%,6.64,205.36,6.27%,200,7525,23.71%,0.367279,59.95%,3.2%,13.7%,"14:10 ET"
IWM,218.24,2025-01-17,198.00,-9.27%,3.12,194.88,11.99%,201,2549,26.14%,0.193738,77.84%,1.6%,6.8%,"14:17 ET"
IWM,218.24,2024-11-01,185.00,-15.23%,0.06,184.94,18.01%,202,6401,46.36%,0.011634,98.84%,0.0%,1.3%,"14:03 ET"
IWM,218.24,2025-01-17,210.00,-3.78%,5.97,204.03,6.96%,203,21545,24.00%,0.33739,62.94%,2.9%,12.4%,"14:16 ET"
IWM,218.24,2025-01-17,215.00,-1.48%,7.77,207.23,5.31%,207,41572,23.31%,0.414714,55.26%,3.7%,15.9%,"14:06 ET"
IWM,218.24,2024-11-01,200.00,-8.36%,0.17,199.83,9.21%,211,2163,31.19%,0.039969,96.26%,0.1%,3.5%,"13:47 ET"
IWM,218.24,2024-12-20,173.00,-20.73%,0.65,172.35,26.63%,211,4788,36.78%,0.047281,94.34%,0.4%,2.4%,"13:41 ET"
IWM,218.24,2024-11-15,214.00,-1.94%,4.25,209.75,4.05%,212,36154,27.97%,0.38556,61.01%,2.0%,32.2%,"14:17 ET"
IWM,218.24,2024-11-22,200.00,-8.36%,1.47,198.53,9.93%,220,2427,30.09%,0.147705,84.41%,0.7%,9.0%,"14:08 ET"
IWM,218.24,2024-12-20,210.00,-3.78%,5,205,6.46%,247,78996,25.48%,0.328618,64.76%,2.4%,15.3%,"14:18 ET"
IWM,218.24,2024-11-15,185.00,-15.23%,0.32,184.68,18.17%,248,11747,37.90%,0.038382,95.88%,0.2%,2.7%,"14:15 ET"
IWM,218.24,2024-12-20,206.00,-5.61%,3.92,202.08,8.00%,255,9530,26.29%,0.26814,70.91%,1.9%,12.2%,"14:16 ET"
IWM,218.24,2024-11-01,205.00,-6.07%,0.33,204.67,6.63%,276,11905,27.22%,0.077473,92.85%,0.2%,6.5%,"14:16 ET"
IWM,218.24,2024-11-15,201.00,-7.90%,1.28,199.72,9.27%,298,2534,31.21%,0.142007,85.32%,0.6%,10.2%,"14:16 ET"
IWM,218.24,2024-12-20,214.00,-1.94%,6.35,207.65,5.10%,305,13797,24.78%,0.397711,57.87%,3.1%,19.2%,"14:04 ET"
IWM,218.24,2024-11-15,213.00,-2.40%,3.9,209.1,4.37%,315,4454,28.16%,0.360783,63.45%,1.9%,29.6%,"14:16 ET"
IWM,218.24,2025-01-17,171.00,-21.65%,0.89,170.11,28.29%,324,2050,33.91%,0.055522,93.08%,0.5%,2.2%,"13:14 ET"
IWM,218.24,2025-01-17,158.00,-27.60%,0.55,157.45,38.61%,355,2080,38.63%,0.032722,95.75%,0.3%,1.5%,"11:21 ET"
IWM,218.24,2024-12-20,209.00,-4.23%,4.71,204.29,6.83%,446,1091,25.73%,0.312989,66.34%,2.3%,14.5%,"13:50 ET"
IWM,218.24,2024-12-20,200.00,-8.36%,2.71,197.29,10.62%,498,92734,27.73%,0.194624,78.51%,1.4%,8.6%,"14:12 ET"
IWM,218.24,2024-11-15,212.00,-2.86%,3.57,208.43,4.71%,502,53735,28.38%,0.337043,65.81%,1.7%,27.2%,"14:07 ET"
IWM,218.24,2024-11-15,207.00,-5.15%,2.27,204.73,6.60%,502,52124,29.55%,0.232764,76.20%,1.1%,17.6%,"14:17 ET"
IWM,218.24,2024-11-29,214.00,-1.94%,4.95,209.05,4.40%,504,528,25.02%,0.389649,59.73%,2.4%,23.4%,"14:18 ET"
IWM,218.24,2025-01-17,213.00,-2.40%,7,206,5.94%,516,3905,23.57%,0.382559,58.41%,3.4%,14.4%,"13:56 ET"
IWM,218.24,2024-11-08,208.00,-4.69%,1.89,206.11,5.89%,520,1276,30.77%,0.228004,77.22%,0.9%,20.9%,"14:05 ET"
IWM,218.24,2024-11-15,190.00,-12.94%,0.47,189.53,15.15%,522,51844,35.44%,0.056284,94.04%,0.2%,3.9%,"13:53 ET"
IWM,218.24,2024-12-20,216.00,-1.03%,7.15,208.85,4.50%,523,3945,24.45%,0.434831,54.22%,3.4%,21.5%,"14:14 ET"
IWM,218.24,2025-01-17,172.00,-21.19%,0.92,171.08,27.57%,526,8619,33.56%,0.057899,92.81%,0.5%,2.3%,"13:14 ET"
IWM,218.24,2024-11-15,170.00,-22.10%,0.15,169.85,28.49%,528,21285,47.73%,0.016448,98.15%,0.1%,1.4%,"14:11 ET"
IWM,218.24,2024-11-15,216.00,-1.03%,5.04,210.96,3.45%,570,6498,27.47%,0.436752,55.95%,2.4%,37.9%,"14:16 ET"
IWM,218.24,2024-10-30,215.00,-1.48%,1.31,213.69,2.13%,598,2084,20.10%,0.328073,70.45%,0.6%,32.0%,"14:17 ET"
IWM,218.24,2024-11-29,195.00,-10.65%,1.13,193.87,12.57%,680,743,29.85%,0.10901,88.19%,0.6%,5.7%,"14:14 ET"
IWM,218.24,2024-12-20,185.00,-15.23%,1.16,183.84,18.71%,747,78931,32.21%,0.085856,90.09%,0.6%,4.0%,"14:18 ET"
IWM,218.24,2024-12-20,205.00,-6.07%,3.69,201.31,8.41%,780,62619,26.57%,0.254904,72.27%,1.8%,11.5%,"14:18 ET"
IWM,218.24,2024-12-20,202.00,-7.44%,3.07,198.93,9.71%,792,11864,27.21%,0.216732,76.21%,1.5%,9.7%,"14:17 ET"
IWM,218.24,2024-11-15,199.00,-8.82%,1.05,197.95,10.25%,807,3943,31.86%,0.119763,87.57%,0.5%,8.4%,"14:18 ET"
IWM,218.24,2024-11-29,200.00,-8.36%,1.66,198.34,10.03%,869,2752,28.44%,0.156639,83.25%,0.8%,8.3%,"14:14 ET"
IWM,218.24,2024-11-29,210.00,-3.78%,3.66,206.34,5.77%,913,2761,25.99%,0.307614,67.91%,1.8%,17.5%,"14:18 ET"
IWM,218.24,2024-12-20,190.00,-12.94%,1.51,188.49,15.78%,918,116315,30.54%,0.112139,87.25%,0.8%,5.0%,"14:09 ET"
IWM,218.24,2024-11-01,211.00,-3.32%,0.96,210.04,3.90%,934,19875,24.40%,0.203817,81.07%,0.5%,18.5%,"14:15 ET"
IWM,218.24,2024-12-20,215.00,-1.48%,6.74,208.26,4.79%,957,42914,24.60%,0.416027,56.06%,3.2%,20.4%,"14:18 ET"
IWM,218.24,2024-12-20,195.00,-10.65%,2.01,192.99,13.08%,996,67708,29.04%,0.147534,83.47%,1.0%,6.6%,"14:15 ET"
IWM,218.24,2024-11-01,214.00,-1.94%,1.66,212.34,2.78%,1035,4870,23.46%,0.317091,70.29%,0.8%,31.7%,"13:56 ET"
IWM,218.24,2024-11-01,210.00,-3.78%,0.8,209.2,4.32%,1049,35609,24.77%,0.173973,83.88%,0.4%,15.5%,"14:14 ET"
IWM,218.24,2024-11-15,200.00,-8.36%,1.16,198.84,9.76%,1064,76839,31.49%,0.130163,86.52%,0.6%,9.3%,"14:18 ET"
IWM,218.24,2024-11-01,216.00,-1.03%,2.34,213.66,2.14%,1095,5069,22.85%,0.410118,61.31%,1.1%,44.4%,"14:16 ET"
IWM,218.24,2024-12-20,212.00,-2.86%,5.64,206.36,5.76%,1139,6323,25.15%,0.362491,61.39%,2.7%,17.2%,"14:10 ET"
IWM,218.24,2024-11-15,205.00,-6.07%,1.87,203.13,7.44%,1443,62586,30.15%,0.198951,79.59%,0.9%,14.6%,"14:18 ET"
IWM,218.24,2024-11-01,215.00,-1.48%,1.98,213.02,2.45%,2492,22475,23.23%,0.36252,65.91%,0.9%,37.7%,"14:17 ET"
IWM,218.24,2025-01-17,205.00,-6.07%,4.56,200.44,8.88%,2556,11059,24.84%,0.270289,69.81%,2.3%,9.7%,"14:04 ET"
IWM,218.24,2024-11-01,212.00,-2.86%,1.16,210.84,3.51%,3015,13888,24.09%,0.23788,77.84%,0.6%,22.3%,"14:11 ET"
IWM,218.24,2025-01-17,195.00,-10.65%,2.68,192.32,13.48%,3138,14853,26.84%,0.167699,80.62%,1.4%,5.9%,"14:18 ET"
IWM,218.24,2024-11-01,190.00,-12.94%,0.08,189.92,14.91%,3240,13842,41.20%,0.016481,98.39%,0.0%,1.7%,"14:05 ET"
IWM,218.24,2024-11-15,215.00,-1.48%,4.62,210.38,3.74%,3368,58466,27.57%,0.410437,58.56%,2.2%,34.9%,"14:18 ET"
IWM,218.24,2024-11-15,206.00,-5.61%,2.06,203.94,7.01%,4707,48819,29.87%,0.21547,77.93%,1.0%,16.0%,"14:07 ET"
IWM,218.24,2025-01-17,175.00,-19.81%,1.04,173.96,25.45%,6044,27836,32.51%,0.065752,91.91%,0.6%,2.5%,"13:18 ET"
IWM,218.24,2024-11-15,211.00,-3.32%,3.27,207.73,5.06%,30187,53847,28.61%,0.314206,68.07%,1.6%,25.0%,"14:13 ET"
IWM,218.24,2024-11-15,209.00,-4.23%,2.73,206.27,5.80%,32360,51537,29.12%,0.271756,72.30%,1.3%,21.0%,"14:10 ET"
IWM,218.24,2024-11-15,208.00,-4.69%,2.49,205.51,6.19%,45116,25503,29.37%,0.25202,74.27%,1.2%,19.2%,"14:16 ET"
IWM,218.24,2024-11-15,210.00,-3.78%,2.99,207.01,5.42%,55671,160263,28.89%,0.292643,70.22%,1.4%,22.9%,"14:18 ET"
IYR,100.79,2024-12-20,95.00,-5.74%,1.25,93.75,7.51%,152,4130,22.05%,0.236077,74.96%,1.3%,8.4%,"11:11 ET"
IYR,100.79,2024-11-08,99.00,-1.78%,1.12,97.88,2.97%,152,14717,22.03%,0.357926,65.12%,1.1%,26.1%,"12:52 ET"
IYR,100.79,2024-12-20,90.00,-10.71%,0.52,89.48,12.64%,200,635,24.29%,0.111071,87.89%,0.6%,3.7%,"10:29 ET"
JACK,46.81,2024-11-15,45.00,-3.87%,1.65,43.35,7.98%,210,605,51.60%,0.369087,61.96%,3.8%,60.4%,"12:37 ET"
JBHT,174.35,2024-11-15,155.00,-11.10%,0.35,154.65,12.74%,342,1649,30.32%,0.059776,93.89%,0.2%,3.6%,"14:03 ET"
JD,40,2024-12-20,32.00,-20.00%,0.47,31.53,26.86%,109,1445,49.91%,0.114464,86.90%,1.5%,9.4%,"10:51 ET"
JD,40,2024-11-01,35.00,-12.50%,0.08,34.92,14.55%,120,724,55.07%,0.058685,93.87%,0.2%,9.3%,"14:05 ET"
JD,40,2024-11-01,38.00,-5.00%,0.48,37.52,6.61%,146,4223,49.92%,0.251389,74.35%,1.3%,51.9%,"14:02 ET"
JD,40,2024-11-01,37.00,-7.50%,0.26,36.74,8.87%,223,867,50.23%,0.157571,83.85%,0.7%,28.7%,"13:47 ET"
JD,40,2024-12-20,30.00,-25.00%,0.25,29.75,34.45%,275,3007,51.49%,0.068591,91.95%,0.8%,5.3%,"11:42 ET"
JD,40,2025-01-17,37.50,-6.25%,2.34,35.16,13.77%,750,11942,45.42%,0.348724,61.51%,6.7%,28.2%,"12:53 ET"
JD,40,2024-11-15,35.00,-12.50%,0.48,34.52,15.87%,2209,10131,55.29%,0.155259,83.20%,1.4%,22.1%,"13:56 ET"
JD,40,2025-01-17,32.50,-18.75%,0.79,31.71,26.14%,3533,7049,46.59%,0.15551,82.08%,2.5%,10.6%,"13:55 ET"
JETS,22.5,2024-11-01,22.00,-2.22%,0.26,21.74,3.50%,505,16643,33.18%,0.347871,66.69%,1.2%,48.5%,"12:35 ET"
JNJ,164.47,2025-01-17,140.00,-14.88%,0.31,139.69,17.74%,128,3956,21.58%,0.051765,93.79%,0.2%,0.9%,"11:38 ET"
JNJ,164.47,2024-11-15,155.00,-5.76%,0.35,154.65,6.35%,166,4340,18.85%,0.09875,89.49%,0.2%,3.6%,"13:54 ET"
JNJ,164.47,2025-01-17,150.00,-8.80%,1.01,148.99,10.39%,322,5162,18.59%,0.13376,84.63%,0.7%,2.9%,"14:06 ET"
JNJ,164.47,2025-01-17,160.00,-2.72%,2.99,157.01,4.75%,338,6305,16.59%,0.335001,63.39%,1.9%,8.1%,"14:15 ET"
JPM,223.08,2024-12-20,200.00,-10.35%,1.65,198.35,12.47%,103,14167,26.46%,0.134235,84.98%,0.8%,5.2%,"14:12 ET"
JPM,223.08,2024-12-20,215.00,-3.62%,4.5,210.5,5.98%,109,2139,23.30%,0.32229,65.44%,2.1%,13.5%,"14:16 ET"
JPM,223.08,2024-12-20,195.00,-12.59%,1.2,193.8,15.11%,120,2792,27.81%,0.099062,88.75%,0.6%,3.9%,"14:12 ET"
JPM,223.08,2025-01-17,185.00,-17.07%,1.34,183.66,21.46%,130,4691,30.32%,0.084913,89.83%,0.7%,3.1%,"13:09 ET"
JPM,223.08,2025-01-17,180.00,-19.31%,1.05,178.95,24.66%,131,7123,31.54%,0.066188,91.95%,0.6%,2.5%,"14:09 ET"
JPM,223.08,2024-11-15,210.00,-5.86%,1.68,208.32,7.09%,134,5716,28.21%,0.189257,80.33%,0.8%,12.8%,"12:55 ET"
JPM,223.08,2024-12-20,210.00,-5.86%,3.2,206.8,7.87%,134,4146,24.19%,0.244079,73.45%,1.5%,9.7%,"14:14 ET"
JPM,223.08,2024-11-01,210.00,-5.86%,0.25,209.75,6.36%,144,1730,25.04%,0.064495,93.78%,0.1%,4.8%,"14:11 ET"
JPM,223.08,2025-01-17,195.00,-12.59%,2.24,192.76,15.73%,246,5226,27.99%,0.138488,83.90%,1.2%,4.9%,"14:14 ET"
JPM,223.08,2024-11-01,220.00,-1.38%,1.67,218.33,2.18%,296,1196,20.43%,0.344131,66.76%,0.8%,31.0%,"14:18 ET"
JPM,223.08,2024-11-15,220.00,-1.38%,4.2,215.8,3.37%,1084,3100,25.28%,0.405341,58.67%,1.9%,30.9%,"14:17 ET"
JPM,223.08,2024-11-01,215.00,-3.62%,0.61,214.39,4.05%,1603,2922,22.36%,0.152592,85.33%,0.3%,11.5%,"14:16 ET"
KHC,35.54,2025-01-17,35.00,-1.52%,1.27,33.73,5.37%,258,10704,22.32%,0.427545,55.62%,3.8%,16.0%,"14:14 ET"
KKR,138.39,2024-12-20,130.00,-6.06%,3.8,126.2,9.66%,307,753,35.31%,0.293064,67.16%,3.0%,18.9%,"13:29 ET"
KMI,24.68,2024-11-15,24.00,-2.76%,0.32,23.68,4.22%,109,932,24.65%,0.321284,67.42%,1.4%,21.4%,"13:49 ET"
KO,68.49,2024-11-15,62.50,-8.75%,0.08,62.42,9.72%,100,3738,22.88%,0.05826,94.45%,0.1%,2.0%,"13:45 ET"
KO,68.49,2025-01-17,55.00,-19.70%,0.06,54.94,24.66%,102,6971,24.44%,0.027812,96.78%,0.1%,0.5%,"12:33 ET"
KO,68.49,2024-12-20,62.50,-8.75%,0.31,62.19,10.13%,152,1717,19.68%,0.116507,87.83%,0.5%,3.1%,"13:59 ET"
KO,68.49,2024-11-15,65.00,-5.10%,0.26,64.74,5.79%,170,7280,19.30%,0.148964,85.98%,0.4%,6.4%,"14:17 ET"
KO,68.49,2024-11-15,66.00,-3.64%,0.4,65.6,4.41%,184,5107,18.28%,0.222715,79.02%,0.6%,9.7%,"14:17 ET"
KO,68.49,2024-11-15,67.50,-1.45%,0.8,66.7,2.68%,701,5445,17.13%,0.387098,63.25%,1.2%,19.0%,"14:14 ET"
KO,68.49,2025-01-17,67.50,-1.45%,1.69,65.81,4.07%,760,5479,16.61%,0.413463,57.17%,2.6%,10.9%,"14:18 ET"
KO,68.49,2024-11-01,67.00,-2.18%,0.25,66.75,2.61%,769,538,16.53%,0.237553,80.16%,0.4%,15.2%,"14:06 ET"
KO,68.49,2024-12-20,67.50,-1.45%,1.44,66.06,3.68%,840,7211,17.40%,0.411324,58.31%,2.2%,13.7%,"13:51 ET"
KO,68.49,2025-01-17,60.00,-12.40%,0.25,59.75,14.63%,849,8343,20.35%,0.08152,90.98%,0.4%,1.8%,"14:13 ET"
KO,68.49,2025-01-17,65.00,-5.10%,0.91,64.09,6.87%,856,5166,17.61%,0.255195,72.97%,1.4%,6.0%,"14:17 ET"
KO,68.49,2025-01-17,62.50,-8.75%,0.47,62.03,10.41%,2488,9521,18.85%,0.14651,84.14%,0.8%,3.2%,"14:17 ET"
KO,68.49,2024-12-20,65.00,-5.10%,0.67,64.33,6.47%,10952,4256,18.06%,0.227682,76.62%,1.0%,6.6%,"14:12 ET"
KRE,58.22,2024-11-01,56.00,-3.81%,0.37,55.63,4.66%,1270,12038,31.70%,0.222995,78.26%,0.7%,27.0%,"14:09 ET"
KRE,58.22,2024-11-15,56.00,-3.81%,1.32,54.68,6.47%,1557,6554,39.59%,0.332803,65.22%,2.4%,38.3%,"13:45 ET"
KRE,58.22,2025-01-17,54.00,-7.25%,1.75,52.25,11.43%,144,1756,33.06%,0.280168,68.04%,3.3%,14.2%,"14:16 ET"
KRE,58.22,2024-11-01,57.50,-1.24%,0.81,56.69,2.70%,211,2065,30.16%,0.405555,60.36%,1.4%,57.9%,"11:10 ET"
KVUE,22.6,2024-11-15,22.00,-2.65%,0.52,21.48,5.21%,123,7193,34.71%,0.372156,62.13%,2.4%,38.4%,"13:35 ET"
KWEB,32.21,2025-01-17,26.00,-19.28%,0.25,25.75,25.09%,100,17999,36.79%,0.090674,88.48%,1.0%,4.1%,"13:57 ET"
KWEB,32.21,2025-01-17,27.00,-16.18%,0.38,26.62,21.00%,131,29744,36.48%,0.128731,84.05%,1.4%,6.1%,"13:42 ET"
KWEB,32.21,2025-01-17,30.00,-6.86%,1.19,28.81,11.80%,175,17206,37.04%,0.299351,65.37%,4.1%,17.5%,"13:56 ET"
KWEB,32.21,2024-11-15,31.50,-2.20%,1.06,30.44,5.81%,256,1110,44.22%,0.396884,57.96%,3.5%,55.3%,"13:54 ET"
KWEB,32.21,2024-11-15,31.00,-3.76%,0.85,30.15,6.83%,260,26082,44.07%,0.341838,63.54%,2.8%,44.7%,"13:45 ET"
KWEB,32.21,2024-11-15,30.50,-5.31%,0.66,29.84,7.94%,262,752,43.61%,0.287868,69.09%,2.2%,35.1%,"13:55 ET"
KWEB,32.21,2025-01-17,28.00,-13.07%,0.57,27.43,17.43%,267,45383,36.46%,0.177214,78.57%,2.1%,8.8%,"12:37 ET"
KWEB,32.21,2024-12-20,25.00,-22.38%,0.09,24.91,29.31%,442,49557,40.09%,0.044669,94.36%,0.4%,2.3%,"14:18 ET"
KWEB,32.21,2024-11-15,28.00,-13.07%,0.15,27.85,15.66%,500,12286,43.76%,0.090398,89.88%,0.5%,8.5%,"10:30 ET"
KWEB,32.21,2024-11-15,29.00,-9.97%,0.28,28.72,12.15%,709,14150,42.79%,0.149363,83.58%,1.0%,15.5%,"13:19 ET"
KWEB,32.21,2024-11-15,30.00,-6.86%,0.51,29.49,9.22%,1137,14396,43.59%,0.23838,74.20%,1.7%,27.4%,"14:11 ET"
KWEB,32.21,2024-11-15,27.00,-16.18%,0.07,26.93,19.61%,2403,16837,43.45%,0.046398,94.71%,0.3%,4.1%,"13:55 ET"
KWEB,32.21,2024-12-20,30.00,-6.86%,0.9,29.1,10.69%,3027,6532,37.72%,0.281464,68.18%,3.1%,19.5%,"13:57 ET"
LEN,171.62,2024-11-15,160.00,-6.77%,2,158,8.62%,265,672,37.31%,0.22097,77.29%,1.3%,20.1%,"14:00 ET"
LH,221.59,2024-11-15,200.00,-9.74%,1.65,198.35,11.72%,120,1141,40.91%,0.148598,84.09%,0.8%,13.2%,"12:02 ET"
LI,27.08,2024-11-15,26.00,-3.99%,1.53,24.47,10.67%,405,619,77.80%,0.379282,58.25%,6.3%,99.2%,"13:53 ET"
LKQ,37.74,2024-11-15,32.50,-13.88%,0.2,32.3,16.84%,159,2348,50.46%,0.110913,88.10%,0.6%,9.8%,"10:57 ET"
LLY,897.09,2024-11-15,850.00,-5.25%,19.55,830.45,8.02%,104,1092,45.09%,0.294338,68.31%,2.4%,37.4%,"13:28 ET"
LLY,897.09,2024-11-15,800.00,-10.82%,8.3,791.7,13.31%,133,1226,46.46%,0.147109,83.70%,1.0%,16.6%,"14:15 ET"
LMT,573.53,2025-01-17,500.00,-12.82%,2.2,497.8,15.21%,622,947,21.61%,0.079365,90.46%,0.4%,1.9%,"13:39 ET"
LOGI,80.31,2025-01-17,75.00,-6.61%,1.75,73.25,9.64%,114,727,25.36%,0.273173,71.08%,2.4%,10.1%,"14:17 ET"
LQD,109.11,2024-11-15,105.00,-3.77%,0.18,104.82,4.09%,100,4342,13.50%,0.110526,87.14%,0.2%,2.7%,"12:00 ET"
LQD,109.11,2024-11-15,108.00,-1.02%,0.69,107.31,1.68%,194,12107,11.90%,0.332482,63.40%,0.6%,10.2%,"12:00 ET"
LQD,109.11,2024-11-15,106.00,-2.85%,0.28,105.72,3.21%,205,5500,12.65%,0.157776,81.87%,0.3%,4.2%,"13:25 ET"
LQD,109.11,2024-11-15,107.00,-1.93%,0.45,106.55,2.40%,1160,45163,12.47%,0.237023,73.37%,0.4%,6.7%,"13:35 ET"
LQD,109.11,2024-12-20,107.00,-1.93%,0.86,106.14,2.80%,2001,3484,11.60%,0.288549,66.36%,0.8%,5.1%,"10:15 ET"
LQD,109.11,2024-12-20,108.00,-1.02%,1.22,106.78,2.18%,3540,8239,11.72%,0.365112,58.66%,1.1%,7.2%,"14:09 ET"
LQD,109.11,2025-01-17,106.00,-2.85%,0.66,105.34,3.58%,26950,2743,10.28%,0.224927,71.88%,0.6%,2.7%,"13:58 ET"
LRCX,71.84,2024-11-15,65.00,-9.52%,1.47,63.53,13.08%,101,1374,58.32%,0.227312,75.28%,2.3%,36.7%,"14:05 ET"
LRCX,71.84,2024-12-20,70.00,-2.56%,4.6,65.4,9.85%,111,1414,49.31%,0.406215,55.25%,7.0%,44.3%,"14:11 ET"
LRCX,71.84,2024-11-15,70.00,-2.56%,3.15,66.85,7.46%,120,2462,56.54%,0.403814,57.25%,4.7%,74.8%,"14:06 ET"
LRCX,71.84,2025-01-17,60.00,-16.48%,1.93,58.07,23.71%,131,5637,49.33%,0.186514,77.40%,3.3%,14.1%,"13:55 ET"
LRCX,71.84,2024-11-01,64.00,-10.91%,0.64,63.36,13.38%,138,538,72.50%,0.146915,84.49%,1.0%,41.0%,"14:14 ET"
LRCX,71.84,2024-12-20,60.00,-16.48%,1.36,58.64,22.51%,162,4188,51.58%,0.161479,80.94%,2.3%,14.6%,"13:56 ET"
LRCX,71.84,2025-01-17,42.00,-41.54%,0.08,41.92,71.37%,200,1470,55.46%,0.015903,97.69%,0.2%,0.8%,"13:12 ET"
LRCX,71.84,2024-11-15,64.00,-10.91%,1.23,62.77,14.45%,226,918,58.54%,0.197369,78.42%,2.0%,31.1%,"14:06 ET"
LRCX,71.84,2025-01-17,65.00,-9.52%,3.35,61.65,16.53%,271,3418,48.21%,0.286962,66.55%,5.4%,23.1%,"14:12 ET"
LRCX,71.84,2024-11-01,70.00,-2.56%,2.2,67.8,5.96%,497,540,69.68%,0.394273,59.37%,3.2%,131.6%,"14:17 ET"
LRN,87.89,2024-12-20,65.00,-26.04%,0.5,64.5,36.26%,124,823,54.43%,0.061103,91.78%,0.8%,4.9%,"13:57 ET"
LRN,87.89,2024-11-15,65.00,-26.04%,0.1,64.9,35.42%,454,1667,63.22%,0.021857,97.14%,0.2%,2.4%,"14:17 ET"
LULU,292.26,2025-01-17,230.00,-21.30%,4.65,225.35,29.69%,225,1206,48.90%,0.124851,84.36%,2.1%,8.8%,"13:49 ET"
LUV,30.43,2025-01-17,27.50,-9.63%,0.92,26.58,14.48%,112,14546,37.34%,0.256592,71.18%,3.5%,14.7%,"14:04 ET"
LUV,30.43,2024-12-20,30.00,-1.41%,1.59,28.41,7.11%,118,2600,37.47%,0.436226,53.80%,5.6%,35.2%,"14:12 ET"
LUV,30.43,2025-01-17,30.00,-1.41%,1.88,28.12,8.21%,335,6502,36.36%,0.432191,53.21%,6.7%,28.4%,"13:26 ET"
LUV,30.43,2024-12-20,27.50,-9.63%,0.67,26.83,13.42%,1114,8649,38.45%,0.23259,74.55%,2.5%,15.7%,"13:24 ET"
LVS,50.99,2024-12-20,45.00,-11.75%,0.71,44.29,15.13%,643,3173,36.55%,0.171857,80.45%,1.6%,10.1%,"14:11 ET"
LVS,50.99,2024-11-01,49.50,-2.92%,0.9,48.6,4.92%,829,751,47.61%,0.341115,65.42%,1.9%,75.1%,"13:59 ET"
LVS,50.99,2024-12-20,37.50,-26.46%,0.12,37.38,36.41%,859,6503,44.12%,0.032173,95.97%,0.3%,2.0%,"14:08 ET"
LVS,50.99,2024-11-15,47.50,-6.84%,0.75,46.75,9.07%,159,1592,41.95%,0.235921,74.96%,1.6%,25.5%,"13:37 ET"
LVS,50.99,2024-12-20,50.00,-1.94%,2.27,47.73,6.83%,227,806,34.97%,0.411682,55.59%,4.8%,29.9%,"14:11 ET"
LVS,50.99,2025-01-17,45.00,-11.75%,1.01,43.99,15.91%,258,3438,34.94%,0.197952,76.94%,2.3%,9.7%,"13:52 ET"
LYB,88.5,2025-01-17,80.00,-9.60%,1.3,78.7,12.45%,1008,8708,25.54%,0.199769,79.24%,1.7%,7.0%,"14:09 ET"
MCD,298.85,2024-12-20,275.00,-7.98%,3.35,271.65,10.01%,657,673,25.82%,0.193886,79.04%,1.2%,7.8%,"14:01 ET"
MCD,298.85,2024-11-15,260.00,-13.00%,0.76,259.24,15.28%,674,775,36.73%,0.062376,93.45%,0.3%,4.7%,"14:13 ET"
MCD,298.85,2024-12-20,270.00,-9.65%,2.63,267.37,11.77%,712,1631,26.60%,0.155018,83.08%,1.0%,6.2%,"14:18 ET"
MCD,298.85,2025-01-17,290.00,-2.96%,8.05,281.95,5.99%,808,849,21.62%,0.36108,61.27%,2.9%,12.1%,"14:16 ET"
MCD,298.85,2024-11-15,285.00,-4.63%,3.45,281.55,6.14%,823,1012,29.38%,0.256997,74.00%,1.2%,19.4%,"14:15 ET"
MCD,298.85,2024-11-15,290.00,-2.96%,4.75,285.25,4.77%,849,652,28.42%,0.33437,66.33%,1.7%,26.4%,"14:12 ET"
MCD,298.85,2024-12-20,250.00,-16.35%,1.1,248.9,20.07%,858,814,31.30%,0.067096,92.37%,0.4%,2.8%,"13:49 ET"
MCD,298.85,2024-11-15,270.00,-9.65%,1.32,268.68,11.23%,1100,640,33.42%,0.109631,88.69%,0.5%,7.8%,"14:18 ET"
MCD,298.85,2025-01-17,275.00,-7.98%,4.1,270.9,10.32%,1221,828,23.12%,0.206762,77.07%,1.5%,6.4%,"13:32 ET"
MCD,298.85,2025-01-17,295.00,-1.29%,10,285,4.86%,1261,521,21.39%,0.424172,54.97%,3.5%,14.9%,"14:03 ET"
MCD,298.85,2024-11-15,280.00,-6.31%,2.48,277.52,7.69%,1744,695,30.51%,0.194079,80.26%,0.9%,14.2%,"14:13 ET"
MCD,298.85,2025-01-17,260.00,-13.00%,2.12,257.88,15.89%,2316,2128,25.72%,0.115488,86.76%,0.8%,3.5%,"14:07 ET"
MCD,298.85,2024-11-15,265.00,-11.33%,0.99,264.01,13.20%,2358,544,35.11%,0.082934,91.37%,0.4%,6.0%,"14:13 ET"
MCD,298.85,2024-12-20,255.00,-14.67%,1.34,253.66,17.82%,101,849,29.91%,0.081423,90.84%,0.5%,3.3%,"13:51 ET"
MCD,298.85,2024-11-15,255.00,-14.67%,0.6,254.4,17.47%,118,2450,38.94%,0.049226,94.78%,0.2%,3.7%,"14:16 ET"
MCD,298.85,2025-01-17,265.00,-11.33%,2.57,262.43,13.88%,119,2542,24.84%,0.140602,84.06%,1.0%,4.2%,"13:51 ET"
MCD,298.85,2024-12-20,265.00,-11.33%,2.05,262.95,13.65%,182,570,27.67%,0.1251,86.21%,0.8%,4.9%,"13:52 ET"
MCD,298.85,2025-01-17,230.00,-23.04%,0.55,229.45,30.25%,266,893,31.44%,0.035182,95.69%,0.2%,1.0%,"11:38 ET"
MCD,298.85,2025-01-17,285.00,-4.63%,6.5,278.5,7.31%,268,709,22.28%,0.304439,66.96%,2.3%,9.9%,"14:00 ET"
MCD,298.85,2025-01-17,250.00,-16.35%,1.43,248.57,20.23%,292,1423,27.85%,0.079708,90.66%,0.6%,2.4%,"13:45 ET"
MCD,298.85,2024-12-20,290.00,-2.96%,7.05,282.95,5.62%,341,641,23.70%,0.356753,62.48%,2.5%,15.7%,"14:17 ET"
MCD,298.85,2025-01-17,280.00,-6.31%,5.2,274.8,8.75%,354,2096,22.76%,0.253148,72.23%,1.9%,8.0%,"14:08 ET"
MCD,298.85,2024-12-20,285.00,-4.63%,5.5,279.5,6.92%,356,509,24.33%,0.294457,68.77%,2.0%,12.4%,"14:02 ET"
MCD,298.85,2025-01-17,270.00,-9.65%,3.25,266.75,12.03%,508,2197,24.08%,0.171724,80.75%,1.2%,5.2%,"13:58 ET"
MCD,298.85,2024-12-20,260.00,-13.00%,1.65,258.35,15.68%,549,532,28.70%,0.100375,88.82%,0.6%,4.0%,"14:18 ET"
MCD,298.85,2024-11-15,295.00,-1.29%,6.55,288.45,3.61%,574,656,27.20%,0.423559,57.53%,2.3%,36.0%,"14:08 ET"
MCD,298.85,2024-12-20,280.00,-6.31%,4.25,275.75,8.38%,581,969,24.61%,0.236691,74.67%,1.5%,9.7%,"14:16 ET"
MCHI,50.06,2024-11-15,47.00,-6.11%,0.55,46.45,7.77%,101,511,34.47%,0.214346,76.70%,1.2%,18.8%,"12:57 ET"
MCHP,74.6,2024-11-15,72.50,-2.82%,2.9,69.6,7.18%,109,2147,51.90%,0.402641,58.67%,4.2%,66.1%,"13:58 ET"
MCHP,74.6,2024-11-15,70.00,-6.17%,2,68,9.71%,237,1474,51.94%,0.302931,68.73%,2.9%,46.7%,"14:17 ET"
MCHP,74.6,2024-11-15,65.00,-12.87%,0.8,64.2,16.20%,355,531,55.12%,0.151529,84.03%,1.2%,19.8%,"14:12 ET"
MDB,260.01,2024-12-20,230.00,-11.54%,10.5,219.5,18.46%,105,513,59.95%,0.259399,69.61%,4.8%,30.1%,"11:29 ET"
MDB,260.01,2025-01-17,250.00,-3.85%,21.15,228.85,13.62%,107,871,55.09%,0.382284,55.84%,9.2%,39.2%,"14:18 ET"
MDB,260.01,2024-12-20,200.00,-23.08%,3.25,196.75,32.15%,2519,7616,59.39%,0.107232,86.62%,1.7%,10.4%,"13:37 ET"
MDT,91.96,2025-01-17,82.50,-10.29%,0.89,81.61,12.68%,312,1439,23.75%,0.154723,82.68%,1.1%,4.6%,"14:07 ET"
META,565.24,2024-12-20,480.00,-15.08%,7.1,472.9,19.53%,108,1318,41.76%,0.138362,83.70%,1.5%,9.4%,"14:16 ET"
META,565.24,2024-11-15,530.00,-6.23%,14,516,9.54%,111,1887,51.65%,0.288214,69.02%,2.7%,43.1%,"13:40 ET"
META,565.24,2024-11-15,555.00,-1.81%,23.6,531.4,6.37%,118,1155,50.92%,0.419582,55.69%,4.4%,70.5%,"14:00 ET"
META,565.24,2024-11-15,520.00,-8.00%,11.05,508.95,11.06%,118,3903,51.92%,0.24107,73.89%,2.2%,34.5%,"14:17 ET"
META,565.24,2024-11-15,510.00,-9.77%,8.65,501.35,12.74%,127,1384,52.33%,0.198615,78.32%,1.7%,27.4%,"13:33 ET"
META,565.24,2025-01-17,480.00,-15.08%,9.45,470.55,20.12%,128,1849,38.58%,0.158102,80.86%,2.0%,8.5%,"13:36 ET"
META,565.24,2025-01-17,460.00,-18.62%,6.5,453.5,24.64%,128,2347,39.51%,0.113886,85.86%,1.4%,6.1%,"14:17 ET"
META,565.24,2024-11-15,550.00,-2.70%,21.4,528.6,6.93%,129,2065,51.06%,0.392186,58.44%,4.0%,64.2%,"14:09 ET"
META,565.24,2024-11-01,520.00,-8.00%,7.85,512.15,10.37%,132,2392,70.03%,0.212634,77.60%,1.5%,62.2%,"14:18 ET"
META,565.24,2024-11-15,490.00,-13.31%,5.1,484.9,16.57%,133,1562,53.33%,0.12873,85.70%,1.1%,16.7%,"14:17 ET"
META,565.24,2024-11-01,530.00,-6.23%,10.55,519.45,8.82%,137,1028,69.96%,0.266154,72.11%,2.0%,82.4%,"14:18 ET"
META,565.24,2024-11-01,475.00,-15.96%,1.61,473.39,19.40%,139,1686,72.15%,0.057468,93.76%,0.3%,13.8%,"13:21 ET"
META,565.24,2025-01-17,500.00,-11.54%,13.55,486.45,16.20%,171,6213,37.71%,0.212823,74.86%,2.8%,11.8%,"14:18 ET"
META,565.24,2024-11-01,510.00,-9.77%,5.7,504.3,12.08%,183,745,70.40%,0.16615,82.39%,1.1%,45.8%,"14:17 ET"
META,565.24,2024-11-01,545.00,-3.58%,15.75,529.25,6.80%,190,2430,69.85%,0.355486,63.02%,3.0%,120.7%,"14:15 ET"
META,565.24,2024-11-01,525.00,-7.12%,9.1,515.9,9.56%,190,1487,70.04%,0.238795,74.91%,1.8%,71.5%,"14:18 ET"
META,565.24,2024-11-01,535.00,-5.35%,12.1,522.9,8.10%,206,757,69.84%,0.294715,69.19%,2.3%,93.8%,"14:00 ET"
META,565.24,2024-12-20,500.00,-11.54%,10.8,489.2,15.54%,248,2245,40.98%,0.196444,77.36%,2.2%,13.9%,"14:17 ET"
META,565.24,2024-11-01,485.00,-14.20%,2.36,482.64,17.11%,259,740,71.36%,0.079776,91.41%,0.5%,19.8%,"14:01 ET"
META,565.24,2024-11-15,500.00,-11.54%,6.65,493.35,14.57%,280,3927,52.61%,0.160392,82.35%,1.3%,21.4%,"14:15 ET"
META,565.24,2024-11-01,540.00,-4.47%,13.85,526.15,7.43%,282,2128,69.86%,0.324688,66.15%,2.6%,106.8%,"14:17 ET"
META,565.24,2024-11-15,540.00,-4.47%,17.4,522.6,8.16%,350,2130,51.31%,0.338785,63.86%,3.3%,52.8%,"14:15 ET"
META,565.24,2024-11-01,555.00,-1.81%,20,535,5.65%,382,1363,69.51%,0.418804,56.65%,3.7%,151.6%,"14:16 ET"
META,565.24,2024-11-01,500.00,-11.54%,4.05,495.95,13.97%,391,3524,70.49%,0.125614,86.61%,0.8%,33.1%,"14:16 ET"
META,565.24,2024-12-20,490.00,-13.31%,8.8,481.2,17.46%,633,1187,41.59%,0.166903,80.55%,1.8%,11.5%,"14:17 ET"
META,565.24,2024-11-15,535.00,-5.35%,15.65,519.35,8.84%,689,939,51.49%,0.313072,66.47%,3.0%,47.8%,"13:47 ET"
META,565.24,2024-12-20,520.00,-8.00%,15.9,504.1,12.13%,691,2472,40.15%,0.266895,69.89%,3.2%,19.8%,"14:16 ET"
META,565.24,2024-11-01,550.00,-2.70%,17.8,532.2,6.21%,1076,1623,69.85%,0.387003,59.84%,3.3%,135.6%,"14:18 ET"
MMM,126.62,2024-11-15,125.00,-1.28%,2.63,122.37,3.47%,1160,3947,27.65%,0.427432,57.36%,2.1%,34.1%,"14:16 ET"
MMM,126.62,2024-11-15,120.00,-5.23%,1.21,118.79,6.59%,304,1244,28.38%,0.225223,77.45%,1.0%,16.2%,"14:09 ET"
MO,49.87,2024-11-15,47.50,-4.75%,0.35,47.15,5.77%,111,1036,23.33%,0.20665,79.72%,0.7%,11.8%,"12:05 ET"
MO,49.87,2025-01-17,47.50,-4.75%,1.1,46.4,7.48%,167,4203,20.97%,0.319273,68.38%,2.4%,10.1%,"14:02 ET"
MO,49.87,2024-11-01,49.00,-1.74%,0.47,48.53,2.76%,185,759,26.74%,0.342699,66.25%,1.0%,39.3%,"14:13 ET"
MO,49.87,2025-01-17,40.00,-19.79%,0.13,39.87,25.08%,263,17340,28.38%,0.052323,94.53%,0.3%,1.4%,"14:03 ET"
MO,49.87,2025-01-17,45.00,-9.77%,0.51,44.49,12.09%,750,8169,22.17%,0.171281,83.01%,1.1%,4.9%,"13:59 ET"
MO,49.87,2025-01-17,42.50,-14.78%,0.23,42.27,17.98%,1974,7171,25.60%,0.097249,90.10%,0.5%,2.3%,"13:42 ET"
MRK,106.7,2024-12-20,100.00,-6.28%,1.97,98.03,8.84%,112,759,27.85%,0.260699,72.04%,2.0%,12.6%,"14:13 ET"
MRK,106.7,2024-11-15,100.00,-6.28%,1.12,98.88,7.91%,115,17484,33.68%,0.215217,77.84%,1.1%,18.0%,"14:18 ET"
MRK,106.7,2025-01-17,100.00,-6.28%,2.48,97.52,9.41%,151,5004,26.26%,0.279049,69.45%,2.5%,10.8%,"14:18 ET"
MRK,106.7,2025-01-17,105.00,-1.59%,4.25,100.75,5.91%,170,8145,25.15%,0.419322,55.23%,4.2%,17.9%,"14:03 ET"
MRK,106.7,2025-01-17,97.50,-8.62%,1.85,95.65,11.55%,215,958,26.72%,0.219511,75.66%,1.9%,8.2%,"14:11 ET"
MRNA,53.67,2024-11-15,40.00,-25.47%,0.43,39.57,35.63%,106,2037,91.03%,0.083309,90.09%,1.1%,17.2%,"14:04 ET"
MRNA,53.67,2024-12-20,50.00,-6.84%,4.25,45.75,17.31%,128,1718,72.92%,0.349446,59.63%,9.3%,58.5%,"13:48 ET"
MRNA,53.67,2024-11-15,45.00,-16.15%,1.36,43.64,22.98%,241,3981,88.77%,0.18846,78.54%,3.1%,49.5%,"14:15 ET"
MRVL,80.01,2024-11-15,60.00,-25.01%,0.08,59.92,33.53%,241,4398,58.98%,0.021664,97.40%,0.1%,2.1%,"13:14 ET"
MS,117.52,2024-11-15,115.00,-2.14%,2.21,112.79,4.19%,102,1122,28.07%,0.37366,62.08%,2.0%,31.1%,"14:16 ET"
MS,117.52,2024-11-15,110.00,-6.40%,0.87,109.13,7.69%,106,3112,29.44%,0.180694,81.46%,0.8%,12.7%,"14:16 ET"
MS,117.52,2024-12-20,115.00,-2.14%,3.4,111.6,5.30%,121,1228,24.76%,0.393301,58.69%,3.0%,19.2%,"14:12 ET"
MS,117.52,2025-01-17,92.50,-21.29%,0.54,91.96,27.79%,208,6719,34.06%,0.061438,92.62%,0.6%,2.5%,"14:04 ET"
MS,117.52,2024-12-20,110.00,-6.40%,1.85,108.15,8.66%,326,4290,26.14%,0.245082,73.72%,1.7%,10.8%,"14:18 ET"
MSFT,423.73,2024-11-08,395.00,-6.78%,3.2,391.8,8.15%,104,1699,37.12%,0.176873,81.68%,0.8%,18.6%,"13:51 ET"
MSFT,423.73,2024-11-08,400.00,-5.60%,4.15,395.85,7.04%,105,1059,36.53%,0.218763,77.44%,1.0%,23.9%,"14:17 ET"
MSFT,423.73,2024-12-20,380.00,-10.32%,4.25,375.75,12.77%,111,3002,29.61%,0.156473,82.20%,1.1%,7.1%,"14:14 ET"
MSFT,423.73,2024-11-15,380.00,-10.32%,2.02,377.98,12.10%,112,16280,36.06%,0.10674,88.56%,0.5%,8.5%,"14:14 ET"
MSFT,423.73,2024-11-15,395.00,-6.78%,4.05,390.95,8.38%,116,5151,34.16%,0.195946,79.36%,1.0%,16.4%,"14:12 ET"
MSFT,423.73,2024-11-15,390.00,-7.96%,3.2,386.8,9.55%,119,7012,34.72%,0.161016,82.94%,0.8%,13.1%,"14:11 ET"
MSFT,423.73,2024-12-20,405.00,-4.42%,9.8,395.2,7.22%,121,3939,27.62%,0.311813,65.93%,2.5%,15.6%,"13:51 ET"
MSFT,423.73,2025-01-17,375.00,-11.50%,4.9,370.1,14.49%,121,5114,27.97%,0.155734,81.59%,1.3%,5.6%,"13:57 ET"
MSFT,423.73,2024-11-01,417.50,-1.47%,8.1,409.4,3.50%,125,601,40.58%,0.40756,59.19%,2.0%,80.2%,"14:12 ET"
MSFT,423.73,2025-01-17,355.00,-16.22%,2.72,352.28,20.28%,132,1982,29.91%,0.090994,88.85%,0.8%,3.3%,"13:28 ET"
MSFT,423.73,2024-11-15,385.00,-9.14%,2.55,382.45,10.79%,139,5947,35.37%,0.131511,85.98%,0.7%,10.6%,"13:58 ET"
MSFT,423.73,2024-12-20,410.00,-3.24%,11.45,398.55,6.32%,143,5005,27.33%,0.351918,61.88%,2.9%,18.1%,"14:01 ET"
MSFT,423.73,2024-11-01,370.00,-12.68%,0.39,369.61,14.64%,147,1016,47.13%,0.032574,96.65%,0.1%,4.3%,"14:13 ET"
MSFT,423.73,2025-01-17,400.00,-5.60%,10.15,389.85,8.69%,150,13224,26.08%,0.287529,67.55%,2.6%,11.1%,"14:16 ET"
MSFT,423.73,2024-11-01,360.00,-15.04%,0.22,359.78,17.77%,172,2758,50.15%,0.0185,98.08%,0.1%,2.5%,"14:01 ET"
MSFT,423.73,2024-11-01,365.00,-13.86%,0.28,364.72,16.18%,181,510,48.19%,0.023556,97.57%,0.1%,3.1%,"14:07 ET"
MSFT,423.73,2024-11-15,410.00,-3.24%,7.85,402.15,5.37%,192,7016,32.74%,0.331871,65.57%,2.0%,31.0%,"14:09 ET"
MSFT,423.73,2025-01-17,350.00,-17.40%,2.35,347.65,21.88%,197,8270,30.40%,0.078954,90.24%,0.7%,2.9%,"14:17 ET"
MSFT,423.73,2024-11-01,385.00,-9.14%,1.07,383.93,10.37%,199,906,43.82%,0.080669,91.82%,0.3%,11.3%,"14:11 ET"
MSFT,423.73,2024-11-15,350.00,-17.40%,0.5,349.5,21.24%,208,1391,41.12%,0.028705,96.80%,0.1%,2.3%,"14:15 ET"
MSFT,423.73,2025-01-17,395.00,-6.78%,8.8,386.2,9.72%,212,4277,26.45%,0.256434,70.78%,2.3%,9.7%,"14:11 ET"
MSFT,423.73,2025-01-17,360.00,-15.04%,3.15,356.85,18.74%,223,3454,29.44%,0.104594,87.30%,0.9%,3.7%,"14:07 ET"
MSFT,423.73,2024-11-22,400.00,-5.60%,5.85,394.15,7.50%,235,1038,31.81%,0.248234,73.63%,1.5%,18.1%,"13:53 ET"
MSFT,423.73,2024-11-15,415.00,-2.06%,9.65,405.35,4.53%,252,5534,32.37%,0.386483,60.11%,2.4%,37.8%,"14:08 ET"
MSFT,423.73,2024-12-20,400.00,-5.60%,8.3,391.7,8.18%,266,14404,27.91%,0.274463,69.78%,2.1%,13.3%,"14:17 ET"
MSFT,423.73,2025-01-17,390.00,-7.96%,7.65,382.35,10.82%,278,8539,26.81%,0.227674,73.81%,2.0%,8.5%,"14:09 ET"
MSFT,423.73,2024-11-15,400.00,-5.60%,5.1,394.9,7.30%,279,10940,33.51%,0.235363,75.34%,1.3%,20.5%,"14:15 ET"
MSFT,423.73,2025-01-17,410.00,-3.24%,13.35,396.65,6.83%,295,10112,25.55%,0.3568,60.47%,3.4%,14.3%,"13:02 ET"
MSFT,423.73,2024-11-01,405.00,-4.42%,3.95,401.05,5.66%,330,2185,40.87%,0.23972,75.94%,1.0%,39.9%,"14:08 ET"
MSFT,423.73,2024-11-08,385.00,-9.14%,1.88,383.12,10.60%,351,616,38.47%,0.111909,88.30%,0.5%,11.2%,"13:58 ET"
MSFT,423.73,2024-12-20,390.00,-7.96%,5.95,384.05,10.33%,371,2530,28.69%,0.209138,76.59%,1.5%,9.7%,"14:17 ET"
MSFT,423.73,2024-11-15,405.00,-4.42%,6.35,398.65,6.29%,498,6065,33.00%,0.280776,70.74%,1.6%,25.3%,"14:15 ET"
MSFT,423.73,2024-11-01,400.00,-5.60%,2.9,397.1,6.71%,559,4415,41.60%,0.187708,81.12%,0.7%,29.6%,"14:16 ET"
MSFT,423.73,2024-11-01,415.00,-2.06%,7.1,407.9,3.88%,561,1617,40.72%,0.371686,62.76%,1.7%,70.6%,"14:12 ET"
MSFT,423.73,2025-01-17,380.00,-10.32%,5.7,374.3,13.21%,580,4695,27.57%,0.177495,79.22%,1.5%,6.5%,"14:15 ET"
MSFT,423.73,2024-11-01,410.00,-3.24%,5.35,404.65,4.72%,644,2257,40.82%,0.302846,69.63%,1.3%,53.6%,"14:17 ET"
MSFT,423.73,2024-11-01,395.00,-6.78%,2.09,392.91,7.84%,701,2840,42.19%,0.14348,85.54%,0.5%,21.6%,"14:11 ET"
MSFT,423.73,2024-11-01,390.00,-7.96%,1.5,388.5,9.07%,808,1991,42.98%,0.108324,89.05%,0.4%,15.7%,"14:17 ET"
MSTR,205.92,2024-11-01,180.00,-12.59%,3,177,16.34%,668,844,100.07%,0.171304,80.40%,1.7%,68.7%,"14:17 ET"
MSTR,205.92,2024-11-15,170.00,-17.44%,6.95,163.05,26.29%,902,5745,109.78%,0.198389,75.67%,4.3%,67.6%,"13:59 ET"
MSTR,205.92,2024-11-01,200.00,-2.87%,8.9,191.1,7.76%,1246,1193,94.21%,0.387541,57.82%,4.7%,188.9%,"14:17 ET"
MSTR,205.92,2024-11-01,185.00,-10.16%,4.05,180.95,13.80%,1745,938,97.93%,0.215332,75.70%,2.2%,90.8%,"14:17 ET"
MSTR,205.92,2024-11-01,120.00,-41.72%,0.15,119.85,71.81%,5022,627,160.41%,0.011345,98.40%,0.1%,5.1%,"13:51 ET"
MSTR,205.92,2024-11-01,110.00,-46.58%,0.12,109.88,87.40%,5092,3261,171.09%,0.006637,99.02%,0.1%,4.4%,"13:58 ET"
MSTR,205.92,2024-11-15,50.00,-75.72%,0.09,49.91,312.58%,103,2155,220.69%,0.002264,99.47%,0.2%,2.9%,"14:00 ET"
MSTR,205.92,2025-01-17,200.00,-2.87%,31.9,168.1,22.50%,112,1136,93.04%,0.377679,52.57%,19.0%,80.5%,"14:09 ET"
MSTR,205.92,2024-11-15,190.00,-7.73%,13.55,176.45,16.70%,126,3915,106.21%,0.32672,61.86%,7.7%,121.9%,"14:15 ET"
MSTR,205.92,2024-11-01,175.00,-15.02%,2.12,172.88,19.11%,126,976,101.17%,0.131836,84.71%,1.2%,49.7%,"14:11 ET"
MSTR,205.92,2024-11-15,185.00,-10.16%,11.55,173.45,18.72%,145,1092,106.83%,0.291989,65.52%,6.7%,105.7%,"14:16 ET"
MSTR,205.92,2024-11-15,152.00,-26.18%,3.65,148.35,38.81%,151,1211,115.02%,0.113234,85.35%,2.5%,39.0%,"12:37 ET"
MSTR,205.92,2024-11-01,160.00,-22.30%,1,159,29.51%,178,2973,112.23%,0.062679,92.39%,0.6%,25.5%,"14:16 ET"
MSTR,205.92,2024-11-15,165.00,-19.87%,5.8,159.2,29.35%,204,717,110.74%,0.171073,78.73%,3.6%,57.8%,"13:58 ET"
MSTR,205.92,2024-11-15,105.00,-49.01%,0.71,104.29,97.45%,204,2819,150.31%,0.023617,96.29%,0.7%,10.8%,"14:04 ET"
MSTR,205.92,2024-11-15,145.00,-29.58%,2.76,142.24,44.77%,228,916,117.91%,0.089083,88.20%,1.9%,30.8%,"14:08 ET"
MSTR,205.92,2024-11-15,155.00,-24.73%,4.05,150.95,36.42%,240,1578,113.51%,0.124423,84.06%,2.7%,42.6%,"14:08 ET"
MSTR,205.92,2024-11-01,170.00,-17.44%,1.67,168.33,22.33%,246,1889,102.88%,0.100025,88.23%,1.0%,40.2%,"14:17 ET"
MSTR,205.92,2024-11-15,150.00,-27.16%,3.35,146.65,40.42%,256,3296,115.23%,0.104981,86.33%,2.3%,36.3%,"13:45 ET"
MSTR,205.92,2024-11-15,175.00,-15.02%,8.3,166.7,23.53%,276,1196,108.34%,0.227128,72.52%,5.0%,79.0%,"14:12 ET"
MSTR,205.92,2024-12-20,180.00,-12.59%,17.7,162.3,26.88%,312,518,97.32%,0.287686,63.56%,10.9%,68.6%,"14:08 ET"
MSTR,205.92,2024-11-15,160.00,-22.30%,4.85,155.15,32.72%,330,3123,110.87%,0.144619,81.77%,3.1%,49.6%,"14:11 ET"
MSTR,205.92,2024-11-15,200.00,-2.87%,18,182,13.14%,333,5898,105.84%,0.398922,54.37%,9.9%,157.0%,"14:08 ET"
MSTR,205.92,2024-11-15,180.00,-12.59%,9.85,170.15,21.02%,374,2147,107.42%,0.258558,69.11%,5.8%,91.9%,"14:10 ET"
MSTR,205.92,2024-11-01,140.00,-32.01%,0.34,139.66,47.44%,390,2272,132.47%,0.02443,96.82%,0.2%,9.9%,"13:47 ET"
MSTR,205.92,2024-11-15,130.00,-36.87%,1.68,128.32,60.47%,401,1629,127.08%,0.053288,92.53%,1.3%,20.8%,"13:55 ET"
MSTR,205.92,2024-11-15,140.00,-32.01%,2.31,137.69,49.55%,445,1910,120.71%,0.075225,89.86%,1.7%,26.6%,"13:45 ET"
MSTR,205.92,2024-11-15,125.00,-39.30%,1.49,123.51,66.72%,513,1878,133.91%,0.047967,93.12%,1.2%,19.1%,"13:40 ET"
MSTR,205.92,2024-11-01,190.00,-7.73%,5.3,184.7,11.49%,535,664,96.43%,0.267062,70.24%,2.9%,116.4%,"14:18 ET"
MSTR,205.92,2025-01-17,25.00,-87.86%,0.14,24.86,728.32%,539,5413,184.92%,0.002469,99.06%,0.6%,2.4%,"10:09 ET"
MSTR,205.92,2024-11-01,150.00,-27.16%,0.6,149.4,37.83%,597,1777,122.47%,0.039584,95.03%,0.4%,16.3%,"14:06 ET"
MSTR,205.92,2024-11-15,178.00,-13.56%,9.2,168.8,21.99%,626,515,107.65%,0.24561,70.51%,5.5%,86.5%,"13:52 ET"
MSTX,39.46,2024-11-15,30.00,-23.97%,2.95,27.05,45.88%,102,599,195.73%,0.207661,71.15%,10.9%,173.1%,"14:15 ET"
MTCH,37.51,2024-11-01,36.00,-4.03%,0.22,35.78,4.84%,104,648,34.18%,0.219964,77.80%,0.6%,24.9%,"10:19 ET"
MTCH,37.51,2025-01-17,32.50,-13.36%,0.87,31.63,18.59%,460,1109,41.90%,0.199042,75.95%,2.8%,11.7%,"11:21 ET"
MTCH,37.51,2025-01-17,35.00,-6.69%,1.57,33.43,12.20%,552,3939,39.65%,0.310877,64.05%,4.7%,19.9%,"11:40 ET"
MU,103.85,2024-12-20,80.00,-22.97%,1.05,78.95,31.54%,122,5611,54.55%,0.092171,88.49%,1.3%,8.4%,"14:00 ET"
MU,103.85,2024-11-01,95.00,-8.52%,0.59,94.41,10.00%,126,556,52.43%,0.1344,86.04%,0.6%,25.3%,"14:17 ET"
MU,103.85,2024-11-01,90.00,-13.34%,0.22,89.78,15.67%,135,1368,57.65%,0.0536,94.31%,0.2%,9.9%,"14:13 ET"
MU,103.85,2024-12-20,97.50,-6.11%,5.15,92.35,12.45%,144,1802,50.71%,0.333632,62.25%,5.6%,35.1%,"13:59 ET"
MU,103.85,2024-12-20,95.00,-8.52%,4.25,90.75,14.44%,160,7680,51.11%,0.288877,66.90%,4.7%,29.5%,"14:04 ET"
MU,103.85,2024-11-15,80.00,-22.97%,0.19,79.81,30.12%,170,3572,58.44%,0.031935,96.23%,0.2%,3.8%,"14:14 ET"
MU,103.85,2024-11-01,102.00,-1.78%,2.35,99.65,4.21%,177,598,48.58%,0.399763,59.31%,2.4%,95.6%,"14:04 ET"
MU,103.85,2024-12-20,92.50,-10.93%,3.45,89.05,16.62%,207,2244,51.42%,0.246546,71.39%,3.9%,24.4%,"13:48 ET"
MU,103.85,2024-11-15,95.00,-8.52%,1.73,93.27,11.34%,225,24310,49.96%,0.219672,76.12%,1.9%,29.4%,"14:18 ET"
MU,103.85,2024-12-20,85.00,-18.15%,1.75,83.25,24.74%,243,10323,53.33%,0.142942,82.69%,2.1%,13.2%,"14:13 ET"
MU,103.85,2025-01-17,97.50,-6.11%,6.3,91.2,13.87%,269,4980,49.12%,0.341225,60.44%,6.9%,29.3%,"14:12 ET"
MU,103.85,2024-12-20,87.50,-15.74%,2.23,85.27,21.79%,331,2937,52.56%,0.173328,79.32%,2.6%,16.5%,"14:13 ET"
MU,103.85,2024-11-15,90.00,-13.34%,0.83,89.17,16.46%,333,12064,51.49%,0.120417,86.59%,0.9%,14.8%,"14:11 ET"
MU,103.85,2025-01-17,92.50,-10.93%,4.45,88.05,17.94%,389,4904,49.30%,0.264286,68.57%,5.1%,21.4%,"13:37 ET"
MU,103.85,2025-01-17,85.00,-18.15%,2.47,82.53,25.83%,408,11004,50.41%,0.166221,79.35%,3.0%,12.7%,"13:36 ET"
MU,103.85,2024-11-15,85.00,-18.15%,0.4,84.6,22.75%,418,8142,55.24%,0.064904,92.57%,0.5%,7.5%,"14:16 ET"
MU,103.85,2025-01-17,95.00,-8.52%,5.35,89.65,15.84%,448,6169,49.05%,0.301728,64.58%,6.0%,25.3%,"14:15 ET"
MU,103.85,2025-01-17,87.50,-15.74%,3,84.5,22.90%,556,3511,49.57%,0.194703,76.17%,3.6%,15.1%,"13:55 ET"
MU,103.85,2025-01-17,90.00,-13.34%,3.7,86.3,20.34%,563,9559,49.69%,0.229128,72.36%,4.3%,18.2%,"14:15 ET"
MU,103.85,2024-11-01,97.00,-6.60%,0.89,96.11,8.05%,595,713,51.18%,0.19176,80.21%,0.9%,37.6%,"14:08 ET"
MU,103.85,2024-12-20,90.00,-13.34%,2.81,87.19,19.11%,659,8683,52.31%,0.209239,75.38%,3.2%,20.3%,"14:13 ET"
MU,103.85,2024-11-15,100.00,-3.71%,3.2,96.8,7.28%,733,9011,48.52%,0.35562,62.18%,3.3%,52.5%,"14:17 ET"
MU,103.85,2024-11-01,100.00,-3.71%,1.63,98.37,5.57%,1360,836,49.61%,0.306754,68.62%,1.7%,67.2%,"14:16 ET"
MU,103.85,2024-12-20,100.00,-3.71%,6.2,93.8,10.71%,1929,8291,50.65%,0.380562,57.42%,6.6%,41.6%,"14:11 ET"
NBR,70.79,2024-11-15,55.00,-22.31%,0.5,54.5,29.89%,172,1394,76.42%,0.089422,90.59%,0.9%,14.6%,"13:56 ET"
NBR,70.79,2024-11-15,70.00,-1.12%,4.6,65.4,8.24%,215,2172,68.60%,0.470646,52.60%,7.0%,111.6%,"13:56 ET"
NCLH,23.36,2024-11-15,22.00,-5.82%,0.74,21.26,9.88%,119,516,57.80%,0.317236,66.03%,3.5%,55.2%,"14:16 ET"
NCLH,23.36,2024-12-20,22.00,-5.82%,1.16,20.84,12.09%,220,969,49.98%,0.340363,61.83%,5.6%,35.0%,"13:33 ET"
NEE,84.26,2024-12-20,82.50,-2.09%,3.05,79.45,6.05%,103,1600,30.23%,0.395837,56.95%,3.8%,24.2%,"14:04 ET"
NEE,84.26,2024-12-20,77.50,-8.02%,1.48,76.02,10.84%,106,2470,32.16%,0.227898,74.29%,1.9%,12.3%,"13:34 ET"
NEE,84.26,2024-12-20,72.50,-13.96%,0.66,71.84,17.29%,126,15742,35.18%,0.121071,85.81%,0.9%,5.8%,"11:41 ET"
NEE,84.26,2025-01-17,72.50,-13.96%,0.92,71.58,17.71%,205,2923,32.36%,0.14186,83.07%,1.3%,5.5%,"11:01 ET"
NEE,84.26,2025-01-17,75.00,-10.99%,1.37,73.63,14.44%,307,10312,30.98%,0.187603,78.06%,1.9%,7.9%,"14:18 ET"
NEE,84.26,2024-11-01,82.00,-2.68%,0.53,81.47,3.42%,1021,1018,27.63%,0.254362,73.46%,0.7%,26.4%,"13:16 ET"
NEE,84.26,2024-11-15,80.00,-5.06%,1.19,78.81,6.92%,10084,3475,35.12%,0.258313,72.19%,1.5%,24.0%,"14:14 ET"
NEM,57.9,2024-11-01,53.00,-8.46%,0.23,52.77,9.72%,1005,5184,48.51%,0.116762,87.71%,0.4%,17.7%,"14:16 ET"
NEM,57.9,2024-12-20,47.50,-17.96%,0.28,47.22,22.62%,1063,18807,37.19%,0.075869,90.91%,0.6%,3.7%,"13:35 ET"
NEM,57.9,2024-12-20,55.00,-5.01%,1.73,53.27,8.69%,1572,706,33.95%,0.319074,64.79%,3.2%,20.4%,"13:44 ET"
NEM,57.9,2024-11-15,52.50,-9.33%,0.44,52.06,11.22%,139,3845,39.19%,0.146883,84.02%,0.8%,13.4%,"13:37 ET"
NEM,57.9,2025-01-17,45.00,-22.28%,0.29,44.71,29.50%,161,7570,36.48%,0.061134,92.27%,0.6%,2.8%,"14:17 ET"
NEM,57.9,2024-11-15,55.00,-5.01%,0.97,54.03,7.16%,280,3628,37.77%,0.276188,70.61%,1.8%,28.5%,"14:07 ET"
NEM,57.9,2025-01-17,42.50,-26.60%,0.18,42.32,36.81%,433,5958,38.77%,0.038437,94.98%,0.4%,1.8%,"13:55 ET"
NFLX,746.36,2025-01-17,700.00,-6.21%,19.1,680.9,9.61%,114,1516,28.93%,0.279019,67.60%,2.8%,11.9%,"14:09 ET"
NFLX,746.36,2024-11-15,590.00,-20.95%,0.17,589.83,26.54%,118,597,41.64%,0.010225,98.77%,0.0%,0.5%,"13:58 ET"
NFLX,746.36,2024-11-15,710.00,-4.87%,7,703,6.17%,131,614,28.40%,0.224136,75.82%,1.0%,15.8%,"14:11 ET"
NFLX,746.36,2024-12-20,700.00,-6.21%,12.05,687.95,8.49%,151,830,27.17%,0.242845,72.31%,1.8%,11.0%,"14:11 ET"
NFLX,746.36,2025-01-17,450.00,-39.71%,0.43,449.57,66.02%,215,2053,47.59%,0.009443,98.57%,0.1%,0.4%,"13:20 ET"
NFLX,746.36,2024-11-01,700.00,-6.21%,1.33,698.67,6.83%,245,653,30.03%,0.083154,91.31%,0.2%,7.7%,"14:17 ET"
NFLX,746.36,2024-11-15,720.00,-3.53%,9.3,710.7,5.02%,265,700,27.73%,0.283301,69.73%,1.3%,20.8%,"14:11 ET"
NFLX,746.36,2024-11-15,730.00,-2.19%,12.35,717.65,4.00%,344,667,27.18%,0.352182,62.73%,1.7%,27.3%,"14:03 ET"
NFLX,746.36,2024-11-15,700.00,-6.21%,5.2,694.8,7.42%,347,1707,29.00%,0.173676,81.08%,0.7%,11.9%,"14:17 ET"
NFLX,746.36,2024-11-01,730.00,-2.19%,5.85,724.15,3.07%,375,507,27.21%,0.294979,69.80%,0.8%,32.8%,"14:17 ET"
NGG,66.24,2024-12-20,65.00,-1.87%,2.1,62.9,5.31%,112,1232,21.97%,0.457038,58.54%,3.3%,21.0%,"12:50 ET"
NKE,80.11,2024-11-15,75.00,-6.38%,0.57,74.43,7.63%,102,9143,28.96%,0.179811,81.77%,0.8%,12.2%,"14:09 ET"
NKE,80.11,2024-11-15,67.50,-15.74%,0.07,67.43,18.80%,218,4717,36.13%,0.027898,97.05%,0.1%,1.6%,"13:44 ET"
NKE,80.11,2024-12-20,70.00,-12.62%,0.83,69.17,15.82%,255,8931,33.97%,0.142211,84.04%,1.2%,7.6%,"13:59 ET"
NKE,80.11,2025-01-17,70.00,-12.62%,1.24,68.76,16.51%,260,11017,32.74%,0.171648,80.20%,1.8%,7.7%,"14:04 ET"
NKE,80.11,2024-12-20,75.00,-6.38%,1.86,73.14,9.53%,273,14278,31.86%,0.27832,69.81%,2.5%,16.0%,"14:15 ET"
NKE,80.11,2024-11-01,79.00,-1.39%,0.78,78.22,2.42%,590,2355,23.80%,0.378269,64.55%,1.0%,40.4%,"14:09 ET"
NKE,80.11,2024-11-08,78.00,-2.63%,1.04,76.96,4.09%,737,581,28.17%,0.330348,67.46%,1.4%,30.8%,"14:07 ET"
NOW,904.41,2025-01-17,800.00,-11.54%,21.7,778.3,16.20%,102,1415,37.79%,0.212894,74.82%,2.8%,11.8%,"14:01 ET"
NVDA,137.86,2024-11-15,106.00,-23.11%,0.47,105.53,30.64%,100,7619,66.16%,0.04711,94.32%,0.4%,7.1%,"13:09 ET"
NVDA,137.86,2024-11-15,94.00,-31.81%,0.21,93.79,46.99%,101,5864,78.12%,0.019815,97.46%,0.2%,3.6%,"13:48 ET"
NVDA,137.86,2024-12-20,122.00,-11.50%,5.3,116.7,18.13%,102,4590,57.38%,0.251062,70.34%,4.5%,28.6%,"14:16 ET"
NVDA,137.86,2024-11-29,95.00,-31.09%,0.57,94.43,45.99%,105,5473,72.84%,0.041367,94.58%,0.6%,6.0%,"14:03 ET"
NVDA,137.86,2025-01-17,65.00,-52.85%,0.29,64.71,113.04%,108,24227,77.99%,0.013912,97.65%,0.4%,1.9%,"13:15 ET"
NVDA,137.86,2024-12-20,97.50,-29.28%,1.17,96.33,43.11%,109,21523,64.75%,0.067732,91.02%,1.2%,7.6%,"14:02 ET"
NVDA,137.86,2024-11-22,112.00,-18.76%,1.73,110.27,25.02%,109,646,68.20%,0.12071,85.60%,1.6%,19.1%,"13:12 ET"
NVDA,137.86,2024-11-01,114.00,-17.31%,0.22,113.78,21.16%,109,2118,69.07%,0.035674,96.01%,0.2%,7.8%,"14:12 ET"
NVDA,137.86,2024-11-22,117.00,-15.13%,2.53,114.47,20.43%,111,2246,66.55%,0.166914,80.51%,2.2%,26.9%,"13:40 ET"
NVDA,137.86,2024-12-20,129.00,-6.43%,7.75,121.25,13.70%,112,2914,56.66%,0.334316,61.57%,6.4%,40.2%,"14:12 ET"
NVDA,137.86,2024-11-22,95.00,-31.09%,0.47,94.53,45.84%,113,1848,77.25%,0.035757,95.36%,0.5%,6.0%,"14:09 ET"
NVDA,137.86,2024-12-20,80.50,-41.61%,0.44,80.06,72.20%,114,929,75.82%,0.025587,96.25%,0.5%,3.5%,"10:40 ET"
NVDA,137.86,2024-12-20,127.00,-7.88%,7,120,14.88%,115,4861,56.83%,0.309541,64.14%,5.8%,36.7%,"14:17 ET"
NVDA,137.86,2024-12-20,116.00,-15.86%,3.75,112.25,22.82%,115,3826,58.72%,0.190125,76.96%,3.3%,21.0%,"13:54 ET"
NVDA,137.86,2024-11-22,134.00,-2.80%,7.8,126.2,9.24%,115,697,63.14%,0.398542,56.23%,6.2%,75.2%,"14:17 ET"
NVDA,137.86,2024-11-08,104.00,-24.56%,0.25,103.75,32.88%,116,533,74.03%,0.028776,96.55%,0.2%,5.5%,"13:22 ET"
NVDA,137.86,2024-11-22,127.00,-7.88%,5.1,121.9,13.09%,118,979,64.42%,0.292107,67.16%,4.2%,50.9%,"13:56 ET"
NVDA,137.86,2024-11-22,122.00,-11.50%,3.6,118.4,16.44%,119,1650,65.18%,0.224086,74.34%,3.0%,37.0%,"14:09 ET"
NVDA,137.86,2025-01-17,136.00,-1.35%,12.45,123.55,11.58%,126,4499,53.03%,0.417796,52.10%,10.1%,42.8%,"14:17 ET"
NVDA,137.86,2024-12-20,126.00,-8.60%,6.6,119.4,15.46%,128,4420,57.01%,0.297619,65.39%,5.5%,34.8%,"14:18 ET"
NVDA,137.86,2024-11-08,118.00,-14.41%,0.87,117.13,17.70%,130,3220,61.18%,0.099884,88.77%,0.7%,16.9%,"14:08 ET"
NVDA,137.86,2024-12-20,84.00,-39.07%,0.53,83.47,65.16%,131,8444,73.11%,0.031067,95.54%,0.6%,4.0%,"10:40 ET"
NVDA,137.86,2025-01-17,79.00,-42.70%,0.61,78.39,75.86%,132,9919,68.48%,0.030825,95.30%,0.8%,3.3%,"14:15 ET"
NVDA,137.86,2024-12-20,112.00,-18.76%,2.93,109.07,26.40%,133,6146,59.56%,0.154701,80.92%,2.7%,16.9%,"14:05 ET"
NVDA,137.86,2024-11-29,128.00,-7.15%,5.8,122.2,12.82%,137,712,60.43%,0.31002,65.01%,4.7%,46.8%,"14:12 ET"
NVDA,137.86,2024-12-20,111.00,-19.48%,2.76,108.24,27.37%,139,5777,59.85%,0.146759,81.82%,2.5%,16.0%,"14:14 ET"
NVDA,137.86,2024-11-22,119.00,-13.68%,2.93,116.07,18.77%,141,537,66.01%,0.188576,78.15%,2.5%,30.7%,"13:27 ET"
NVDA,137.86,2025-01-17,116.00,-15.86%,4.95,111.05,24.14%,141,3191,55.21%,0.209116,74.03%,4.5%,18.9%,"13:00 ET"
NVDA,137.86,2024-11-22,116.00,-15.86%,2.34,113.66,21.29%,144,1962,66.84%,0.156723,81.62%,2.1%,25.0%,"14:16 ET"
NVDA,137.86,2024-11-15,113.00,-18.03%,0.82,112.18,22.89%,144,8782,60.47%,0.081553,90.49%,0.7%,11.6%,"14:07 ET"
NVDA,137.86,2025-01-17,85.00,-38.34%,0.84,84.16,63.81%,145,24023,64.84%,0.042449,93.78%,1.0%,4.2%,"13:28 ET"
NVDA,137.86,2025-01-17,77.00,-44.15%,0.55,76.45,80.33%,147,12485,69.56%,0.027359,95.77%,0.7%,3.1%,"14:16 ET"
NVDA,137.86,2024-11-08,121.00,-12.23%,1.19,119.81,15.07%,149,566,59.31%,0.132151,85.33%,1.0%,22.7%,"14:06 ET"
NVDA,137.86,2024-11-01,112.00,-18.76%,0.18,111.82,23.29%,151,1521,72.44%,0.030059,96.61%,0.2%,6.5%,"14:01 ET"
NVDA,137.86,2024-12-20,70.00,-49.22%,0.25,69.75,97.65%,152,32719,84.20%,0.013753,97.83%,0.4%,2.3%,"14:00 ET"
NVDA,137.86,2025-01-17,88.00,-36.17%,0.99,87.01,58.44%,153,13227,63.18%,0.049813,92.84%,1.1%,4.8%,"13:40 ET"
NVDA,137.86,2024-11-08,124.00,-10.05%,1.63,122.37,12.66%,159,2503,57.73%,0.173447,80.97%,1.3%,30.4%,"14:18 ET"
NVDA,137.86,2024-12-20,134.00,-2.80%,9.9,124.1,11.09%,160,3342,56.18%,0.397865,55.05%,8.0%,50.2%,"13:57 ET"
NVDA,137.86,2024-11-08,100.00,-27.46%,0.19,99.81,38.12%,169,1571,79.63%,0.022105,97.29%,0.2%,4.3%,"14:15 ET"
NVDA,137.86,2024-12-20,84.50,-38.71%,0.55,83.95,64.22%,170,1259,72.75%,0.031966,95.43%,0.7%,4.1%,"12:30 ET"
NVDA,137.86,2025-01-17,129.00,-6.43%,9.3,119.7,15.17%,170,3868,53.61%,0.339281,60.07%,7.8%,33.0%,"14:12 ET"
NVDA,137.86,2025-01-17,118.00,-14.41%,5.45,112.55,22.49%,171,14586,54.57%,0.226306,72.15%,4.8%,20.6%,"14:00 ET"
NVDA,137.86,2025-01-17,121.00,-12.23%,6.4,114.6,20.30%,178,5500,54.54%,0.256059,68.89%,5.6%,23.7%,"14:12 ET"
NVDA,137.86,2024-11-15,112.00,-18.76%,0.75,111.25,23.92%,180,9467,61.01%,0.074699,91.25%,0.7%,10.7%,"14:14 ET"
NVDA,137.86,2024-11-15,119.00,-13.68%,1.4,117.6,17.23%,183,5045,57.06%,0.133995,84.78%,1.2%,18.9%,"14:18 ET"
NVDA,137.86,2024-11-08,123.00,-10.78%,1.47,121.53,13.44%,185,1387,58.26%,0.158713,82.51%,1.2%,27.6%,"14:13 ET"
NVDA,137.86,2025-01-17,126.00,-8.60%,8.1,117.9,16.93%,186,2901,53.93%,0.307043,63.44%,6.9%,29.2%,"14:12 ET"
NVDA,137.86,2024-11-29,115.00,-16.58%,2.44,112.56,22.48%,190,1428,63.30%,0.155026,81.58%,2.2%,21.4%,"14:02 ET"
NVDA,137.86,2024-12-20,80.00,-41.97%,0.43,79.57,73.26%,191,44750,76.27%,0.024947,96.33%,0.5%,3.4%,"14:14 ET"
NVDA,137.86,2024-12-20,68.00,-50.67%,0.23,67.77,103.42%,198,6059,86.87%,0.012856,97.94%,0.3%,2.1%,"13:22 ET"
NVDA,137.86,2025-01-17,119.00,-13.68%,5.75,113.25,21.73%,198,2726,54.73%,0.23648,71.01%,5.1%,21.5%,"13:55 ET"
NVDA,137.86,2024-11-15,108.00,-21.66%,0.54,107.46,28.29%,199,6538,64.22%,0.054445,93.50%,0.5%,8.0%,"14:06 ET"
NVDA,137.86,2025-01-17,117.00,-15.13%,5.2,111.8,23.31%,202,9477,54.95%,0.217764,73.08%,4.7%,19.7%,"14:18 ET"
NVDA,137.86,2025-01-17,66.50,-51.76%,0.31,66.19,108.28%,203,2009,77.06%,0.015362,97.43%,0.5%,2.0%,"12:36 ET"
NVDA,137.86,2024-11-08,126.00,-8.60%,2.01,123.99,11.19%,211,1228,56.87%,0.206545,77.50%,1.6%,37.0%,"14:16 ET"
NVDA,137.86,2024-11-08,81.00,-41.24%,0.06,80.94,70.32%,213,1030,105.21%,0.005766,99.21%,0.1%,1.7%,"13:20 ET"
NVDA,137.86,2025-01-17,113.00,-18.03%,4.2,108.8,26.71%,218,4736,55.63%,0.183254,76.93%,3.9%,16.4%,"14:05 ET"
NVDA,137.86,2024-11-15,131.00,-4.98%,4.1,126.9,8.64%,225,743,53.00%,0.323366,64.94%,3.2%,51.3%,"14:17 ET"
NVDA,137.86,2024-11-15,116.00,-15.86%,1.06,114.94,19.94%,232,6904,58.33%,0.103608,88.08%,0.9%,14.6%,"14:16 ET"
NVDA,137.86,2024-11-15,114.00,-17.31%,0.89,113.11,21.88%,233,7587,59.62%,0.087959,89.79%,0.8%,12.5%,"14:15 ET"
NVDA,137.86,2025-01-17,103.00,-25.29%,2.39,100.61,37.02%,238,4547,57.82%,0.113061,85.05%,2.4%,10.1%,"13:37 ET"
NVDA,137.86,2024-11-22,126.00,-8.60%,4.75,121.25,13.70%,239,2033,64.41%,0.277534,68.69%,3.9%,47.7%,"13:48 ET"
NVDA,137.86,2024-11-22,118.00,-14.41%,2.72,115.28,19.59%,241,2201,66.17%,0.177208,79.39%,2.4%,28.7%,"14:12 ET"
NVDA,137.86,2024-11-15,90.00,-34.72%,0.17,89.83,53.47%,243,30840,83.75%,0.016182,97.87%,0.2%,3.0%,"14:00 ET"
NVDA,137.86,2024-11-01,116.00,-15.86%,0.27,115.73,19.12%,243,1782,66.40%,0.044137,95.11%,0.2%,9.5%,"14:14 ET"
NVDA,137.86,2025-01-17,114.00,-17.31%,4.45,109.55,25.84%,245,5592,55.54%,0.191813,75.96%,4.1%,17.2%,"13:55 ET"
NVDA,137.86,2024-11-22,131.00,-4.98%,6.55,124.45,10.78%,251,835,63.69%,0.351631,61.01%,5.3%,64.0%,"14:17 ET"
NVDA,137.86,2025-01-17,81.00,-41.24%,0.68,80.32,71.64%,256,9524,67.18%,0.034236,94.85%,0.8%,3.6%,"13:51 ET"
NVDA,137.86,2024-11-22,124.00,-10.05%,4.15,119.85,15.03%,261,1255,64.82%,0.250185,71.57%,3.5%,42.1%,"14:08 ET"
NVDA,137.86,2025-01-17,127.00,-7.88%,8.5,118.5,16.34%,261,4610,53.78%,0.317586,62.34%,7.2%,30.4%,"14:15 ET"
NVDA,137.86,2024-11-08,117.00,-15.13%,0.79,116.21,18.63%,265,2535,61.87%,0.09093,89.73%,0.7%,15.5%,"14:13 ET"
NVDA,137.86,2025-01-17,124.00,-10.05%,7.4,116.6,18.23%,267,6765,54.16%,0.286186,65.65%,6.3%,26.9%,"11:48 ET"
NVDA,137.86,2024-12-20,132.00,-4.25%,9,123,12.08%,273,5776,56.24%,0.372089,57.68%,7.3%,46.0%,"14:14 ET"
NVDA,137.86,2024-12-20,90.00,-34.72%,0.74,89.26,54.45%,273,31268,68.93%,0.043633,93.97%,0.8%,5.2%,"14:16 ET"
NVDA,137.86,2024-11-29,110.00,-20.21%,1.69,108.31,27.28%,282,874,64.79%,0.112718,86.31%,1.6%,15.4%,"14:14 ET"
NVDA,137.86,2025-01-17,128.00,-7.15%,8.9,119.1,15.75%,286,8680,53.73%,0.328382,61.20%,7.5%,31.7%,"13:54 ET"
NVDA,137.86,2024-11-08,134.00,-2.80%,4.35,129.65,6.33%,295,1579,54.37%,0.378749,59.85%,3.4%,76.5%,"14:05 ET"
NVDA,137.86,2024-12-20,136.00,-1.35%,10.85,125.15,10.16%,296,4242,55.98%,0.423935,52.43%,8.7%,54.6%,"14:15 ET"
NVDA,137.86,2024-11-15,98.00,-28.91%,0.27,97.73,41.06%,297,5105,74.28%,0.026761,96.64%,0.3%,4.4%,"14:18 ET"
NVDA,137.86,2024-12-20,108.00,-21.66%,2.28,105.72,30.40%,299,7925,60.68%,0.124484,84.35%,2.2%,13.6%,"14:14 ET"
NVDA,137.86,2024-11-08,86.00,-37.62%,0.08,85.92,60.45%,305,1461,97.86%,0.008023,98.94%,0.1%,2.1%,"13:38 ET"
NVDA,137.86,2025-01-17,93.00,-32.54%,1.32,91.68,50.37%,318,6550,61.09%,0.066001,90.78%,1.4%,6.1%,"14:12 ET"
NVDA,137.86,2024-11-08,128.00,-7.15%,2.47,125.53,9.82%,329,2139,56.15%,0.244025,73.61%,2.0%,44.9%,"14:13 ET"
NVDA,137.86,2024-11-15,105.00,-23.84%,0.43,104.57,31.84%,330,21963,67.02%,0.04359,94.72%,0.4%,6.5%,"14:14 ET"
NVDA,137.86,2024-11-29,120.00,-12.96%,3.45,116.55,18.28%,331,2863,62.03%,0.207292,75.88%,3.0%,29.2%,"14:17 ET"
NVDA,137.86,2024-11-15,117.00,-15.13%,1.16,115.84,19.01%,333,10778,57.90%,0.113061,87.05%,1.0%,15.9%,"14:16 ET"
NVDA,137.86,2024-11-08,122.00,-11.50%,1.32,120.68,14.24%,336,1855,58.57%,0.144206,84.05%,1.1%,25.0%,"14:14 ET"
NVDA,137.86,2024-11-01,121.00,-12.23%,0.48,120.52,14.39%,341,1379,60.49%,0.078242,91.52%,0.4%,16.2%,"14:14 ET"
NVDA,137.86,2024-11-01,119.00,-13.68%,0.38,118.62,16.22%,351,2564,62.82%,0.062136,93.21%,0.3%,13.0%,"14:17 ET"
NVDA,137.86,2024-11-15,95.00,-31.09%,0.23,94.77,45.47%,352,42326,77.95%,0.022338,97.15%,0.2%,3.9%,"14:09 ET"
NVDA,137.86,2024-11-08,136.00,-1.35%,5.2,130.8,5.40%,353,742,53.97%,0.429077,54.78%,4.0%,90.7%,"14:16 ET"
NVDA,137.86,2024-11-15,121.00,-12.23%,1.69,119.31,15.55%,360,4703,55.99%,0.156876,82.33%,1.4%,22.5%,"14:17 ET"
NVDA,137.86,2024-11-29,125.00,-9.33%,4.8,120.2,14.69%,379,1874,60.91%,0.268848,69.32%,4.0%,39.4%,"13:53 ET"
NVDA,137.86,2024-11-08,84.00,-39.07%,0.07,83.93,64.26%,383,3524,100.54%,0.006928,99.07%,0.1%,1.9%,"13:20 ET"
NVDA,137.86,2025-01-17,135.00,-2.07%,12,123,12.08%,386,5712,53.07%,0.406219,53.24%,9.8%,41.4%,"14:14 ET"
NVDA,137.86,2024-11-01,117.00,-15.13%,0.3,116.7,18.13%,391,4427,65.09%,0.049194,94.58%,0.3%,10.4%,"14:06 ET"
NVDA,137.86,2025-01-17,134.00,-2.80%,11.5,122.5,12.54%,395,4202,53.25%,0.394863,54.37%,9.4%,39.8%,"14:08 ET"
NVDA,137.86,2024-11-01,98.00,-28.91%,0.06,97.94,40.76%,400,3176,93.81%,0.008475,98.97%,0.1%,2.5%,"13:40 ET"
NVDA,137.86,2024-11-08,129.00,-6.43%,2.73,126.27,9.18%,435,1178,56.01%,0.26489,71.45%,2.2%,49.3%,"14:18 ET"
NVDA,137.86,2024-11-01,101.00,-26.74%,0.07,100.93,36.59%,437,1345,89.76%,0.011447,98.64%,0.1%,2.8%,"14:03 ET"
NVDA,137.86,2024-12-20,105.00,-23.84%,1.88,103.12,33.69%,448,36116,61.55%,0.104728,86.64%,1.8%,11.5%,"14:14 ET"
NVDA,137.86,2024-11-22,121.00,-12.23%,3.35,117.65,17.18%,448,1169,65.41%,0.211707,75.67%,2.8%,34.6%,"13:55 ET"
NVDA,137.86,2024-11-08,131.00,-4.98%,3.3,127.7,7.96%,448,1626,55.12%,0.307502,67.09%,2.6%,59.0%,"14:16 ET"
NVDA,137.86,2025-01-17,125.00,-9.33%,7.75,117.25,17.58%,450,23372,54.02%,0.296478,64.56%,6.6%,28.1%,"14:13 ET"
NVDA,137.86,2024-11-29,135.00,-2.07%,8.65,126.35,9.11%,455,3133,59.50%,0.413808,54.41%,6.8%,67.5%,"14:08 ET"
NVDA,137.86,2024-11-01,106.00,-23.11%,0.1,105.9,30.18%,457,1599,81.02%,0.016741,98.06%,0.1%,3.8%,"14:02 ET"
NVDA,137.86,2024-11-08,127.00,-7.88%,2.23,124.77,10.49%,460,2021,56.56%,0.224968,75.58%,1.8%,40.8%,"14:16 ET"
NVDA,137.86,2025-01-17,109.00,-20.93%,3.35,105.65,30.49%,483,9039,56.32%,0.152076,80.49%,3.2%,13.5%,"13:54 ET"
NVDA,137.86,2024-11-15,118.00,-14.41%,1.27,116.73,18.10%,485,12036,57.20%,0.122162,86.07%,1.1%,17.3%,"14:15 ET"
NVDA,137.86,2024-11-15,123.00,-10.78%,2.03,120.97,13.96%,494,7065,55.20%,0.183697,79.48%,1.7%,26.6%,"14:16 ET"
NVDA,137.86,2024-11-08,115.00,-16.58%,0.65,114.35,20.56%,508,3894,63.33%,0.075297,91.43%,0.6%,13.0%,"14:14 ET"
NVDA,137.86,2024-12-20,119.00,-13.68%,4.45,114.55,20.35%,527,4126,58.08%,0.219542,73.74%,3.9%,24.4%,"14:05 ET"
NVDA,137.86,2024-11-22,100.00,-27.46%,0.69,99.31,38.82%,527,2190,74.09%,0.051715,93.47%,0.7%,8.5%,"14:14 ET"
NVDA,137.86,2024-12-20,85.00,-38.34%,0.56,84.44,63.26%,541,20023,72.26%,0.032678,95.34%,0.7%,4.2%,"13:14 ET"
NVDA,137.86,2024-12-20,66.00,-52.13%,0.2,65.8,109.51%,547,3324,87.77%,0.010817,98.24%,0.3%,1.9%,"11:16 ET"
NVDA,137.86,2025-01-17,80.00,-41.97%,0.64,79.36,73.71%,551,71941,67.69%,0.032263,95.12%,0.8%,3.4%,"13:26 ET"
NVDA,137.86,2024-11-08,133.00,-3.53%,4,129,6.87%,558,1467,54.68%,0.354426,62.30%,3.1%,70.7%,"14:16 ET"
NVDA,137.86,2024-11-15,122.00,-11.50%,1.85,120.15,14.74%,568,6335,55.58%,0.169874,80.95%,1.5%,24.4%,"14:04 ET"
NVDA,137.86,2025-01-17,97.00,-29.64%,1.67,95.33,44.61%,572,8955,59.58%,0.08209,88.79%,1.8%,7.4%,"13:43 ET"
NVDA,137.86,2024-11-22,133.00,-3.53%,7.35,125.65,9.72%,595,1070,63.20%,0.38265,57.85%,5.8%,71.2%,"14:14 ET"
NVDA,137.86,2025-01-17,90.00,-34.72%,1.11,88.89,55.09%,598,33630,62.26%,0.055668,92.09%,1.2%,5.3%,"14:05 ET"
NVDA,137.86,2024-12-20,114.00,-17.31%,3.3,110.7,24.53%,604,7060,58.99%,0.171406,79.05%,3.0%,18.8%,"14:16 ET"
NVDA,137.86,2024-11-08,96.00,-30.36%,0.15,95.85,43.83%,608,790,84.41%,0.016223,97.97%,0.2%,3.6%,"14:03 ET"
NVDA,137.86,2024-11-22,135.00,-2.07%,8.25,126.75,8.77%,615,4146,62.64%,0.414457,54.65%,6.5%,79.2%,"14:14 ET"
NVDA,137.86,2025-01-17,105.00,-23.84%,2.68,102.32,34.73%,626,31024,57.27%,0.125049,83.63%,2.6%,11.1%,"14:08 ET"
NVDA,137.86,2024-12-20,135.00,-2.07%,10.35,124.65,10.60%,627,19942,55.87%,0.4109,53.75%,8.3%,52.3%,"14:15 ET"
NVDA,137.86,2024-11-22,129.00,-6.43%,5.8,123.2,11.90%,628,823,64.09%,0.32145,64.11%,4.7%,57.3%,"14:08 ET"
NVDA,137.86,2024-11-08,132.00,-4.25%,3.65,128.35,7.41%,647,1748,55.01%,0.330869,64.70%,2.8%,64.9%,"14:15 ET"
NVDA,137.86,2025-01-17,45.00,-67.36%,0.09,44.91,206.97%,656,26830,95.90%,0.003934,99.19%,0.2%,0.9%,"14:17 ET"
NVDA,137.86,2024-11-01,124.00,-10.05%,0.72,123.28,11.83%,659,8089,57.90%,0.113746,87.81%,0.6%,23.7%,"14:14 ET"
NVDA,137.86,2024-11-22,102.00,-26.01%,0.8,101.2,36.23%,677,920,73.14%,0.060285,92.46%,0.8%,9.6%,"11:19 ET"
NVDA,137.86,2024-11-08,110.00,-20.21%,0.41,109.59,25.80%,686,3199,67.77%,0.047907,94.42%,0.4%,8.5%,"14:07 ET"
NVDA,137.86,2024-11-15,129.00,-6.43%,3.45,125.55,9.80%,692,7043,53.43%,0.284055,68.98%,2.7%,43.6%,"14:18 ET"
NVDA,137.86,2024-11-22,110.00,-20.21%,1.48,108.52,27.04%,718,2913,68.91%,0.105169,87.34%,1.4%,16.6%,"14:17 ET"
NVDA,137.86,2024-11-01,122.00,-11.50%,0.55,121.45,13.51%,719,7022,59.91%,0.089751,90.30%,0.5%,18.4%,"14:17 ET"
NVDA,137.86,2024-11-29,130.00,-5.70%,6.55,123.45,11.67%,726,2905,60.19%,0.338758,62.03%,5.3%,52.3%,"14:16 ET"
NVDA,137.86,2024-11-15,124.00,-10.05%,2.22,121.78,13.20%,778,5757,54.88%,0.198505,77.91%,1.8%,28.9%,"14:18 ET"
NVDA,137.86,2024-11-01,118.00,-14.41%,0.34,117.66,17.17%,786,4327,64.26%,0.056089,93.84%,0.3%,11.7%,"14:04 ET"
NVDA,137.86,2024-11-22,115.00,-16.58%,2.17,112.83,22.18%,817,4976,67.00%,0.1466,82.74%,1.9%,23.4%,"14:14 ET"
NVDA,137.86,2024-11-22,125.00,-9.33%,4.45,120.55,14.36%,841,6134,64.48%,0.263376,70.19%,3.7%,44.9%,"14:13 ET"
NVDA,137.86,2024-12-20,117.00,-15.13%,3.95,113.05,21.95%,858,4314,58.33%,0.199153,75.98%,3.5%,22.0%,"14:17 ET"
NVDA,137.86,2024-11-15,126.00,-8.60%,2.67,123.33,11.78%,883,4210,54.18%,0.230171,74.58%,2.2%,34.4%,"14:17 ET"
NVDA,137.86,2025-01-17,115.00,-16.58%,4.65,110.35,24.93%,905,44723,55.00%,0.199291,75.15%,4.2%,17.9%,"14:07 ET"
NVDA,137.86,2024-11-15,128.00,-7.15%,3.15,124.85,10.42%,908,5942,53.60%,0.265208,70.94%,2.5%,40.0%,"14:17 ET"
NVDA,137.86,2024-11-22,128.00,-7.15%,5.4,122.6,12.45%,929,711,63.59%,0.305419,65.80%,4.4%,53.6%,"14:13 ET"
NVDA,137.86,2024-12-20,125.00,-9.33%,6.25,118.75,16.09%,937,21585,57.28%,0.286065,66.60%,5.3%,33.1%,"14:18 ET"
NVDA,137.86,2024-11-15,111.00,-19.48%,0.69,110.31,24.98%,980,7632,61.86%,0.069202,91.86%,0.6%,9.9%,"14:05 ET"
NVDA,137.86,2024-11-01,123.00,-10.78%,0.63,122.37,12.66%,994,2462,58.90%,0.101082,89.12%,0.5%,20.9%,"14:14 ET"
NVDA,137.86,2024-11-22,120.00,-12.96%,3.15,116.85,17.98%,995,7619,65.60%,0.199652,76.97%,2.7%,32.8%,"14:17 ET"
NVDA,137.86,2024-11-08,125.00,-9.33%,1.81,123.19,11.91%,998,4590,57.15%,0.188949,79.34%,1.5%,33.5%,"14:14 ET"
NVDA,137.86,2024-11-08,83.00,-39.79%,0.07,82.93,66.24%,1000,1375,102.74%,0.006785,99.08%,0.1%,1.9%,"14:13 ET"
NVDA,137.86,2024-11-01,104.00,-24.56%,0.09,103.91,32.67%,1009,938,83.64%,0.01359,98.41%,0.1%,3.5%,"14:02 ET"
NVDA,137.86,2024-12-20,118.00,-14.41%,4.2,113.8,21.14%,1024,7258,58.30%,0.209501,74.83%,3.7%,23.2%,"14:17 ET"
NVDA,137.86,2024-12-20,113.00,-18.03%,3.1,109.9,25.44%,1102,3679,59.29%,0.162956,79.99%,2.8%,17.8%,"14:17 ET"
NVDA,137.86,2024-11-15,136.00,-1.35%,6.05,129.95,6.09%,1121,5535,51.47%,0.429751,54.19%,4.7%,73.9%,"14:17 ET"
NVDA,137.86,2024-12-20,123.00,-10.78%,5.6,117.4,17.43%,1143,5697,57.31%,0.262433,69.12%,4.8%,30.0%,"14:17 ET"
NVDA,137.86,2024-11-01,111.00,-19.48%,0.17,110.83,24.39%,1210,2872,73.63%,0.026865,96.96%,0.2%,6.2%,"14:00 ET"
NVDA,137.86,2024-11-15,134.00,-2.80%,5.2,128.8,7.03%,1232,6040,52.14%,0.385879,58.59%,4.0%,64.1%,"14:18 ET"
NVDA,137.86,2024-11-15,127.00,-7.88%,2.91,124.09,11.10%,1254,7889,53.83%,0.247167,72.81%,2.3%,37.2%,"14:17 ET"
NVDA,137.86,2024-11-01,100.00,-27.46%,0.06,99.94,37.94%,1345,6543,88.83%,0.008923,98.93%,0.1%,2.4%,"14:10 ET"
NVDA,137.86,2024-11-22,130.00,-5.70%,6.15,123.85,11.31%,1375,6858,63.59%,0.336013,62.63%,5.0%,60.4%,"14:16 ET"
NVDA,137.86,2024-11-08,116.00,-15.86%,0.71,115.29,19.58%,1390,722,62.62%,0.08285,90.61%,0.6%,14.0%,"13:59 ET"
NVDA,137.86,2024-11-15,78.00,-43.42%,0.09,77.91,76.95%,1400,11209,98.38%,0.007447,98.95%,0.1%,1.8%,"14:14 ET"
NVDA,137.86,2024-11-15,104.00,-24.56%,0.41,103.59,33.08%,1418,9656,68.30%,0.041156,94.99%,0.4%,6.3%,"14:18 ET"
NVDA,137.86,2024-11-01,127.00,-7.88%,1.09,125.91,9.49%,1441,4284,55.80%,0.164549,82.55%,0.9%,35.1%,"14:17 ET"
NVDA,137.86,2025-01-17,120.00,-12.96%,6.05,113.95,20.98%,1540,35412,54.60%,0.246056,69.97%,5.3%,22.5%,"14:17 ET"
NVDA,137.86,2024-11-15,110.00,-20.21%,0.63,109.37,26.05%,1547,56672,62.62%,0.063845,92.45%,0.6%,9.1%,"14:11 ET"
NVDA,137.86,2024-11-01,115.00,-16.58%,0.24,114.76,20.13%,1577,7263,68.07%,0.040383,95.51%,0.2%,8.5%,"14:15 ET"
NVDA,137.86,2024-11-01,128.00,-7.15%,1.25,126.75,8.77%,1653,7451,55.12%,0.185074,80.44%,1.0%,40.0%,"14:17 ET"
NVDA,137.86,2024-12-20,130.00,-5.70%,8.15,121.85,13.14%,1701,21230,56.67%,0.346927,60.25%,6.7%,42.1%,"14:17 ET"
NVDA,137.86,2025-01-17,110.00,-20.21%,3.55,106.45,29.51%,1707,42981,56.30%,0.160038,79.56%,3.3%,14.2%,"14:15 ET"
NVDA,137.86,2024-12-20,115.00,-16.58%,3.5,111.5,23.64%,1714,21597,58.91%,0.180796,78.00%,3.1%,19.8%,"14:17 ET"
NVDA,137.86,2025-01-17,130.00,-5.70%,9.7,120.3,14.60%,1721,37163,53.55%,0.350262,58.93%,8.1%,34.2%,"14:12 ET"
NVDA,137.86,2024-11-08,120.00,-12.96%,1.07,118.93,15.92%,1773,7958,59.87%,0.120356,86.58%,0.9%,20.5%,"14:17 ET"
NVDA,137.86,2024-11-08,135.00,-2.07%,4.8,130.2,5.88%,1774,9034,54.28%,0.403818,57.32%,3.7%,84.1%,"14:12 ET"
NVDA,137.86,2024-11-01,107.00,-22.39%,0.12,106.88,28.99%,1785,1632,80.55%,0.019522,97.74%,0.1%,4.6%,"14:01 ET"
NVDA,137.86,2024-11-01,108.00,-21.66%,0.12,107.88,27.79%,1869,2016,77.02%,0.018955,97.82%,0.1%,4.5%,"14:10 ET"
NVDA,137.86,2024-11-15,132.00,-4.25%,4.45,127.55,8.08%,1932,7632,52.75%,0.343761,62.86%,3.5%,55.4%,"14:17 ET"
NVDA,137.86,2024-12-20,120.00,-12.96%,4.75,115.25,19.62%,1967,51825,57.79%,0.229646,72.65%,4.1%,25.9%,"14:14 ET"
NVDA,137.86,2024-12-20,58.00,-57.93%,0.13,57.87,138.22%,2000,5816,96.81%,0.007117,98.76%,0.2%,1.4%,"11:15 ET"
NVDA,137.86,2024-11-01,103.00,-25.29%,0.09,102.91,33.96%,2010,1007,86.82%,0.013774,98.38%,0.1%,3.5%,"14:02 ET"
NVDA,137.86,2024-11-15,102.00,-26.01%,0.35,101.65,35.62%,2023,4700,69.84%,0.034858,95.71%,0.3%,5.5%,"13:33 ET"
NVDA,137.86,2024-11-08,88.00,-36.17%,0.09,87.91,56.82%,2052,1497,95.01%,0.009178,98.80%,0.1%,2.3%,"13:53 ET"
NVDA,137.86,2024-12-20,110.00,-20.21%,2.59,107.41,28.35%,2054,56440,60.19%,0.139266,82.66%,2.4%,15.2%,"14:18 ET"
NVDA,137.86,2024-11-01,132.00,-4.25%,2.16,129.84,6.18%,2090,3243,53.31%,0.289194,69.81%,1.7%,67.5%,"14:18 ET"
NVDA,137.86,2024-11-01,109.00,-20.93%,0.14,108.86,26.64%,2102,3611,76.36%,0.0219,97.49%,0.1%,5.2%,"14:11 ET"
NVDA,137.86,2024-11-01,131.00,-4.98%,1.89,129.11,6.78%,2231,7318,53.62%,0.259988,72.78%,1.5%,59.4%,"14:16 ET"
NVDA,137.86,2024-11-08,130.00,-5.70%,3,127,8.55%,2365,6096,55.74%,0.286224,69.25%,2.4%,53.9%,"14:17 ET"
NVDA,137.86,2024-11-01,113.00,-18.03%,0.2,112.8,22.22%,2435,1711,70.48%,0.032234,96.38%,0.2%,7.2%,"14:17 ET"
NVDA,137.86,2024-11-01,126.00,-8.60%,0.94,125.06,10.24%,2688,6699,56.61%,0.146377,84.42%,0.8%,30.5%,"14:17 ET"
NVDA,137.86,2024-11-01,120.00,-12.96%,0.43,119.57,15.30%,2871,13359,61.93%,0.070553,92.32%,0.4%,14.6%,"14:14 ET"
NVDA,137.86,2024-11-01,129.00,-6.43%,1.44,127.56,8.07%,2920,2614,54.68%,0.20841,78.04%,1.1%,45.8%,"14:18 ET"
NVDA,137.86,2024-11-01,136.00,-1.35%,3.55,132.45,4.08%,3078,3676,51.58%,0.419872,56.66%,2.7%,108.7%,"14:18 ET"
NVDA,137.86,2024-11-01,133.00,-3.53%,2.47,130.53,5.62%,3187,6572,52.73%,0.319326,66.77%,1.9%,76.7%,"14:18 ET"
NVDA,137.86,2024-11-01,110.00,-20.21%,0.15,109.85,25.50%,3189,9084,74.65%,0.023764,97.29%,0.1%,5.5%,"14:10 ET"
NVDA,137.86,2024-11-15,115.00,-16.58%,0.97,114.03,20.90%,3333,36067,59.12%,0.095983,88.91%,0.9%,13.5%,"14:18 ET"
NVDA,137.86,2024-11-15,135.00,-2.07%,5.6,129.4,6.54%,3467,19706,51.80%,0.40758,56.40%,4.3%,68.7%,"14:17 ET"
NVDA,137.86,2025-01-17,99.00,-28.19%,1.88,97.12,41.95%,3644,8673,58.97%,0.091572,87.63%,1.9%,8.2%,"14:12 ET"
NVDA,137.86,2024-12-20,100.00,-27.46%,1.36,98.64,39.76%,3735,58792,63.55%,0.078353,89.75%,1.4%,8.7%,"14:17 ET"
NVDA,137.86,2024-11-15,125.00,-9.33%,2.44,122.56,12.48%,3788,38551,54.50%,0.213889,76.29%,2.0%,31.6%,"14:18 ET"
NVDA,137.86,2025-01-17,100.00,-27.46%,2,98,40.67%,5032,58056,58.66%,0.096577,87.03%,2.0%,8.7%,"14:12 ET"
NVDA,137.86,2024-11-15,100.00,-27.46%,0.31,99.69,38.29%,5291,40492,71.83%,0.03018,96.25%,0.3%,4.9%,"14:18 ET"
NVDA,137.86,2024-11-01,125.00,-9.33%,0.82,124.18,11.02%,6376,19396,57.42%,0.129876,86.13%,0.7%,26.8%,"14:18 ET"
NVDA,137.86,2024-11-01,134.00,-2.80%,2.8,131.2,5.08%,6478,8511,52.53%,0.351943,63.47%,2.1%,86.6%,"14:18 ET"
NVDA,137.86,2024-11-15,130.00,-5.70%,3.75,126.25,9.20%,6659,28563,53.09%,0.303088,67.02%,3.0%,47.1%,"14:18 ET"
NVDA,137.86,2024-11-01,135.00,-2.07%,3.15,131.85,4.56%,10862,11392,52.29%,0.385623,60.08%,2.4%,96.9%,"14:18 ET"
NVDA,137.86,2024-11-01,130.00,-5.70%,1.65,128.35,7.41%,20392,24104,54.27%,0.233678,75.46%,1.3%,52.1%,"14:18 ET"
NVDA,137.86,2024-11-15,120.00,-12.96%,1.54,118.46,16.38%,24127,41346,56.43%,0.144741,83.63%,1.3%,20.6%,"14:18 ET"
NVDL,73.45,2024-12-20,45.00,-38.73%,2,43,70.81%,635,732,119.43%,0.101196,84.83%,4.7%,29.3%,"12:35 ET"
NVO,115.65,2025-01-17,110.00,-4.89%,5.5,104.5,10.67%,210,2427,38.46%,0.348084,60.58%,5.3%,22.3%,"09:54 ET"
NVO,115.65,2024-11-15,100.00,-13.53%,0.76,99.24,16.54%,305,925,49.49%,0.108465,87.91%,0.8%,12.2%,"11:31 ET"
NXPI,234.3,2024-11-15,220.00,-6.10%,6.1,213.9,9.54%,102,818,52.09%,0.300967,68.50%,2.9%,45.3%,"12:39 ET"
OIH,276.05,2024-11-15,255.00,-7.63%,2.85,252.15,9.48%,128,13197,38.20%,0.197304,79.59%,1.1%,17.9%,"12:21 ET"
OKTA,72.48,2024-11-01,71.00,-2.04%,0.9,70.1,3.40%,347,508,34.06%,0.345414,65.02%,1.3%,52.1%,"11:18 ET"
OMF,45.99,2024-11-15,42.50,-7.59%,0.95,41.55,10.69%,111,1132,50.29%,0.265978,73.40%,2.3%,36.3%,"13:56 ET"
ON,67.08,2024-12-20,55.00,-18.01%,1.4,53.6,25.15%,214,854,56.26%,0.16054,81.20%,2.6%,16.4%,"14:08 ET"
ORCL,173.67,2025-01-17,130.00,-25.15%,0.44,129.56,34.05%,100,3205,37.51%,0.043498,94.41%,0.3%,1.4%,"14:03 ET"
ORCL,173.67,2024-11-01,167.50,-3.55%,0.96,166.54,4.28%,102,570,28.99%,0.22316,78.66%,0.6%,23.4%,"14:10 ET"
ORCL,173.67,2025-01-17,145.00,-16.51%,1.67,143.33,21.17%,102,2585,33.92%,0.113178,86.34%,1.2%,4.9%,"14:18 ET"
ORCL,173.67,2024-11-15,150.00,-13.63%,0.2,149.8,15.93%,105,1806,34.80%,0.043797,95.32%,0.1%,2.1%,"14:04 ET"
ORCL,173.67,2025-01-17,170.00,-2.11%,8,162,7.20%,176,590,30.68%,0.404106,55.70%,4.9%,21.0%,"14:14 ET"
ORCL,173.67,2025-01-17,165.00,-4.99%,6,159,9.23%,333,1370,30.96%,0.328461,63.33%,3.8%,16.0%,"14:13 ET"
ORCL,173.67,2024-11-15,160.00,-7.87%,0.88,159.12,9.14%,569,3226,30.06%,0.133763,86.13%,0.6%,8.8%,"13:19 ET"
ORCL,173.67,2024-11-15,170.00,-2.11%,3.05,166.95,4.03%,696,2170,26.94%,0.371067,62.39%,1.8%,29.0%,"14:15 ET"
OXY,51.33,2024-11-15,50.00,-2.59%,1.12,48.88,5.01%,1888,15704,33.41%,0.369029,62.29%,2.3%,36.4%,"14:18 ET"
OXY,51.33,2024-12-20,50.00,-2.59%,1.92,48.08,6.76%,100,6172,32.04%,0.391334,58.14%,4.0%,25.1%,"14:10 ET"
OXY,51.33,2024-12-20,47.50,-7.46%,1.08,46.42,10.58%,105,3736,33.07%,0.253701,72.18%,2.3%,14.6%,"13:40 ET"
OXY,51.33,2024-11-15,45.00,-12.33%,0.2,44.8,14.58%,152,1377,39.94%,0.088961,90.53%,0.4%,7.1%,"14:16 ET"
OXY,51.33,2024-11-08,50.00,-2.59%,0.76,49.24,4.24%,169,674,30.27%,0.340584,66.07%,1.5%,35.2%,"14:16 ET"
OXY,51.33,2025-01-17,47.50,-7.46%,1.39,46.11,11.32%,205,9150,31.40%,0.272143,69.45%,3.0%,12.8%,"13:49 ET"
OXY,51.33,2025-01-17,45.00,-12.33%,0.81,44.19,16.16%,327,12997,32.64%,0.175553,79.69%,1.8%,7.8%,"13:38 ET"
OXY,51.33,2024-11-01,50.00,-2.59%,0.4,49.6,3.49%,343,1601,27.42%,0.285113,72.89%,0.8%,32.7%,"14:18 ET"
PAAS,25.34,2025-01-17,21.00,-17.13%,0.6,20.4,24.22%,143,3051,48.57%,0.174197,78.72%,2.9%,12.5%,"14:12 ET"
PANW,360.93,2024-12-20,350.00,-3.03%,18,332,8.71%,100,1126,42.56%,0.385787,57.19%,5.4%,34.1%,"13:27 ET"
PANW,360.93,2024-11-15,340.00,-5.80%,6.6,333.4,8.26%,113,1141,42.76%,0.268752,71.11%,2.0%,31.4%,"14:10 ET"
PANW,360.93,2024-12-20,300.00,-16.88%,4.65,295.35,22.20%,134,2750,46.24%,0.130815,84.21%,1.6%,9.9%,"13:07 ET"
PCAR,104.69,2024-11-15,100.00,-4.48%,1.25,98.75,6.02%,106,1239,28.91%,0.263075,73.62%,1.3%,20.1%,"14:09 ET"
PDD,121.78,2024-11-15,110.00,-9.67%,1.68,108.32,12.43%,118,11577,50.16%,0.191557,79.05%,1.6%,24.6%,"13:57 ET"
PDD,121.78,2024-12-20,105.00,-13.78%,3.05,101.95,19.45%,130,1649,51.86%,0.200182,76.34%,3.0%,18.8%,"13:43 ET"
PDD,121.78,2024-12-20,120.00,-1.46%,8.65,111.35,9.37%,178,4332,51.41%,0.424506,52.86%,7.8%,48.9%,"13:55 ET"
PDD,121.78,2025-01-17,110.00,-9.67%,5.5,104.5,16.54%,267,22841,47.97%,0.279906,66.89%,5.3%,22.3%,"14:08 ET"
PDD,121.78,2024-11-15,100.00,-17.88%,0.43,99.57,22.31%,311,2524,53.40%,0.06191,92.92%,0.4%,6.9%,"14:05 ET"
PDD,121.78,2024-11-08,105.00,-13.78%,0.53,104.47,16.57%,412,3854,54.67%,0.088975,90.24%,0.5%,11.6%,"14:11 ET"
PDD,121.78,2024-11-15,120.00,-1.46%,5.15,114.85,6.03%,605,14821,50.16%,0.429134,54.65%,4.5%,71.2%,"14:14 ET"
PDD,121.78,2024-12-20,110.00,-9.67%,4.5,105.5,15.43%,789,6340,51.55%,0.26853,68.97%,4.3%,26.8%,"14:05 ET"
PDD,121.78,2024-11-15,105.00,-13.78%,0.77,104.23,16.84%,840,2040,51.04%,0.11069,87.64%,0.7%,11.7%,"14:10 ET"
PDD,121.78,2024-11-01,110.00,-9.67%,0.43,109.57,11.14%,1169,4636,50.83%,0.097436,89.88%,0.4%,15.9%,"14:11 ET"
PEP,173.4,2024-11-15,160.00,-7.73%,0.25,159.75,8.54%,218,1606,21.46%,0.064899,93.22%,0.2%,2.5%,"14:17 ET"
PFE,28.81,2025-01-17,27.50,-4.55%,0.84,26.66,8.06%,146,60798,25.36%,0.336668,64.73%,3.2%,13.4%,"14:16 ET"
PFE,28.81,2024-11-15,28.00,-2.81%,0.68,27.32,5.45%,244,18388,35.53%,0.366767,62.54%,2.5%,39.5%,"14:11 ET"
PFE,28.81,2024-11-01,28.50,-1.08%,0.52,27.98,2.97%,343,1718,35.55%,0.426507,57.68%,1.9%,75.4%,"14:16 ET"
PFE,28.81,2024-12-20,26.00,-9.75%,0.28,25.72,12.01%,358,10521,27.36%,0.165266,82.67%,1.1%,6.9%,"14:01 ET"
PFE,28.81,2024-11-15,27.00,-6.28%,0.32,26.68,7.98%,403,7346,34.43%,0.221142,77.36%,1.2%,19.0%,"14:12 ET"
PFE,28.81,2024-11-01,28.00,-2.81%,0.34,27.66,4.16%,417,5283,36.73%,0.312819,68.95%,1.2%,49.9%,"14:04 ET"
PFE,28.81,2024-12-20,28.00,-2.81%,0.86,27.14,6.15%,1169,23493,26.45%,0.381148,60.66%,3.2%,19.9%,"14:05 ET"
PG,169.35,2025-01-17,155.00,-8.47%,0.98,154.02,9.95%,154,2643,17.84%,0.132308,84.67%,0.6%,2.7%,"14:15 ET"
PG,169.35,2025-01-17,165.00,-2.57%,2.75,162.25,4.38%,191,4751,15.16%,0.329478,63.82%,1.7%,7.2%,"14:17 ET"
PG,169.35,2024-12-20,165.00,-2.57%,2.13,162.87,3.98%,316,3862,15.39%,0.312113,66.43%,1.3%,8.2%,"14:15 ET"
PINS,31.97,2024-11-15,29.00,-9.29%,1.16,27.84,14.83%,124,2195,75.24%,0.287352,69.72%,4.2%,66.1%,"12:09 ET"
PLD,120.81,2025-01-17,100.00,-17.23%,0.95,99.05,21.97%,191,865,32.50%,0.098868,88.46%,1.0%,4.1%,"13:14 ET"
PLD,120.81,2025-01-17,110.00,-8.95%,2.25,107.75,12.12%,356,1112,28.45%,0.223822,75.14%,2.1%,8.9%,"14:18 ET"
PLTR,42.22,2025-01-17,26.00,-38.42%,0.23,25.77,63.83%,111,1997,64.34%,0.041578,93.97%,0.9%,3.8%,"14:05 ET"
PLTR,42.22,2024-11-08,41.00,-2.89%,2.46,38.54,9.55%,113,1836,87.75%,0.40359,56.34%,6.4%,145.6%,"14:05 ET"
PLTR,42.22,2024-11-08,32.00,-24.21%,0.22,31.78,32.85%,117,1564,90.13%,0.05973,92.90%,0.7%,15.8%,"14:13 ET"
PLTR,42.22,2024-11-15,39.00,-7.63%,1.78,37.22,13.43%,118,3290,77.94%,0.30828,65.74%,4.8%,75.9%,"14:18 ET"
PLTR,42.22,2024-12-20,39.00,-7.63%,2.47,36.53,15.58%,125,1480,61.47%,0.322932,62.69%,6.8%,42.6%,"14:03 ET"
PLTR,42.22,2024-12-20,30.00,-28.94%,0.4,29.6,42.64%,126,7832,66.05%,0.074265,90.28%,1.4%,8.5%,"14:05 ET"
PLTR,42.22,2024-11-01,38.50,-8.81%,0.15,38.35,10.09%,126,641,47.10%,0.104328,89.38%,0.4%,15.9%,"14:10 ET"
PLTR,42.22,2024-11-15,32.00,-24.21%,0.29,31.71,33.14%,133,8159,81.95%,0.073713,91.10%,0.9%,14.5%,"14:16 ET"
PLTR,42.22,2024-11-15,33.00,-21.84%,0.39,32.61,29.47%,163,5558,80.20%,0.092913,88.95%,1.2%,19.0%,"14:15 ET"
PLTR,42.22,2024-12-20,36.00,-14.73%,1.45,34.55,22.20%,169,3249,62.27%,0.217454,73.96%,4.2%,26.4%,"14:14 ET"
PLTR,42.22,2024-11-15,41.00,-2.89%,2.64,38.36,10.06%,169,2302,77.49%,0.403394,55.99%,6.9%,109.2%,"14:17 ET"
PLTR,42.22,2024-12-20,37.00,-12.36%,1.75,35.25,19.77%,187,3009,62.00%,0.250837,70.33%,5.0%,31.2%,"14:16 ET"
PLTR,42.22,2025-01-17,36.00,-14.73%,1.8,34.2,23.45%,216,2245,57.14%,0.230444,71.72%,5.3%,22.3%,"14:08 ET"
PLTR,42.22,2024-11-08,38.00,-10.00%,1.27,36.73,14.95%,220,1939,86.57%,0.253088,71.94%,3.5%,78.9%,"14:11 ET"
PLTR,42.22,2024-11-22,35.00,-17.10%,0.79,34.21,23.41%,229,1749,73.21%,0.158403,81.42%,2.3%,28.1%,"14:05 ET"
PLTR,42.22,2025-01-17,30.00,-28.94%,0.56,29.44,43.41%,242,11721,59.87%,0.089067,88.02%,1.9%,8.1%,"13:40 ET"
PLTR,42.22,2024-11-15,38.00,-10.00%,1.42,36.58,15.42%,275,9439,77.19%,0.261739,70.66%,3.9%,61.6%,"14:16 ET"
PLTR,42.22,2024-11-15,34.00,-19.47%,0.52,33.48,26.11%,289,5790,78.89%,0.116873,86.29%,1.6%,24.6%,"14:18 ET"
PLTR,42.22,2024-11-01,37.00,-12.36%,0.07,36.93,14.32%,292,2669,52.53%,0.052928,94.52%,0.2%,7.7%,"14:16 ET"
PLTR,42.22,2024-12-20,35.00,-17.10%,1.18,33.82,24.84%,312,5637,62.40%,0.185836,77.46%,3.5%,22.0%,"14:16 ET"
PLTR,42.22,2024-11-01,39.50,-6.44%,0.3,39.2,7.70%,355,772,46.08%,0.176528,82.13%,0.8%,31.0%,"14:15 ET"
PLTR,42.22,2024-11-15,36.00,-14.73%,0.88,35.12,20.22%,416,6412,77.91%,0.181204,79.24%,2.5%,39.8%,"14:17 ET"
PLTR,42.22,2024-11-15,37.00,-12.36%,1.13,35.87,17.70%,432,12380,77.62%,0.219865,75.09%,3.2%,50.0%,"14:18 ET"
PLTR,42.22,2024-11-01,40.50,-4.07%,0.53,39.97,5.63%,435,2505,45.71%,0.278655,71.89%,1.3%,53.8%,"14:16 ET"
PLTR,42.22,2024-12-20,38.00,-10.00%,2.12,35.88,17.67%,471,4634,62.03%,0.286592,66.49%,5.9%,37.2%,"14:14 ET"
PLTR,42.22,2024-11-15,40.00,-5.26%,2.19,37.81,11.66%,504,7675,77.83%,0.355239,60.89%,5.8%,91.9%,"14:18 ET"
PLTR,42.22,2025-01-17,40.00,-5.26%,3.3,36.7,15.04%,505,4661,56.25%,0.361073,57.84%,9.0%,38.2%,"14:11 ET"
PLTR,42.22,2024-11-08,40.00,-5.26%,2.03,37.97,11.19%,552,5354,87.40%,0.352167,61.61%,5.3%,122.0%,"14:16 ET"
PLTR,42.22,2024-11-01,41.50,-1.71%,0.9,40.6,3.99%,562,1128,45.69%,0.402724,59.47%,2.2%,89.9%,"14:16 ET"
PLTR,42.22,2024-11-08,35.00,-17.10%,0.56,34.44,22.59%,614,3972,87.79%,0.134372,84.62%,1.6%,37.1%,"14:18 ET"
PLTR,42.22,2024-11-01,39.00,-7.63%,0.22,38.78,8.87%,659,2435,47.21%,0.140008,85.77%,0.6%,23.0%,"14:01 ET"
PLTR,42.22,2024-11-01,38.00,-10.00%,0.11,37.89,11.43%,743,2922,48.23%,0.08045,91.78%,0.3%,11.8%,"14:07 ET"
PLTR,42.22,2024-11-01,40.00,-5.26%,0.41,39.59,6.64%,988,5917,46.31%,0.226252,77.12%,1.0%,42.0%,"14:15 ET"
PLTR,42.22,2024-11-01,41.00,-2.89%,0.71,40.29,4.79%,1000,2426,45.84%,0.339227,65.81%,1.8%,71.5%,"14:16 ET"
PLTR,42.22,2024-12-20,40.00,-5.26%,2.89,37.11,13.77%,1335,4337,61.19%,0.361,58.76%,7.8%,49.0%,"14:16 ET"
PLTR,42.22,2024-11-15,35.00,-17.10%,0.67,34.33,22.98%,3900,9195,78.12%,0.146253,83.05%,2.0%,31.0%,"14:01 ET"
PM,130.9,2025-01-17,125.00,-4.51%,2.45,122.55,6.81%,3420,651,19.95%,0.296624,68.31%,2.0%,8.5%,"14:10 ET"
PM,130.9,2024-12-20,115.00,-12.15%,0.35,114.65,14.17%,137,4535,23.00%,0.072252,92.11%,0.3%,1.9%,"14:16 ET"
PM,130.9,2025-01-17,115.00,-12.15%,0.8,114.2,14.62%,233,2998,23.27%,0.11282,87.43%,0.7%,3.0%,"14:04 ET"
PM,130.9,2024-12-20,120.00,-8.33%,0.75,119.25,9.77%,469,1938,20.48%,0.134227,85.65%,0.6%,4.0%,"12:15 ET"
PRU,124.86,2025-01-17,115.00,-7.90%,2.55,112.45,11.04%,870,1324,26.82%,0.24757,73.63%,2.3%,9.6%,"11:11 ET"
PSA,341.38,2024-11-15,330.00,-3.33%,4.2,325.8,4.78%,152,1596,26.50%,0.29594,69.49%,1.3%,20.5%,"14:03 ET"
PSX,128.7,2024-11-15,125.00,-2.87%,2.5,122.5,5.06%,167,564,31.91%,0.356832,64.21%,2.0%,32.4%,"13:22 ET"
PYPL,80.33,2025-01-17,60.00,-25.31%,0.5,59.5,35.01%,102,15388,43.62%,0.06414,91.59%,0.8%,3.6%,"09:53 ET"
PYPL,80.33,2024-11-01,75.00,-6.64%,1.45,73.55,9.22%,107,1153,71.28%,0.256494,73.02%,2.0%,80.0%,"14:02 ET"
PYPL,80.33,2024-11-01,70.00,-12.86%,0.46,69.54,15.52%,112,2382,71.50%,0.102481,88.99%,0.7%,26.8%,"13:53 ET"
PYPL,80.33,2025-01-17,70.00,-12.86%,1.85,68.15,17.87%,148,8902,39.75%,0.198526,76.22%,2.7%,11.5%,"14:16 ET"
PYPL,80.33,2024-12-20,65.00,-19.08%,0.7,64.3,24.93%,153,2960,45.02%,0.097882,88.10%,1.1%,6.9%,"12:37 ET"
PYPL,80.33,2024-12-20,77.50,-3.52%,3.7,73.8,8.85%,181,1416,41.21%,0.374146,58.64%,5.0%,31.6%,"13:40 ET"
PYPL,80.33,2024-11-01,78.00,-2.90%,2.51,75.49,6.41%,222,923,71.33%,0.380871,60.36%,3.3%,134.8%,"14:07 ET"
PYPL,80.33,2024-11-15,75.00,-6.64%,2.03,72.97,10.09%,313,3778,53.97%,0.283153,69.38%,2.8%,44.1%,"14:16 ET"
PYPL,80.33,2024-11-01,65.00,-19.08%,0.15,64.85,23.87%,922,855,78.44%,0.038577,95.72%,0.2%,9.4%,"14:17 ET"
QCOM,165.1,2025-01-17,95.00,-42.46%,0.25,94.75,74.25%,687,5888,55.87%,0.014475,97.92%,0.3%,1.1%,"13:12 ET"
QCOM,165.1,2024-11-15,140.00,-15.20%,1.34,138.66,19.07%,805,1151,56.87%,0.112916,87.60%,1.0%,15.3%,"13:51 ET"
QCOM,165.1,2024-12-20,140.00,-15.20%,3,137,20.51%,119,1111,47.43%,0.166156,80.85%,2.2%,13.8%,"14:15 ET"
QCOM,165.1,2024-12-20,155.00,-6.12%,7.1,147.9,11.63%,126,1624,45.42%,0.329673,63.63%,4.8%,30.2%,"14:15 ET"
QCOM,165.1,2025-01-17,150.00,-9.15%,6.7,143.3,15.21%,134,6874,43.17%,0.282997,67.64%,4.7%,19.8%,"14:00 ET"
QCOM,165.1,2024-11-15,155.00,-6.12%,4.45,150.55,9.66%,151,2018,53.10%,0.300383,68.21%,3.0%,46.9%,"14:13 ET"
QCOM,165.1,2024-11-15,150.00,-9.15%,3.05,146.95,12.35%,164,2694,54.08%,0.224217,76.01%,2.1%,32.9%,"14:12 ET"
QCOM,165.1,2024-12-20,145.00,-12.17%,4.1,140.9,17.18%,164,1776,46.77%,0.214193,75.69%,2.9%,18.3%,"14:13 ET"
QCOM,165.1,2024-11-15,160.00,-3.09%,6.25,153.75,7.38%,229,2648,52.11%,0.386826,59.48%,4.1%,64.5%,"14:12 ET"
QCOM,165.1,2024-11-01,155.00,-6.12%,1.02,153.98,7.22%,235,1774,42.06%,0.173657,83.04%,0.7%,26.9%,"14:15 ET"
QCOM,165.1,2024-11-15,145.00,-12.17%,2.04,142.96,15.49%,270,4296,55.07%,0.160546,82.61%,1.4%,22.6%,"14:13 ET"
QCOM,165.1,2024-11-01,160.00,-3.09%,2.19,157.81,4.62%,364,810,40.08%,0.316276,69.10%,1.4%,56.3%,"14:17 ET"
QQQ,486.2,2024-12-31,420.00,-13.62%,3.13,416.87,16.63%,101,2974,29.10%,0.102755,87.64%,0.8%,4.0%,"14:17 ET"
QQQ,486.2,2025-01-17,449.78,-7.49%,7.72,442.06,9.99%,101,1716,24.65%,0.220811,74.24%,1.7%,7.4%,"13:24 ET"
QQQ,486.2,2024-11-08,445.00,-8.47%,1.35,443.65,9.59%,104,2586,31.90%,0.087889,90.75%,0.3%,6.9%,"14:16 ET"
QQQ,486.2,2024-11-15,325.00,-33.16%,0.08,324.92,49.64%,106,763,61.02%,0.003372,99.57%,0.0%,0.4%,"14:18 ET"
QQQ,486.2,2025-01-17,435.00,-10.53%,5.53,429.47,13.21%,106,7675,26.37%,0.160771,80.77%,1.3%,5.5%,"14:18 ET"
QQQ,486.2,2024-11-01,435.00,-10.53%,0.21,434.79,11.82%,107,1603,34.94%,0.020956,97.87%,0.0%,2.0%,"14:14 ET"
QQQ,486.2,2024-12-20,414.78,-14.69%,2.39,412.39,17.90%,108,2779,31.04%,0.083349,90.04%,0.6%,3.6%,"12:54 ET"
QQQ,486.2,2024-12-31,425.00,-12.59%,3.52,421.48,15.36%,112,1029,28.38%,0.115431,86.22%,0.8%,4.4%,"13:31 ET"
QQQ,486.2,2024-11-29,455.00,-6.42%,4.55,450.45,7.94%,120,881,26.24%,0.195197,78.64%,1.0%,10.0%,"14:16 ET"
QQQ,486.2,2024-11-15,385.00,-20.81%,0.28,384.72,26.38%,121,3369,43.92%,0.014764,98.29%,0.1%,1.2%,"14:14 ET"
QQQ,486.2,2024-11-01,458.00,-5.80%,0.87,457.13,6.36%,123,774,28.01%,0.08783,91.29%,0.2%,7.7%,"14:17 ET"
QQQ,486.2,2024-11-22,445.00,-8.47%,2.85,442.15,9.96%,123,780,29.39%,0.133911,85.34%,0.6%,7.8%,"14:18 ET"
QQQ,486.2,2025-01-17,410.00,-15.67%,3.2,406.8,19.52%,127,17560,29.45%,0.093739,88.35%,0.8%,3.3%,"14:03 ET"
QQQ,486.2,2024-11-01,477.00,-1.89%,3.76,473.24,2.74%,127,1447,24.21%,0.312474,69.23%,0.8%,32.2%,"14:11 ET"
QQQ,486.2,2024-10-31,450.00,-7.45%,0.35,449.65,8.13%,129,16665,29.81%,0.040358,96.02%,0.1%,3.6%,"14:04 ET"
QQQ,486.2,2025-01-17,439.78,-9.55%,6.16,433.62,12.13%,129,2848,25.82%,0.178253,78.83%,1.4%,6.0%,"14:04 ET"
QQQ,486.2,2024-11-01,445.00,-8.47%,0.35,444.65,9.34%,129,2460,31.40%,0.036142,96.38%,0.1%,3.2%,"14:16 ET"
QQQ,486.2,2024-11-15,320.00,-34.18%,0.08,319.92,51.98%,135,903,63.57%,0.003427,99.56%,0.0%,0.4%,"13:37 ET"
QQQ,486.2,2024-12-20,350.00,-28.01%,0.63,349.37,39.16%,136,18053,42.43%,0.019901,97.40%,0.2%,1.1%,"13:15 ET"
QQQ,486.2,2025-01-17,455.00,-6.42%,8.69,446.31,8.94%,136,6382,24.05%,0.246523,71.50%,1.9%,8.3%,"14:01 ET"
QQQ,486.2,2025-01-17,454.78,-6.46%,8.65,446.13,8.98%,138,3976,24.08%,0.245428,71.62%,1.9%,8.2%,"14:11 ET"
QQQ,486.2,2024-11-01,459.00,-5.59%,0.94,458.06,6.14%,138,2713,27.74%,0.09397,90.69%,0.2%,8.3%,"14:17 ET"
QQQ,486.2,2024-11-01,450.00,-7.45%,0.48,449.52,8.16%,138,2597,29.94%,0.049999,95.01%,0.1%,4.3%,"14:00 ET"
QQQ,486.2,2025-01-17,465.00,-4.36%,10.91,454.09,7.07%,140,18234,22.93%,0.303328,65.57%,2.4%,10.2%,"14:16 ET"
QQQ,486.2,2024-11-01,474.00,-2.51%,3.02,470.98,3.23%,141,7407,24.80%,0.260823,74.30%,0.6%,26.0%,"14:11 ET"
QQQ,486.2,2024-12-31,435.00,-10.53%,4.49,430.51,12.94%,146,985,27.06%,0.146258,82.79%,1.0%,5.5%,"14:09 ET"
QQQ,486.2,2024-12-20,284.78,-41.43%,0.2,284.58,70.85%,153,16935,55.92%,0.005666,99.18%,0.1%,0.4%,"11:24 ET"
QQQ,486.2,2024-12-31,415.00,-14.64%,2.78,412.22,17.95%,154,621,29.75%,0.091168,88.95%,0.7%,3.6%,"13:13 ET"
QQQ,486.2,2025-01-17,474.78,-2.35%,13.6,461.18,5.43%,154,1211,21.82%,0.369136,58.88%,2.9%,12.5%,"14:10 ET"
QQQ,486.2,2024-12-20,390.00,-19.79%,1.37,388.63,25.11%,155,26355,35.09%,0.046546,94.25%,0.4%,2.2%,"14:03 ET"
QQQ,486.2,2024-12-20,384.78,-20.86%,1.23,383.55,26.76%,156,9329,36.01%,0.041449,94.84%,0.3%,2.0%,"13:15 ET"
QQQ,486.2,2024-11-22,455.00,-6.42%,4.09,450.91,7.83%,156,795,27.76%,0.187252,79.77%,0.9%,11.0%,"14:13 ET"
QQQ,486.2,2024-11-29,475.00,-2.30%,8.84,466.16,4.30%,157,723,23.22%,0.354585,62.37%,1.9%,18.7%,"14:15 ET"
QQQ,486.2,2025-01-17,409.78,-15.72%,3.18,406.6,19.58%,158,5842,29.46%,0.0932,88.41%,0.8%,3.3%,"13:21 ET"
QQQ,486.2,2024-11-29,465.00,-4.36%,6.36,458.64,6.01%,158,860,24.79%,0.265248,71.40%,1.4%,13.7%,"14:09 ET"
QQQ,486.2,2024-11-15,420.00,-13.62%,0.79,419.21,15.98%,160,19205,35.22%,0.044066,95.11%,0.2%,3.0%,"14:11 ET"
QQQ,486.2,2024-11-15,390.00,-19.79%,0.32,389.68,24.77%,164,7305,42.41%,0.016646,98.08%,0.1%,1.3%,"14:16 ET"
QQQ,486.2,2024-11-01,466.00,-4.15%,1.63,464.37,4.70%,164,530,26.32%,0.154118,84.78%,0.4%,14.2%,"13:49 ET"
QQQ,486.2,2024-11-01,457.00,-6.01%,0.8,456.2,6.58%,166,514,28.19%,0.081484,91.91%,0.2%,7.1%,"13:30 ET"
QQQ,486.2,2024-11-01,395.00,-18.76%,0.06,394.94,23.11%,167,672,51.51%,0.004741,99.49%,0.0%,0.6%,"14:06 ET"
QQQ,486.2,2025-01-17,394.78,-18.80%,2.33,392.45,23.89%,168,12357,31.44%,0.067752,91.38%,0.6%,2.5%,"10:47 ET"
QQQ,486.2,2024-12-20,429.78,-11.60%,3.46,426.32,14.05%,174,2843,28.79%,0.120777,85.87%,0.8%,5.1%,"13:47 ET"
QQQ,486.2,2024-12-31,350.00,-28.01%,0.74,349.26,39.21%,175,1814,40.11%,0.022402,97.03%,0.2%,1.1%,"13:56 ET"
QQQ,486.2,2024-11-01,473.00,-2.71%,2.8,470.2,3.40%,178,4413,25.01%,0.245179,75.83%,0.6%,24.2%,"14:18 ET"
QQQ,486.2,2024-11-22,430.00,-11.56%,1.68,428.32,13.51%,178,1546,32.02%,0.081005,90.96%,0.4%,4.8%,"14:16 ET"
QQQ,486.2,2024-12-20,370.00,-23.90%,0.91,369.09,31.73%,179,6962,38.62%,0.029949,96.20%,0.2%,1.6%,"14:12 ET"
QQQ,486.2,2025-01-17,445.00,-8.47%,6.93,438.07,10.99%,180,2231,25.21%,0.199392,76.53%,1.6%,6.7%,"14:14 ET"
QQQ,486.2,2024-11-22,470.00,-3.33%,6.96,463.04,5.00%,180,1126,25.28%,0.302389,67.99%,1.5%,18.3%,"14:17 ET"
QQQ,486.2,2024-12-31,475.00,-2.30%,12.18,462.82,5.05%,182,13561,22.05%,0.36783,59.60%,2.6%,13.9%,"14:09 ET"
QQQ,486.2,2024-11-01,455.00,-6.42%,0.69,454.31,7.02%,184,3577,28.65%,0.07063,92.98%,0.2%,6.2%,"14:08 ET"
QQQ,486.2,2024-11-01,462.00,-4.98%,1.19,460.81,5.51%,188,3627,27.14%,0.116635,88.46%,0.3%,10.5%,"14:17 ET"
QQQ,486.2,2025-01-17,415.00,-14.64%,3.56,411.44,18.17%,189,1325,28.81%,0.104324,87.13%,0.9%,3.7%,"14:16 ET"
QQQ,486.2,2025-01-17,364.78,-24.97%,1.31,363.47,33.77%,189,9254,35.77%,0.03689,95.10%,0.4%,1.5%,"13:15 ET"
QQQ,486.2,2024-12-20,385.00,-20.81%,1.23,383.77,26.69%,190,33461,35.97%,0.041638,94.82%,0.3%,2.0%,"13:45 ET"
QQQ,486.2,2024-12-20,449.78,-7.49%,5.83,443.95,9.52%,196,4661,26.00%,0.199431,77.37%,1.3%,8.3%,"14:08 ET"
QQQ,486.2,2025-01-17,469.78,-3.38%,12.15,457.63,6.24%,200,802,22.38%,0.334155,62.41%,2.7%,11.3%,"13:31 ET"
QQQ,486.2,2024-12-20,444.78,-8.52%,5.11,439.67,10.58%,209,2133,26.68%,0.175994,79.87%,1.2%,7.3%,"14:17 ET"
QQQ,486.2,2024-12-31,410.00,-15.67%,2.48,407.52,19.31%,228,1862,30.47%,0.081209,90.09%,0.6%,3.2%,"13:58 ET"
QQQ,486.2,2024-12-20,405.00,-16.70%,1.9,403.1,20.62%,238,6461,32.59%,0.06588,92.02%,0.5%,3.0%,"14:18 ET"
QQQ,486.2,2024-12-31,445.00,-8.47%,5.76,439.24,10.69%,238,768,25.81%,0.185687,78.50%,1.3%,6.9%,"14:04 ET"
QQQ,486.2,2025-01-17,414.78,-14.69%,3.55,411.23,18.23%,238,2956,28.85%,0.103945,87.17%,0.9%,3.7%,"12:47 ET"
QQQ,486.2,2024-12-20,464.78,-4.41%,8.68,456.1,6.60%,241,1619,23.97%,0.28793,68.14%,1.9%,12.0%,"14:05 ET"
QQQ,486.2,2025-01-17,369.78,-23.94%,1.43,368.35,31.99%,244,6025,35.01%,0.040689,94.64%,0.4%,1.6%,"10:47 ET"
QQQ,486.2,2024-11-29,440.00,-9.50%,2.76,437.24,11.20%,245,1534,28.58%,0.121918,86.37%,0.6%,6.2%,"14:16 ET"
QQQ,486.2,2024-12-31,447.00,-8.06%,6.05,440.95,10.26%,249,623,25.55%,0.194594,77.54%,1.4%,7.3%,"13:14 ET"
QQQ,486.2,2024-12-31,400.00,-17.73%,1.98,398.02,22.15%,249,3398,31.93%,0.064559,92.01%,0.5%,2.6%,"14:11 ET"
QQQ,486.2,2024-11-01,464.00,-4.57%,1.39,462.61,5.10%,252,646,26.76%,0.134565,86.69%,0.3%,12.2%,"14:17 ET"
QQQ,486.2,2024-12-20,439.78,-9.55%,4.48,435.3,11.69%,255,9956,27.37%,0.155223,82.11%,1.0%,6.5%,"13:08 ET"
QQQ,486.2,2024-12-20,475.00,-2.30%,11.35,463.65,4.86%,259,25275,22.56%,0.365825,60.22%,2.4%,15.4%,"14:13 ET"
QQQ,486.2,2024-11-01,461.00,-5.18%,1.1,459.9,5.72%,261,1009,27.35%,0.108672,89.24%,0.2%,9.7%,"14:17 ET"
QQQ,486.2,2024-11-22,420.00,-13.62%,1.2,418.8,16.09%,262,794,33.81%,0.057929,93.45%,0.3%,3.5%,"14:18 ET"
QQQ,486.2,2024-12-20,399.78,-17.77%,1.69,398.09,22.13%,263,29047,33.45%,0.058286,92.89%,0.4%,2.7%,"14:12 ET"
QQQ,486.2,2025-01-17,475.00,-2.30%,13.67,461.33,5.39%,287,8757,21.80%,0.371035,58.72%,3.0%,12.6%,"14:12 ET"
QQQ,486.2,2024-12-31,440.00,-9.50%,5.08,434.92,11.79%,289,1335,26.43%,0.164913,80.76%,1.2%,6.2%,"14:12 ET"
QQQ,486.2,2025-01-17,389.78,-19.83%,2.1,387.68,25.41%,292,15249,32.12%,0.06101,92.19%,0.5%,2.3%,"14:07 ET"
QQQ,486.2,2024-12-31,480.00,-1.28%,13.78,466.22,4.29%,300,2311,21.42%,0.409155,55.48%,3.0%,15.6%,"14:06 ET"
QQQ,486.2,2024-11-01,468.00,-3.74%,1.91,466.09,4.31%,311,4291,25.89%,0.17631,82.60%,0.4%,16.6%,"14:17 ET"
QQQ,486.2,2024-12-20,424.78,-12.63%,3.05,421.73,15.29%,323,15204,29.51%,0.106548,87.45%,0.7%,4.6%,"14:18 ET"
QQQ,486.2,2025-01-17,470.00,-3.33%,12.21,457.79,6.21%,333,14641,22.36%,0.335708,62.26%,2.7%,11.3%,"14:14 ET"
QQQ,486.2,2024-11-22,475.00,-2.30%,8.28,466.72,4.17%,333,518,24.41%,0.351605,63.04%,1.8%,21.6%,"14:17 ET"
QQQ,486.2,2024-11-08,455.00,-6.42%,2.25,452.75,7.39%,341,3330,30.16%,0.14099,85.32%,0.5%,11.3%,"14:07 ET"
QQQ,486.2,2024-11-15,435.00,-10.53%,1.41,433.59,12.13%,342,16967,32.24%,0.077689,91.54%,0.3%,5.2%,"14:17 ET"
QQQ,486.2,2024-12-20,395.00,-18.76%,1.52,393.48,23.56%,362,37696,34.24%,0.05216,93.60%,0.4%,2.4%,"14:15 ET"
QQQ,486.2,2025-01-17,440.00,-9.50%,6.19,433.81,12.08%,398,17719,25.75%,0.178756,78.78%,1.4%,6.1%,"14:18 ET"
QQQ,486.2,2024-12-20,430.00,-11.56%,3.48,426.52,13.99%,406,23972,28.76%,0.121453,85.80%,0.8%,5.1%,"14:15 ET"
QQQ,486.2,2024-11-22,450.00,-7.45%,3.41,446.59,8.87%,414,5051,28.58%,0.158585,82.75%,0.8%,9.3%,"14:14 ET"
QQQ,486.2,2024-12-20,434.78,-10.58%,3.93,430.85,12.85%,415,6958,28.05%,0.136782,84.12%,0.9%,5.7%,"14:16 ET"
QQQ,486.2,2024-11-15,330.00,-32.13%,0.09,329.91,47.37%,427,8720,60.34%,0.004181,99.47%,0.0%,0.4%,"12:37 ET"
QQQ,486.2,2024-11-01,440.00,-9.50%,0.26,439.74,10.57%,428,7906,33.08%,0.02704,97.27%,0.1%,2.4%,"14:16 ET"
QQQ,486.2,2024-12-20,415.00,-14.64%,2.41,412.59,17.84%,429,25286,31.06%,0.08416,89.95%,0.6%,3.7%,"14:18 ET"
QQQ,486.2,2025-01-17,459.78,-5.43%,9.69,450.09,8.02%,434,2785,23.51%,0.272352,68.78%,2.2%,9.1%,"13:41 ET"
QQQ,486.2,2024-11-01,465.00,-4.36%,1.51,463.49,4.90%,434,8463,26.54%,0.144006,85.77%,0.3%,13.2%,"14:17 ET"
QQQ,486.2,2024-12-20,455.00,-6.42%,6.7,448.3,8.45%,438,16337,25.29%,0.226809,74.47%,1.5%,9.4%,"13:52 ET"
QQQ,486.2,2024-11-08,435.00,-10.53%,0.82,434.18,11.98%,449,4830,33.94%,0.055182,94.13%,0.2%,4.3%,"14:05 ET"
QQQ,486.2,2024-10-30,470.00,-3.33%,1.34,468.66,3.74%,451,2289,23.85%,0.158725,84.75%,0.3%,14.9%,"14:14 ET"
QQQ,486.2,2024-11-08,465.00,-4.36%,3.72,461.28,5.40%,453,1472,28.39%,0.219943,77.33%,0.8%,18.4%,"14:18 ET"
QQQ,486.2,2024-12-31,465.00,-4.36%,9.5,455.5,6.74%,456,7595,23.29%,0.294807,67.01%,2.1%,11.0%,"14:17 ET"
QQQ,486.2,2025-01-17,379.78,-21.89%,1.73,378.05,28.61%,470,14847,33.49%,0.049491,93.57%,0.5%,1.9%,"14:17 ET"
QQQ,486.2,2024-11-22,480.00,-1.28%,9.84,470.16,3.41%,478,709,23.53%,0.407266,57.54%,2.1%,25.5%,"14:10 ET"
QQQ,486.2,2024-11-01,467.00,-3.95%,1.76,465.24,4.51%,502,1518,26.13%,0.165123,83.69%,0.4%,15.3%,"14:08 ET"
QQQ,486.2,2024-12-20,419.78,-13.66%,2.7,417.08,16.57%,507,6690,30.28%,0.094242,88.82%,0.6%,4.1%,"14:06 ET"
QQQ,486.2,2025-01-17,430.00,-11.56%,4.95,425.05,14.39%,534,17868,26.97%,0.144343,82.60%,1.2%,4.9%,"14:16 ET"
QQQ,486.2,2024-12-20,425.00,-12.59%,3.07,421.93,15.23%,550,27149,29.49%,0.107194,87.38%,0.7%,4.6%,"14:17 ET"
QQQ,486.2,2024-11-15,310.00,-36.24%,0.07,309.93,56.87%,575,1667,67.10%,0.002901,99.62%,0.0%,0.4%,"11:39 ET"
QQQ,486.2,2024-12-20,410.00,-15.67%,2.14,407.86,19.21%,578,29748,31.77%,0.07416,91.08%,0.5%,3.3%,"14:18 ET"
QQQ,486.2,2025-01-17,309.78,-36.29%,0.53,309.25,57.22%,602,4794,44.98%,0.013531,98.05%,0.2%,0.7%,"12:20 ET"
QQQ,486.2,2024-11-08,450.00,-7.45%,1.74,448.26,8.46%,610,3775,31.05%,0.111786,88.30%,0.4%,8.9%,"14:12 ET"
QQQ,486.2,2024-11-01,476.00,-2.10%,3.5,472.5,2.90%,611,620,24.42%,0.294662,70.98%,0.7%,30.0%,"14:14 ET"
QQQ,486.2,2024-11-15,430.00,-11.56%,1.15,428.85,13.37%,623,20010,33.09%,0.063539,93.04%,0.3%,4.3%,"14:17 ET"
QQQ,486.2,2025-01-17,420.00,-13.62%,3.97,416.03,16.87%,627,15954,28.19%,0.116214,85.76%,1.0%,4.1%,"13:55 ET"
QQQ,486.2,2024-11-29,480.00,-1.28%,10.39,469.61,3.53%,627,954,22.40%,0.407002,57.14%,2.2%,21.8%,"14:16 ET"
QQQ,486.2,2025-01-17,374.78,-22.92%,1.57,373.21,30.28%,629,13454,34.27%,0.044955,94.12%,0.4%,1.8%,"14:14 ET"
QQQ,486.2,2024-12-20,465.00,-4.36%,8.73,456.27,6.56%,660,13631,23.92%,0.289333,67.99%,1.9%,12.0%,"14:17 ET"
QQQ,486.2,2024-10-31,475.00,-2.30%,2.73,472.27,2.95%,680,4816,23.83%,0.260868,74.56%,0.6%,26.4%,"14:15 ET"
QQQ,486.2,2024-11-08,430.00,-11.56%,0.65,429.35,13.24%,703,1297,35.06%,0.044033,95.29%,0.2%,3.5%,"13:55 ET"
QQQ,486.2,2024-11-01,471.00,-3.13%,2.41,468.59,3.76%,720,1318,25.39%,0.215836,78.72%,0.5%,20.9%,"14:09 ET"
QQQ,486.2,2024-11-15,400.00,-17.73%,0.42,399.58,21.68%,724,16496,40.00%,0.022829,97.40%,0.1%,1.7%,"14:17 ET"
QQQ,486.2,2024-11-15,440.00,-9.50%,1.73,438.27,10.94%,735,47292,31.34%,0.094376,89.78%,0.4%,6.3%,"14:18 ET"
QQQ,486.2,2024-11-29,445.00,-8.47%,3.26,441.74,10.06%,751,1010,27.87%,0.143412,84.08%,0.7%,7.3%,"14:06 ET"
QQQ,486.2,2024-11-08,470.00,-3.33%,4.75,465.25,4.50%,810,8381,27.50%,0.271198,72.19%,1.0%,23.3%,"14:18 ET"
QQQ,486.2,2024-10-30,480.00,-1.28%,3.45,476.55,2.02%,822,557,21.79%,0.347598,66.47%,0.7%,37.7%,"14:16 ET"
QQQ,486.2,2024-12-20,445.00,-8.47%,5.14,439.86,10.54%,838,23263,26.65%,0.176967,79.77%,1.2%,7.4%,"14:11 ET"
QQQ,486.2,2024-11-01,479.00,-1.48%,4.34,474.66,2.43%,865,2340,23.85%,0.350639,65.48%,0.9%,37.1%,"14:18 ET"
QQQ,486.2,2025-01-17,480.00,-1.28%,15.29,464.71,4.62%,900,11248,21.23%,0.409397,54.96%,3.3%,14.0%,"14:17 ET"
QQQ,486.2,2024-12-20,420.00,-13.62%,2.71,417.29,16.51%,936,22704,30.26%,0.094864,88.75%,0.6%,4.1%,"14:18 ET"
QQQ,486.2,2024-11-08,475.00,-2.30%,6.02,468.98,3.67%,987,1621,26.57%,0.330895,66.24%,1.3%,29.3%,"14:16 ET"
QQQ,486.2,2024-11-15,465.00,-4.36%,4.81,460.19,5.65%,1036,33006,26.86%,0.242104,74.58%,1.0%,16.6%,"14:17 ET"
QQQ,486.2,2024-12-20,435.00,-10.53%,3.96,431.04,12.80%,1086,46388,28.05%,0.137768,84.01%,0.9%,5.8%,"14:06 ET"
QQQ,486.2,2024-10-31,480.00,-1.28%,4.06,475.94,2.16%,1093,16822,22.76%,0.360449,64.83%,0.9%,38.9%,"14:18 ET"
QQQ,486.2,2024-12-20,470.00,-3.33%,9.96,460.04,5.69%,1122,50362,23.23%,0.325555,64.28%,2.2%,13.6%,"14:18 ET"
QQQ,486.2,2024-11-01,475.00,-2.30%,3.25,471.75,3.06%,1239,13899,24.54%,0.276769,72.74%,0.7%,27.9%,"14:17 ET"
QQQ,486.2,2024-12-20,480.00,-1.28%,12.93,467.07,4.10%,1254,45685,21.83%,0.409913,55.86%,2.8%,17.4%,"14:17 ET"
QQQ,486.2,2025-01-17,400.00,-17.73%,2.59,397.41,22.34%,1267,3828,30.74%,0.075655,90.45%,0.7%,2.8%,"14:01 ET"
QQQ,486.2,2024-11-01,472.00,-2.92%,2.61,469.39,3.58%,1288,3137,25.26%,0.230668,77.25%,0.6%,22.6%,"14:18 ET"
QQQ,486.2,2024-11-01,460.00,-5.39%,1.02,458.98,5.93%,1341,8100,27.55%,0.101121,89.98%,0.2%,9.0%,"14:13 ET"
QQQ,486.2,2024-11-15,475.00,-2.30%,7.15,467.85,3.92%,1539,37456,25.06%,0.342907,64.45%,1.5%,24.3%,"14:17 ET"
QQQ,486.2,2024-10-31,465.00,-4.36%,1.16,463.84,4.82%,1751,2177,25.78%,0.124347,87.86%,0.3%,11.4%,"14:16 ET"
QQQ,486.2,2024-11-29,450.00,-7.45%,3.85,446.15,8.98%,1905,2560,27.10%,0.167721,81.51%,0.9%,8.5%,"14:06 ET"
QQQ,486.2,2024-11-29,470.00,-3.33%,7.5,462.5,5.12%,1933,1524,23.92%,0.306584,67.18%,1.6%,16.0%,"14:16 ET"
QQQ,486.2,2024-11-29,460.00,-5.39%,5.38,454.62,6.95%,1990,943,25.57%,0.228393,75.19%,1.2%,11.7%,"14:10 ET"
QQQ,486.2,2024-11-01,481.00,-1.07%,4.98,476.02,2.14%,2123,1569,23.37%,0.391093,61.52%,1.0%,42.4%,"14:17 ET"
QQQ,486.2,2024-11-01,478.00,-1.69%,4.04,473.96,2.58%,2154,10924,24.01%,0.331084,67.41%,0.9%,34.6%,"14:16 ET"
QQQ,486.2,2024-11-08,480.00,-1.28%,7.55,472.45,2.91%,2154,2086,25.57%,0.399221,59.47%,1.6%,36.5%,"14:14 ET"
QQQ,486.2,2024-12-20,400.00,-17.73%,1.7,398.3,22.07%,2323,37490,33.42%,0.058623,92.85%,0.4%,2.7%,"14:13 ET"
QQQ,486.2,2025-01-17,450.00,-7.45%,7.76,442.24,9.94%,2370,28951,24.63%,0.221853,74.12%,1.8%,7.4%,"14:17 ET"
QQQ,486.2,2024-11-15,445.00,-8.47%,2.12,442.88,9.78%,2543,24969,30.37%,0.114087,87.72%,0.5%,7.6%,"14:17 ET"
QQQ,486.2,2024-10-31,460.00,-5.39%,0.75,459.25,5.87%,2543,5419,26.86%,0.083697,91.82%,0.2%,7.5%,"14:15 ET"
QQQ,486.2,2024-11-08,460.00,-5.39%,2.9,457.1,6.37%,2689,7591,29.29%,0.176893,81.68%,0.6%,14.5%,"14:15 ET"
QQQ,486.2,2024-11-15,470.00,-3.33%,5.88,464.12,4.76%,2834,26945,26.01%,0.289298,69.81%,1.3%,20.1%,"14:18 ET"
QQQ,486.2,2024-12-20,460.00,-5.39%,7.65,452.35,7.48%,2973,32115,24.62%,0.256422,71.38%,1.7%,10.6%,"14:17 ET"
QQQ,486.2,2024-12-20,450.00,-7.45%,5.86,444.14,9.47%,3093,63114,25.95%,0.200313,77.28%,1.3%,8.3%,"14:17 ET"
QQQ,486.2,2025-01-17,460.00,-5.39%,9.74,450.26,7.98%,3333,35127,23.49%,0.273602,68.64%,2.2%,9.2%,"14:16 ET"
QQQ,486.2,2024-11-01,470.00,-3.33%,2.23,467.77,3.94%,3638,9509,25.60%,0.202323,80.04%,0.5%,19.3%,"14:17 ET"
QQQ,486.2,2024-12-20,440.00,-9.50%,4.5,435.5,11.64%,3945,36155,27.30%,0.155723,82.06%,1.0%,6.5%,"14:17 ET"
QQQ,486.2,2025-01-17,349.78,-28.06%,1.01,348.77,39.40%,4692,8485,38.11%,0.027664,96.25%,0.3%,1.2%,"14:17 ET"
QQQ,486.2,2024-11-15,450.00,-7.45%,2.61,447.39,8.67%,5014,38247,29.54%,0.138773,85.16%,0.6%,9.3%,"14:18 ET"
QQQ,486.2,2024-11-22,460.00,-5.39%,4.88,455.12,6.83%,5110,767,26.91%,0.220294,76.36%,1.1%,13.0%,"14:17 ET"
QQQ,486.2,2024-11-01,480.00,-1.28%,4.65,475.35,2.28%,6667,8488,23.59%,0.370377,63.55%,1.0%,39.7%,"14:16 ET"
QQQ,486.2,2024-11-15,455.00,-6.42%,3.2,451.8,7.61%,7550,17955,28.60%,0.167287,82.22%,0.7%,11.2%,"14:17 ET"
QQQ,486.2,2024-11-15,480.00,-1.28%,8.69,471.31,3.16%,10208,53446,24.03%,0.403547,58.42%,1.8%,29.3%,"14:18 ET"
QQQ,486.2,2024-11-15,460.00,-5.39%,3.93,456.07,6.61%,12624,49016,27.75%,0.201877,78.67%,0.9%,13.7%,"14:17 ET"
QQQ,486.2,2024-10-31,470.00,-3.33%,1.79,468.21,3.84%,15447,14923,24.83%,0.182808,82.17%,0.4%,17.4%,"14:16 ET"
QQQ,486.2,2025-01-17,405.00,-16.70%,2.88,402.12,20.91%,22202,1816,30.09%,0.084143,89.46%,0.7%,3.0%,"14:16 ET"
RBLX,41.21,2024-11-01,40.00,-2.94%,1.85,38.15,8.02%,128,1377,97.54%,0.391259,57.71%,4.8%,196.7%,"12:50 ET"
RBLX,41.21,2024-11-01,35.00,-15.07%,0.4,34.6,19.10%,197,810,96.73%,0.123669,85.89%,1.2%,46.9%,"13:38 ET"
RF,23.48,2024-11-15,23.00,-2.04%,0.6,22.4,4.82%,173,1430,34.50%,0.396154,59.43%,2.7%,42.5%,"13:54 ET"
RH,327.15,2025-01-17,200.00,-38.87%,1.8,198.2,65.06%,151,708,65.58%,0.04257,93.89%,0.9%,3.9%,"13:16 ET"
RHI,67.51,2024-12-20,60.00,-11.12%,0.5,59.5,13.46%,208,681,28.68%,0.134289,84.88%,0.8%,5.3%,"13:02 ET"
RIO,64.38,2024-11-15,62.50,-2.92%,0.9,61.6,4.51%,134,900,25.45%,0.336319,67.87%,1.5%,23.2%,"12:25 ET"
RIO,64.38,2024-11-15,60.00,-6.80%,0.4,59.6,8.02%,143,1666,27.69%,0.163558,84.47%,0.7%,10.7%,"13:16 ET"
RIO,64.38,2025-01-17,60.00,-6.80%,1.25,58.75,9.58%,146,4905,22.10%,0.275702,74.44%,2.1%,9.0%,"13:32 ET"
ROKU,73.22,2024-11-15,65.00,-11.23%,2.26,62.74,16.70%,109,822,77.19%,0.244949,73.06%,3.6%,57.2%,"14:08 ET"
RTX,127.33,2025-01-17,110.00,-13.61%,0.51,109.49,16.29%,147,5523,22.87%,0.079483,90.63%,0.5%,2.0%,"14:11 ET"
RTX,127.33,2025-01-17,120.00,-5.76%,1.82,118.18,7.74%,341,2257,19.94%,0.242944,72.99%,1.5%,6.5%,"13:39 ET"
SAP,234.65,2024-11-15,220.00,-6.24%,1.45,218.55,7.37%,111,655,27.04%,0.166382,82.89%,0.7%,10.5%,"14:11 ET"
SBUX,96.09,2025-01-17,92.50,-3.74%,3.35,89.15,7.78%,127,6046,28.61%,0.350899,60.80%,3.8%,15.9%,"14:00 ET"
SBUX,96.09,2025-01-17,55.00,-42.76%,0.06,54.94,74.90%,133,3787,51.96%,0.009067,98.65%,0.1%,0.5%,"12:53 ET"
SBUX,96.09,2025-01-17,70.00,-27.15%,0.2,69.8,37.66%,134,8549,37.31%,0.03049,95.99%,0.3%,1.2%,"13:29 ET"
SBUX,96.09,2025-01-17,75.00,-21.95%,0.36,74.64,28.74%,144,12841,34.31%,0.053976,93.16%,0.5%,2.0%,"13:19 ET"
SBUX,96.09,2025-01-17,60.00,-37.56%,0.1,59.9,60.42%,157,4601,46.11%,0.012432,98.23%,0.2%,0.7%,"13:59 ET"
SBUX,96.09,2025-01-17,85.00,-11.54%,1.32,83.68,14.83%,252,15532,30.24%,0.171305,79.83%,1.6%,6.7%,"13:20 ET"
SBUX,96.09,2024-12-20,85.00,-11.54%,1,84,14.39%,265,15420,32.90%,0.151237,82.51%,1.2%,7.5%,"14:14 ET"
SBUX,96.09,2024-11-01,94.00,-2.18%,1.86,92.14,4.29%,317,1609,47.69%,0.366967,61.55%,2.0%,81.9%,"14:06 ET"
SBUX,96.09,2024-11-15,80.00,-16.74%,0.22,79.78,20.44%,328,7334,45.82%,0.047966,94.44%,0.3%,4.4%,"14:07 ET"
SBUX,96.09,2024-11-15,85.00,-11.54%,0.52,84.48,13.74%,468,4078,41.83%,0.108263,87.86%,0.6%,9.8%,"14:03 ET"
SBUX,96.09,2024-11-01,93.00,-3.22%,1.52,91.48,5.04%,481,875,48.21%,0.316175,66.70%,1.7%,67.4%,"13:46 ET"
SBUX,96.09,2025-01-17,95.00,-1.13%,4.35,90.65,6.00%,570,13290,28.07%,0.424976,53.34%,4.8%,20.4%,"14:14 ET"
SBUX,96.09,2025-01-17,80.00,-16.74%,0.67,79.33,21.13%,644,9624,31.60%,0.095005,88.39%,0.8%,3.6%,"13:02 ET"
SBUX,96.09,2024-11-01,95.00,-1.13%,2.28,92.72,3.63%,782,600,47.47%,0.421119,56.08%,2.5%,99.7%,"14:04 ET"
SBUX,96.09,2024-12-20,95.00,-1.13%,3.85,91.15,5.42%,805,3425,30.64%,0.427103,53.72%,4.2%,26.6%,"14:14 ET"
SBUX,96.09,2024-11-01,85.00,-11.54%,0.24,84.76,13.37%,844,743,54.56%,0.069129,92.38%,0.3%,11.5%,"14:07 ET"
SBUX,96.09,2024-11-01,80.00,-16.74%,0.08,79.92,20.23%,1141,583,60.05%,0.022865,97.40%,0.1%,4.1%,"14:01 ET"
SBUX,96.09,2024-12-20,90.00,-6.34%,2.09,87.91,9.30%,1166,4314,31.37%,0.268515,69.97%,2.4%,15.0%,"14:10 ET"
SBUX,96.09,2024-11-15,95.00,-1.13%,3.05,91.95,4.50%,1220,7251,38.57%,0.428005,54.69%,3.3%,52.6%,"14:09 ET"
SBUX,96.09,2024-11-01,91.00,-5.30%,0.98,90.02,6.74%,1985,558,49.13%,0.22574,75.98%,1.1%,44.2%,"13:51 ET"
SBUX,96.09,2024-11-15,90.00,-6.34%,1.32,88.68,8.36%,2407,10034,39.65%,0.234704,74.47%,1.5%,23.6%,"14:18 ET"
SBUX,96.09,2025-01-17,90.00,-6.34%,2.48,87.52,9.79%,5115,8199,28.93%,0.282142,67.95%,2.8%,12.0%,"13:45 ET"
SBUX,96.09,2024-11-01,90.00,-6.34%,0.77,89.23,7.69%,6560,1465,49.68%,0.187512,79.93%,0.9%,35.0%,"14:07 ET"
SCHW,71.57,2024-11-15,70.00,-2.19%,1.19,68.81,4.01%,2062,3167,26.36%,0.367047,63.13%,1.7%,27.4%,"13:52 ET"
SCHW,71.57,2025-01-17,67.50,-5.69%,1.96,65.54,9.20%,123,4589,28.02%,0.300436,66.66%,3.0%,12.7%,"12:01 ET"
SCHW,71.57,2025-01-17,62.50,-12.67%,0.85,61.65,16.09%,123,5455,30.05%,0.151868,82.36%,1.4%,5.9%,"11:50 ET"
SCHW,71.57,2024-12-20,67.50,-5.69%,1.22,66.28,7.98%,128,1855,25.87%,0.264271,71.49%,1.8%,11.6%,"14:13 ET"
SCHW,71.57,2024-12-20,65.00,-9.18%,0.69,64.31,11.29%,137,2302,26.69%,0.165776,81.73%,1.1%,6.8%,"14:06 ET"
SCHW,71.57,2025-01-17,60.00,-16.17%,0.58,59.42,20.45%,221,12583,31.49%,0.104485,87.57%,1.0%,4.1%,"14:04 ET"
SCHW,71.57,2024-12-20,70.00,-2.19%,2.04,67.96,5.31%,304,3869,25.12%,0.390325,58.76%,3.0%,18.9%,"12:12 ET"
SCHW,71.57,2024-11-15,67.50,-5.69%,0.55,66.95,6.90%,311,2451,27.77%,0.19781,79.95%,0.8%,13.0%,"12:33 ET"
SCHW,71.57,2024-12-20,62.50,-12.67%,0.4,62.1,15.25%,366,6432,28.43%,0.102895,88.41%,0.6%,4.1%,"12:14 ET"
SCHW,71.57,2025-01-17,65.00,-9.18%,1.33,63.67,12.41%,376,8257,28.96%,0.217382,75.33%,2.1%,8.9%,"14:16 ET"
SCHW,71.57,2025-01-17,70.00,-2.19%,2.86,67.14,6.60%,384,6465,27.30%,0.399731,56.65%,4.3%,18.1%,"14:10 ET"
SHOP,79.58,2024-12-20,55.00,-30.89%,0.46,54.54,45.91%,144,2082,62.12%,0.052271,93.21%,0.8%,5.3%,"13:02 ET"
SHOP,79.58,2025-01-17,70.00,-12.04%,3.25,66.75,19.22%,169,6534,50.18%,0.252707,70.07%,4.9%,20.7%,"14:13 ET"
SIL,40.13,2024-12-20,38.00,-5.31%,1.7,36.3,10.55%,142,810,44.16%,0.340141,62.17%,4.7%,29.5%,"11:13 ET"
SIRI,26.61,2024-11-15,26.00,-2.29%,1.19,24.81,7.26%,286,731,57.76%,0.407053,56.35%,4.8%,76.1%,"13:02 ET"
SLB,42.15,2024-11-15,37.50,-11.03%,0.15,37.35,12.85%,110,1957,35.93%,0.092628,90.25%,0.4%,6.4%,"10:47 ET"
SLB,42.15,2024-11-15,40.00,-5.10%,0.54,39.46,6.82%,168,20724,32.72%,0.254666,73.81%,1.4%,21.7%,"14:06 ET"
SLB,42.15,2024-11-01,40.00,-5.10%,0.13,39.87,5.72%,208,4063,29.81%,0.137392,86.83%,0.3%,13.2%,"14:01 ET"
SLG,75.68,2025-01-17,60.00,-20.72%,0.9,59.1,28.05%,621,936,44.50%,0.11471,85.88%,1.5%,6.5%,"13:12 ET"
SLNO,52.21,2025-01-17,40.00,-23.39%,3.6,36.4,43.43%,251,24529,102.19%,0.207542,70.44%,9.9%,42.0%,"12:03 ET"
SLV,30.68,2024-12-31,24.00,-21.77%,0.09,23.91,28.31%,100,6894,35.39%,0.044109,94.47%,0.4%,2.0%,"10:21 ET"
SLV,30.68,2024-11-29,28.00,-8.74%,0.38,27.62,11.08%,115,1063,35.33%,0.190582,79.18%,1.4%,13.6%,"14:10 ET"
SLV,30.68,2024-11-15,27.00,-11.99%,0.12,26.88,14.14%,160,21060,38.30%,0.085552,90.81%,0.4%,7.1%,"14:10 ET"
SLV,30.68,2025-01-17,25.00,-18.51%,0.2,24.8,23.71%,160,39882,33.41%,0.082889,89.66%,0.8%,3.4%,"14:17 ET"
SLV,30.68,2024-12-20,27.00,-11.99%,0.35,26.65,15.12%,169,6801,34.44%,0.153031,82.40%,1.3%,8.3%,"13:40 ET"
SLV,30.68,2024-11-22,30.00,-2.22%,1,29,5.79%,175,728,37.91%,0.39871,58.17%,3.4%,42.0%,"14:12 ET"
SLV,30.68,2024-11-01,28.00,-8.74%,0.06,27.94,9.81%,182,4577,40.72%,0.077462,92.36%,0.2%,8.7%,"14:12 ET"
SLV,30.68,2024-12-31,29.00,-5.48%,0.99,28.01,9.53%,192,3539,34.19%,0.316069,64.76%,3.5%,18.7%,"14:12 ET"
SLV,30.68,2024-12-31,30.00,-2.22%,1.43,28.57,7.39%,208,3567,34.73%,0.402884,55.90%,5.0%,26.5%,"13:34 ET"
SLV,30.68,2025-01-17,30.00,-2.22%,1.59,28.41,7.99%,212,9424,34.36%,0.402504,55.35%,5.6%,23.8%,"14:12 ET"
SLV,30.68,2025-01-17,28.00,-8.74%,0.78,27.22,12.71%,218,50455,33.34%,0.247161,71.39%,2.9%,12.2%,"14:04 ET"
SLV,30.68,2024-12-31,25.00,-18.51%,0.14,24.86,23.41%,318,5515,33.83%,0.067005,91.80%,0.6%,3.0%,"14:08 ET"
SLV,30.68,2024-11-15,28.00,-8.74%,0.26,27.74,10.60%,440,23583,38.26%,0.160937,82.94%,0.9%,14.9%,"14:12 ET"
SLV,30.68,2024-12-20,28.00,-8.74%,0.58,27.42,11.89%,479,11067,34.57%,0.225368,74.64%,2.1%,13.3%,"14:08 ET"
SLV,30.68,2024-11-01,29.50,-3.85%,0.29,29.21,5.03%,503,2047,37.70%,0.258173,74.62%,1.0%,40.3%,"14:10 ET"
SLV,30.68,2025-01-17,29.00,-5.48%,1.14,27.86,10.12%,534,7446,33.67%,0.322905,63.48%,4.1%,17.4%,"14:04 ET"
SLV,30.68,2024-12-20,30.00,-2.22%,1.35,28.65,7.09%,595,1676,35.83%,0.403679,56.24%,4.7%,29.7%,"14:17 ET"
SLV,30.68,2024-11-01,30.00,-2.22%,0.46,29.54,3.86%,1070,8139,38.05%,0.358822,64.62%,1.6%,63.2%,"14:12 ET"
SLV,30.68,2024-11-15,26.00,-15.25%,0.06,25.94,18.27%,1444,19826,40.05%,0.045643,95.01%,0.2%,3.7%,"13:59 ET"
SLV,30.68,2024-11-15,29.50,-3.85%,0.68,28.82,6.45%,1572,695,39.01%,0.33042,65.56%,2.4%,37.4%,"13:37 ET"
SLV,30.68,2024-10-30,30.00,-2.22%,0.34,29.66,3.44%,1784,1174,35.95%,0.337729,67.37%,1.1%,59.8%,"14:17 ET"
SLV,30.68,2024-11-15,30.00,-2.22%,0.89,29.11,5.39%,1879,10751,39.54%,0.396031,58.93%,3.1%,48.5%,"14:16 ET"
SLV,30.68,2024-11-01,29.00,-5.48%,0.18,28.82,6.45%,2433,3183,38.19%,0.176952,82.62%,0.6%,25.3%,"14:14 ET"
SLV,30.68,2024-11-15,29.00,-5.48%,0.51,28.49,7.69%,3046,16388,38.69%,0.268199,71.90%,1.8%,28.4%,"14:12 ET"
SMCI,44.8,2024-11-01,34.00,-24.11%,0.2,33.8,32.54%,862,590,120.40%,0.061005,92.77%,0.6%,24.0%,"14:06 ET"
SMCI,44.8,2024-12-20,31.00,-30.80%,1,30,49.33%,1001,3854,90.23%,0.111946,84.70%,3.3%,21.0%,"13:04 ET"
SMCI,44.8,2024-11-01,44.00,-1.79%,2.4,41.6,7.69%,1026,2193,101.06%,0.427192,54.52%,5.8%,234.0%,"14:17 ET"
SMCI,44.8,2024-11-01,40.00,-10.71%,1,39,14.87%,1436,8629,107.40%,0.22723,74.92%,2.6%,104.0%,"14:16 ET"
SMCI,44.8,2024-11-01,41.00,-8.48%,1.3,39.7,12.85%,103,1398,103.69%,0.268581,70.69%,3.3%,132.8%,"14:08 ET"
SMCI,44.8,2024-11-01,39.50,-11.83%,0.9,38.6,16.06%,112,581,107.62%,0.205724,77.19%,2.3%,94.6%,"14:15 ET"
SMCI,44.8,2024-11-15,30.00,-33.04%,0.35,29.65,51.10%,113,9029,114.08%,0.061212,91.93%,1.2%,18.7%,"14:05 ET"
SMCI,44.8,2024-11-01,42.50,-5.13%,1.75,40.75,9.94%,119,2981,103.75%,0.346018,62.68%,4.3%,174.2%,"14:13 ET"
SMCI,44.8,2024-11-01,38.00,-15.18%,0.6,37.4,19.79%,119,1097,109.65%,0.150513,83.05%,1.6%,65.1%,"14:15 ET"
SMCI,44.8,2024-11-01,39.00,-12.95%,0.8,38.2,17.28%,123,785,107.21%,0.184189,79.49%,2.1%,84.9%,"14:13 ET"
SMCI,44.8,2024-11-08,44.00,-1.79%,3.6,40.4,10.89%,124,1681,108.99%,0.424775,53.15%,8.9%,203.3%,"14:09 ET"
SMCI,44.8,2024-12-20,36.00,-19.64%,2.15,33.85,32.35%,143,1553,87.82%,0.208434,73.39%,6.4%,40.0%,"13:07 ET"
SMCI,44.8,2024-11-01,42.00,-6.25%,1.6,40.4,10.89%,153,3668,103.62%,0.319467,65.42%,4.0%,160.6%,"14:13 ET"
SMCI,44.8,2025-01-17,38.00,-15.18%,3.5,34.5,29.86%,164,2722,81.40%,0.263656,66.15%,10.1%,43.1%,"14:14 ET"
SMCI,44.8,2024-11-15,44.00,-1.79%,4,40,12.00%,170,5672,100.43%,0.421813,52.85%,10.0%,158.7%,"13:37 ET"
SMCI,44.8,2024-11-08,40.00,-10.71%,1.9,38.1,17.59%,186,2063,109.08%,0.271688,69.01%,5.0%,113.8%,"13:57 ET"
SMCI,44.8,2024-11-01,43.50,-2.90%,2.15,41.35,8.34%,187,1807,104.29%,0.400251,57.14%,5.2%,210.9%,"14:15 ET"
SMCI,44.8,2024-11-01,43.00,-4.02%,2,41,9.27%,239,1571,103.35%,0.372656,59.97%,4.9%,197.8%,"14:03 ET"
SMCI,44.8,2024-11-15,38.00,-15.18%,1.65,36.35,23.25%,287,6295,102.13%,0.220316,73.96%,4.5%,72.0%,"14:03 ET"
SMCI,44.8,2024-11-01,37.00,-17.41%,0.45,36.55,22.57%,296,855,111.36%,0.120288,86.30%,1.2%,49.9%,"14:13 ET"
SMCI,44.8,2024-11-15,43.00,-4.02%,3.5,39.5,13.42%,298,6155,100.01%,0.386358,56.49%,8.9%,140.6%,"14:04 ET"
SMCI,44.8,2024-12-20,44.00,-1.79%,5.4,38.6,16.06%,320,7538,85.50%,0.407916,52.11%,14.0%,88.0%,"14:15 ET"
SMCI,44.8,2024-11-01,41.50,-7.37%,1.45,40.05,11.86%,326,1018,104.15%,0.29427,68.01%,3.6%,146.8%,"14:17 ET"
SMCI,44.8,2024-12-20,35.00,-21.88%,1.85,33.15,35.14%,334,6281,87.94%,0.186235,75.93%,5.6%,35.1%,"13:12 ET"
SMCI,44.8,2024-11-15,40.00,-10.71%,2.3,37.7,18.83%,353,28359,102.19%,0.28413,67.07%,6.1%,96.8%,"14:17 ET"
SMCI,44.8,2024-11-15,42.00,-6.25%,3.1,38.9,15.17%,364,29965,103.26%,0.352425,59.83%,8.0%,126.5%,"14:16 ET"
SMCI,44.8,2024-11-15,35.00,-21.88%,0.95,34.05,31.57%,446,12155,106.19%,0.144479,82.28%,2.8%,44.3%,"14:15 ET"
SMCI,44.8,2024-11-15,37.00,-17.41%,1.4,35.6,25.84%,531,5149,103.59%,0.193085,76.90%,3.9%,62.4%,"14:00 ET"
SMCI,44.8,2024-11-01,35.00,-21.88%,0.25,34.75,28.92%,601,4620,115.49%,0.074303,91.33%,0.7%,29.2%,"14:06 ET"
SMH,246.5,2025-01-17,230.00,-6.69%,9.85,220.15,11.97%,129,2728,38.45%,0.308586,64.48%,4.5%,19.0%,"13:46 ET"
SMH,246.5,2024-11-01,237.50,-3.65%,2.63,234.87,4.95%,131,2303,39.89%,0.274198,72.37%,1.1%,45.4%,"13:25 ET"
SMH,246.5,2024-11-15,235.00,-4.67%,5.15,229.85,7.24%,141,5279,41.45%,0.304728,67.69%,2.2%,35.6%,"14:17 ET"
SMH,246.5,2024-11-15,225.00,-8.72%,2.79,222.21,10.93%,159,4266,43.42%,0.186016,79.88%,1.3%,19.9%,"14:17 ET"
SMH,246.5,2024-11-01,240.00,-2.64%,3.3,236.7,4.14%,164,3250,38.52%,0.327856,67.07%,1.4%,56.5%,"14:15 ET"
SMH,246.5,2024-11-01,235.00,-4.67%,2.07,232.93,5.83%,168,2043,40.74%,0.225204,77.24%,0.9%,36.0%,"14:18 ET"
SMH,246.5,2025-01-17,240.00,-2.64%,13.5,226.5,8.83%,174,1929,37.45%,0.393558,55.84%,6.0%,25.3%,"12:43 ET"
SMH,246.5,2025-01-17,225.00,-8.72%,8.3,216.7,13.75%,196,2333,38.97%,0.26964,68.53%,3.8%,16.3%,"13:58 ET"
SMH,246.5,2025-01-17,235.00,-4.67%,11.55,223.45,10.32%,202,2590,37.93%,0.349953,60.24%,5.2%,21.9%,"13:42 ET"
SMH,246.5,2024-11-01,230.00,-6.69%,1.24,228.76,7.75%,208,828,42.02%,0.144585,85.31%,0.5%,22.0%,"14:11 ET"
SMH,246.5,2024-12-20,220.00,-10.75%,5,215,14.65%,523,6631,40.67%,0.209513,75.85%,2.3%,14.6%,"13:58 ET"
SMH,246.5,2024-12-20,225.00,-8.72%,6.2,218.8,12.66%,2076,8037,40.02%,0.249199,71.64%,2.8%,17.8%,"14:08 ET"
SMH,246.5,2024-11-15,240.00,-2.64%,6.8,233.2,5.70%,2361,8729,40.40%,0.377197,60.39%,2.9%,46.3%,"14:11 ET"
SNOW,113.79,2024-11-15,105.00,-7.72%,2.23,102.77,10.72%,1557,2467,50.93%,0.247172,73.53%,2.2%,34.4%,"14:02 ET"
SNOW,113.79,2024-11-01,110.00,-3.33%,2,108,5.36%,100,875,50.01%,0.331846,66.69%,1.9%,75.1%,"14:17 ET"
SNOW,113.79,2024-11-15,110.00,-3.33%,3.85,106.15,7.20%,104,6048,49.50%,0.372985,60.74%,3.6%,57.6%,"14:12 ET"
SOXL,32.67,2024-12-20,28.00,-14.29%,2.9,25.1,30.16%,104,639,102.45%,0.284097,64.72%,11.6%,72.7%,"13:40 ET"
SOXL,32.67,2024-11-08,25.00,-23.48%,0.55,24.45,33.62%,120,1057,120.06%,0.124168,85.64%,2.2%,51.3%,"14:15 ET"
SOXL,32.67,2024-11-15,27.00,-17.36%,1.22,25.78,26.73%,122,1621,110.57%,0.213067,75.39%,4.7%,75.1%,"14:08 ET"
SOXL,32.67,2024-11-08,30.00,-8.17%,1.85,28.15,16.06%,126,1095,111.55%,0.328994,64.25%,6.6%,149.9%,"14:18 ET"
SOXL,32.67,2025-01-17,30.00,-8.17%,4.65,25.35,28.88%,126,5329,99.54%,0.339631,57.00%,18.3%,77.9%,"14:10 ET"
SOXL,32.67,2024-11-01,27.50,-15.82%,0.45,27.05,20.78%,136,510,108.44%,0.149382,84.42%,1.7%,67.5%,"14:00 ET"
SOXL,32.67,2024-11-01,26.00,-20.42%,0.26,25.74,26.92%,141,775,113.06%,0.09346,90.08%,1.0%,41.0%,"14:17 ET"
SOXL,32.67,2024-11-08,26.00,-20.42%,0.71,25.29,29.18%,167,510,117.93%,0.155809,82.25%,2.8%,64.0%,"14:17 ET"
SOXL,32.67,2024-11-01,31.50,-3.58%,1.59,29.91,9.23%,174,767,101.53%,0.402798,59.05%,5.3%,215.6%,"14:17 ET"
SOXL,32.67,2024-11-08,28.00,-14.29%,1.19,26.81,21.86%,227,523,114.55%,0.234138,73.99%,4.4%,101.3%,"14:18 ET"
SOXL,32.67,2024-11-01,31.00,-5.11%,1.39,29.61,10.33%,230,1942,101.14%,0.36418,62.94%,4.7%,190.4%,"14:08 ET"
SOXL,32.67,2024-11-01,27.00,-17.36%,0.38,26.62,22.73%,234,566,109.29%,0.127301,86.67%,1.4%,57.9%,"14:15 ET"
SOXL,32.67,2024-12-20,25.00,-23.48%,1.89,23.11,41.37%,246,1626,105.52%,0.201448,73.77%,8.2%,51.5%,"14:17 ET"
SOXL,32.67,2024-11-15,30.00,-8.17%,2.23,27.77,17.64%,287,4242,106.62%,0.336885,62.50%,8.0%,127.4%,"14:11 ET"
SOXL,32.67,2024-11-01,25.00,-23.48%,0.18,24.82,31.63%,296,6888,117.06%,0.067563,92.73%,0.7%,29.4%,"14:13 ET"
SOXL,32.67,2024-11-01,28.00,-14.29%,0.54,27.46,18.97%,308,1580,107.39%,0.173444,81.98%,2.0%,79.8%,"14:18 ET"
SOXL,32.67,2024-11-15,25.00,-23.48%,0.76,24.24,34.78%,318,6475,111.79%,0.143511,82.98%,3.1%,49.8%,"14:18 ET"
SOXL,32.67,2024-11-08,29.00,-11.23%,1.48,27.52,18.71%,355,806,113.25%,0.28003,69.24%,5.4%,122.7%,"14:11 ET"
SOXL,32.67,2024-11-01,29.00,-11.23%,0.75,28.25,15.65%,394,761,104.97%,0.227979,76.51%,2.7%,107.7%,"14:10 ET"
SOXL,32.67,2024-11-15,26.00,-20.42%,0.97,25.03,30.52%,447,2095,110.49%,0.175567,79.48%,3.9%,61.5%,"14:09 ET"
SOXL,32.67,2024-11-01,32.00,-2.05%,1.81,30.19,8.21%,466,1097,98.91%,0.441612,55.31%,6.0%,243.1%,"14:16 ET"
SOXL,32.67,2024-11-15,28.00,-14.29%,1.52,26.48,23.38%,484,2066,108.84%,0.25117,71.38%,5.7%,91.1%,"14:17 ET"
SOXL,32.67,2024-11-01,30.00,-8.17%,1.03,28.97,12.77%,1195,3832,102.01%,0.290943,70.27%,3.6%,144.2%,"14:18 ET"
SOXX,223.71,2024-11-15,220.00,-1.66%,6.4,213.6,4.73%,205,3497,36.98%,0.414981,57.15%,3.0%,47.5%,"13:56 ET"
SOXX,223.71,2024-11-15,215.00,-3.89%,4.7,210.3,6.38%,265,1176,38.27%,0.325753,66.03%,2.2%,35.5%,"14:16 ET"
SOXX,223.71,2024-11-15,210.00,-6.13%,3.3,206.7,8.23%,340,2560,39.40%,0.248171,73.87%,1.6%,25.3%,"14:12 ET"
SOXX,223.71,2024-11-15,200.00,-10.60%,1.6,198.4,12.76%,513,2354,42.32%,0.135497,85.42%,0.8%,12.8%,"14:12 ET"
SPOT,381.09,2024-11-15,350.00,-8.16%,9.95,340.05,12.07%,225,1810,60.31%,0.263738,71.30%,2.9%,46.4%,"14:08 ET"
SPXL,164.05,2024-11-01,158.00,-3.69%,2.85,155.15,5.74%,415,688,50.21%,0.331511,68.32%,1.8%,74.5%,"13:36 ET"
SPY,575.95,2024-11-22,562.00,-2.42%,6.44,555.56,3.67%,100,527,18.91%,0.313833,67.44%,1.2%,14.1%,"14:06 ET"
SPY,575.95,2024-12-20,240.00,-58.33%,0.07,239.93,140.05%,101,5310,77.59%,0.001365,99.77%,0.0%,0.2%,"12:54 ET"
SPY,575.95,2024-12-20,260.00,-54.86%,0.09,259.91,121.60%,102,6185,72.52%,0.001817,99.70%,0.0%,0.2%,"12:55 ET"
SPY,575.95,2024-12-31,519.00,-9.89%,3.91,515.09,11.82%,103,962,23.20%,0.129711,84.90%,0.8%,4.0%,"12:52 ET"
SPY,575.95,2024-12-20,255.00,-55.73%,0.09,254.91,125.94%,103,5462,74.18%,0.001777,99.71%,0.0%,0.2%,"13:04 ET"
SPY,575.95,2024-12-31,495.00,-14.06%,2.47,492.53,16.94%,104,1123,26.54%,0.07908,90.54%,0.5%,2.7%,"14:16 ET"
SPY,575.95,2024-11-15,420.00,-27.08%,0.17,419.83,37.19%,104,10858,52.37%,0.006824,99.18%,0.0%,0.6%,"14:04 ET"
SPY,575.95,2024-12-31,430.00,-25.34%,0.99,429.01,34.25%,105,1366,36.92%,0.026739,96.57%,0.2%,1.2%,"11:51 ET"
SPY,575.95,2024-12-31,555.00,-3.64%,8.68,546.32,5.42%,109,2733,18.46%,0.291106,67.78%,1.6%,8.4%,"14:16 ET"
SPY,575.95,2024-12-31,385.00,-33.15%,0.61,384.39,49.83%,109,755,44.97%,0.014518,98.03%,0.2%,0.8%,"12:44 ET"
SPY,575.95,2024-11-08,556.00,-3.46%,3.18,552.82,4.18%,110,628,21.31%,0.214392,78.53%,0.6%,13.1%,"14:16 ET"
SPY,575.95,2025-01-17,490.00,-14.92%,2.98,487.02,18.26%,112,28471,26.40%,0.084468,89.64%,0.6%,2.6%,"14:10 ET"
SPY,575.95,2025-01-31,500.00,-13.19%,4.08,495.92,16.14%,113,4927,24.42%,0.10977,86.58%,0.8%,3.0%,"14:09 ET"
SPY,575.95,2024-12-20,335.00,-41.84%,0.27,334.73,72.06%,115,6460,57.17%,0.006074,99.13%,0.1%,0.5%,"12:31 ET"
SPY,575.95,2025-01-17,380.00,-34.02%,0.84,379.16,51.90%,115,8177,43.60%,0.017761,97.53%,0.2%,0.9%,"14:16 ET"
SPY,575.95,2024-12-31,467.00,-18.92%,1.57,465.43,23.75%,117,4291,30.74%,0.047275,94.17%,0.3%,1.8%,"12:53 ET"
SPY,575.95,2025-01-17,300.00,-47.91%,0.36,299.64,92.21%,117,5035,57.70%,0.006336,99.01%,0.1%,0.5%,"14:13 ET"
SPY,575.95,2024-11-01,505.00,-12.32%,0.19,504.81,14.09%,120,6113,38.96%,0.01564,98.42%,0.0%,1.5%,"14:18 ET"
SPY,575.95,2024-11-15,554.00,-3.81%,3.9,550.1,4.70%,120,2208,20.77%,0.221895,77.19%,0.7%,11.3%,"14:14 ET"
SPY,575.95,2024-11-22,567.00,-1.55%,7.74,559.26,2.98%,120,1585,18.08%,0.370289,61.87%,1.4%,16.8%,"14:18 ET"
SPY,575.95,2024-11-01,559.00,-2.94%,1.51,557.49,3.31%,122,2647,18.80%,0.165644,84.42%,0.3%,11.0%,"14:16 ET"
SPY,575.95,2024-10-31,552.00,-4.16%,0.64,551.36,4.46%,124,2846,20.13%,0.083391,92.29%,0.1%,5.3%,"14:17 ET"
SPY,575.95,2024-11-15,505.00,-12.32%,0.67,504.33,14.20%,124,43734,30.09%,0.03781,95.91%,0.1%,2.1%,"14:03 ET"
SPY,575.95,2024-11-01,557.00,-3.29%,1.28,555.72,3.64%,125,1366,19.28%,0.143034,86.54%,0.2%,9.3%,"14:17 ET"
SPY,575.95,2024-10-31,559.00,-2.94%,1.15,557.85,3.24%,126,1899,18.17%,0.144588,86.66%,0.2%,9.4%,"14:16 ET"
SPY,575.95,2024-11-29,563.00,-2.25%,7.26,555.74,3.64%,128,1442,17.97%,0.329459,65.45%,1.3%,12.9%,"13:33 ET"
SPY,575.95,2024-10-31,545.00,-5.37%,0.4,544.6,5.76%,129,10430,22.21%,0.050041,95.35%,0.1%,3.4%,"14:17 ET"
SPY,575.95,2024-11-29,545.00,-5.37%,3.99,541.01,6.46%,130,3951,20.72%,0.187119,79.88%,0.7%,7.3%,"14:01 ET"
SPY,575.95,2024-11-15,480.00,-16.66%,0.42,479.58,20.09%,131,48262,36.55%,0.021131,97.65%,0.1%,1.4%,"14:05 ET"
SPY,575.95,2024-12-31,557.00,-3.29%,9.1,547.9,5.12%,133,738,18.19%,0.304852,66.38%,1.7%,8.8%,"11:17 ET"
SPY,575.95,2024-12-31,470.00,-18.40%,1.64,468.36,22.97%,133,1145,30.26%,0.04976,93.88%,0.4%,1.9%,"14:00 ET"
SPY,575.95,2024-10-31,480.00,-16.66%,0.11,479.89,20.02%,134,14619,51.23%,0.007801,99.19%,0.0%,1.0%,"13:27 ET"
SPY,575.95,2024-11-15,405.00,-29.68%,0.13,404.87,42.26%,138,5914,55.81%,0.004904,99.40%,0.0%,0.5%,"14:06 ET"
SPY,575.95,2024-11-15,410.00,-28.81%,0.14,409.86,40.52%,139,10938,54.94%,0.00567,99.31%,0.0%,0.5%,"14:16 ET"
SPY,575.95,2025-01-17,400.00,-30.55%,1.02,398.98,44.36%,139,19016,40.24%,0.022845,96.90%,0.3%,1.1%,"13:18 ET"
SPY,575.95,2024-11-29,547.00,-5.03%,4.26,542.74,6.12%,142,3384,20.42%,0.199426,78.61%,0.8%,7.7%,"14:15 ET"
SPY,575.95,2024-12-31,380.00,-34.02%,0.57,379.43,51.79%,144,862,45.78%,0.01344,98.17%,0.2%,0.8%,"13:27 ET"
SPY,575.95,2024-10-31,504.00,-12.49%,0.16,503.84,14.31%,145,2981,40.71%,0.013347,98.66%,0.0%,1.4%,"11:06 ET"
SPY,575.95,2025-01-31,570.00,-1.03%,14.63,555.37,3.71%,145,715,16.07%,0.411213,54.91%,2.6%,9.6%,"14:18 ET"
SPY,575.95,2024-11-29,515.00,-10.58%,1.62,513.38,12.19%,146,15709,25.49%,0.075535,91.59%,0.3%,3.1%,"14:03 ET"
SPY,575.95,2025-01-17,180.00,-68.75%,0.07,179.93,220.10%,146,11249,83.22%,0.000976,99.80%,0.0%,0.2%,"13:25 ET"
SPY,575.95,2024-11-22,535.00,-7.11%,2.44,532.56,8.15%,149,702,23.26%,0.125485,86.56%,0.5%,5.6%,"14:04 ET"
SPY,575.95,2024-11-22,435.00,-24.47%,0.33,434.67,32.50%,149,775,45.06%,0.012461,98.51%,0.1%,0.9%,"13:48 ET"
SPY,575.95,2024-10-31,498.00,-13.53%,0.14,497.86,15.69%,151,1946,43.16%,0.011266,98.86%,0.0%,1.3%,"10:42 ET"
SPY,575.95,2024-11-15,538.00,-6.59%,2,536,7.45%,152,6328,23.46%,0.118268,87.65%,0.4%,5.9%,"14:04 ET"
SPY,575.95,2024-11-29,340.00,-40.97%,0.12,339.88,69.46%,155,4400,63.25%,0.003216,99.56%,0.0%,0.3%,"14:17 ET"
SPY,575.95,2024-12-20,360.00,-37.49%,0.37,359.63,60.15%,157,12293,52.31%,0.008761,98.79%,0.1%,0.6%,"13:29 ET"
SPY,575.95,2024-11-08,535.00,-7.11%,1.07,533.93,7.87%,161,3521,25.00%,0.078006,92.06%,0.2%,4.6%,"14:17 ET"
SPY,575.95,2025-01-17,330.00,-42.70%,0.5,329.5,74.80%,170,3214,52.31%,0.009465,98.59%,0.2%,0.6%,"14:11 ET"
SPY,575.95,2024-11-29,460.00,-20.13%,0.58,459.42,25.36%,171,2434,36.47%,0.022417,97.36%,0.1%,1.2%,"14:16 ET"
SPY,575.95,2024-11-08,568.00,-1.38%,5.97,562.03,2.48%,173,984,19.33%,0.367986,63.44%,1.1%,24.2%,"14:17 ET"
SPY,575.95,2025-01-17,475.00,-17.53%,2.4,472.6,21.87%,176,15098,28.49%,0.065526,91.83%,0.5%,2.2%,"14:17 ET"
SPY,575.95,2024-11-08,480.00,-16.66%,0.25,479.75,20.05%,180,51110,40.43%,0.014439,98.43%,0.1%,1.2%,"13:14 ET"
SPY,575.95,2024-11-22,440.00,-23.60%,0.36,439.64,31.00%,182,672,43.98%,0.013764,98.36%,0.1%,1.0%,"13:48 ET"
SPY,575.95,2024-12-31,570.00,-1.03%,12.41,557.59,3.29%,183,3444,16.44%,0.411536,55.78%,2.2%,11.8%,"14:18 ET"
SPY,575.95,2024-12-31,560.00,-2.77%,9.76,550.24,4.67%,183,3765,17.78%,0.326338,64.18%,1.8%,9.4%,"14:18 ET"
SPY,575.95,2025-01-17,350.00,-39.23%,0.62,349.38,64.85%,185,9465,48.76%,0.012178,98.23%,0.2%,0.8%,"14:16 ET"
SPY,575.95,2024-11-22,564.00,-2.07%,6.93,557.07,3.39%,186,1409,18.58%,0.335532,65.30%,1.2%,15.1%,"14:12 ET"
SPY,575.95,2024-12-31,540.00,-6.24%,6.16,533.84,7.89%,187,9591,20.45%,0.206877,76.58%,1.2%,6.1%,"14:05 ET"
SPY,575.95,2024-11-29,549.00,-4.68%,4.55,544.45,5.79%,190,939,20.12%,0.212496,77.28%,0.8%,8.2%,"14:05 ET"
SPY,575.95,2024-11-15,553.00,-3.98%,3.74,549.26,4.86%,190,13792,20.94%,0.21345,78.04%,0.7%,10.8%,"14:17 ET"
SPY,575.95,2024-11-15,450.00,-21.87%,0.27,449.73,28.07%,197,22059,44.59%,0.011931,98.63%,0.1%,1.0%,"14:15 ET"
SPY,575.95,2024-10-31,488.00,-15.27%,0.12,487.88,18.05%,199,3157,47.54%,0.009014,99.07%,0.0%,1.1%,"13:24 ET"
SPY,575.95,2024-11-15,526.00,-8.67%,1.27,524.73,9.76%,200,4047,25.64%,0.075062,92.06%,0.2%,3.8%,"14:15 ET"
SPY,575.95,2024-12-31,390.00,-32.29%,0.64,389.36,47.92%,203,2011,44.07%,0.015545,97.91%,0.2%,0.9%,"11:51 ET"
SPY,575.95,2024-11-29,548.00,-4.85%,4.4,543.6,5.95%,204,502,20.27%,0.205816,77.96%,0.8%,8.0%,"14:02 ET"
SPY,575.95,2024-11-29,445.00,-22.74%,0.48,444.52,29.57%,206,4218,39.89%,0.017613,97.89%,0.1%,1.1%,"10:45 ET"
SPY,575.95,2025-01-17,390.00,-32.29%,0.92,389.08,48.03%,206,9110,41.93%,0.02017,97.23%,0.2%,1.0%,"13:18 ET"
SPY,575.95,2024-11-15,490.00,-14.92%,0.5,489.5,17.66%,207,80014,33.94%,0.026316,97.11%,0.1%,1.6%,"14:10 ET"
SPY,575.95,2024-10-31,503.00,-12.67%,0.15,502.85,14.54%,210,1649,40.89%,0.012568,98.74%,0.0%,1.4%,"11:46 ET"
SPY,575.95,2025-01-17,465.00,-19.26%,2.09,462.91,24.42%,211,13097,29.93%,0.055842,92.96%,0.5%,1.9%,"14:10 ET"
SPY,575.95,2024-12-31,526.00,-8.67%,4.53,521.47,10.45%,214,1058,22.27%,0.15117,82.56%,0.9%,4.6%,"12:57 ET"
SPY,575.95,2024-11-15,519.00,-9.89%,0.99,518.01,11.19%,217,1307,26.99%,0.058402,93.78%,0.2%,3.0%,"12:20 ET"
SPY,575.95,2024-11-22,566.00,-1.73%,7.46,558.54,3.12%,220,525,18.25%,0.358379,63.04%,1.3%,16.3%,"14:13 ET"
SPY,575.95,2024-10-31,505.00,-12.32%,0.16,504.84,14.09%,221,17247,40.18%,0.013509,98.65%,0.0%,1.4%,"13:40 ET"
SPY,575.95,2024-11-15,542.00,-5.89%,2.36,539.64,6.73%,221,12030,22.78%,0.138379,85.60%,0.4%,6.9%,"14:13 ET"
SPY,575.95,2024-10-31,487.00,-15.44%,0.12,486.88,18.29%,223,2149,47.82%,0.008641,99.11%,0.0%,1.1%,"14:07 ET"
SPY,575.95,2024-12-20,350.00,-39.23%,0.32,349.68,64.71%,224,25685,54.21%,0.007544,98.94%,0.1%,0.6%,"14:17 ET"
SPY,575.95,2024-11-15,517.00,-10.24%,0.93,516.07,11.60%,225,2322,27.41%,0.054644,94.17%,0.2%,2.9%,"13:18 ET"
SPY,575.95,2024-11-22,525.00,-8.85%,1.76,523.24,10.07%,225,774,24.91%,0.089946,90.26%,0.3%,4.1%,"14:16 ET"
SPY,575.95,2025-01-17,480.00,-16.66%,2.57,477.43,20.64%,225,19418,27.79%,0.071216,91.17%,0.5%,2.3%,"14:17 ET"
SPY,575.95,2024-11-29,430.00,-25.34%,0.4,429.6,34.07%,227,6967,43.28%,0.013903,98.30%,0.1%,0.9%,"13:53 ET"
SPY,575.95,2024-12-20,544.00,-5.55%,6.09,537.91,7.07%,228,2601,20.55%,0.218698,75.70%,1.1%,7.1%,"14:14 ET"
SPY,575.95,2024-11-29,497.00,-13.71%,1.05,495.95,16.13%,232,1110,28.72%,0.047123,94.66%,0.2%,2.1%,"13:13 ET"
SPY,575.95,2024-11-29,473.00,-17.87%,0.69,472.31,21.94%,234,1663,33.63%,0.028316,96.71%,0.1%,1.4%,"13:10 ET"
SPY,575.95,2025-01-17,185.00,-67.88%,0.07,184.93,211.44%,236,4573,81.34%,0.000999,99.80%,0.0%,0.2%,"14:08 ET"
SPY,575.95,2024-10-31,558.00,-3.12%,1.05,556.95,3.41%,237,3220,18.46%,0.133678,87.66%,0.2%,8.6%,"14:17 ET"
SPY,575.95,2024-12-31,525.00,-8.85%,4.43,520.57,10.64%,238,5837,22.40%,0.147887,82.92%,0.9%,4.5%,"14:10 ET"
SPY,575.95,2024-11-29,505.00,-12.32%,1.26,503.74,14.33%,245,8313,27.25%,0.057654,93.52%,0.3%,2.5%,"13:27 ET"
SPY,575.95,2024-11-15,511.00,-11.28%,0.78,510.22,12.88%,245,1705,28.68%,0.044964,95.17%,0.2%,2.4%,"14:08 ET"
SPY,575.95,2024-11-01,537.00,-6.76%,0.36,536.64,7.33%,246,999,25.02%,0.039082,96.27%,0.1%,2.7%,"14:05 ET"
SPY,575.95,2024-11-15,556.00,-3.46%,4.25,551.75,4.39%,246,15104,20.45%,0.239878,75.39%,0.8%,12.2%,"14:16 ET"
SPY,575.95,2024-10-31,561.00,-2.60%,1.38,559.62,2.92%,249,4868,17.65%,0.170171,84.29%,0.2%,11.3%,"14:17 ET"
SPY,575.95,2024-12-31,500.00,-13.19%,2.7,497.3,15.82%,249,7832,25.81%,0.087252,89.62%,0.5%,2.9%,"14:16 ET"
SPY,575.95,2024-11-15,495.00,-14.06%,0.54,494.46,16.48%,253,29901,32.56%,0.029217,96.81%,0.1%,1.7%,"14:06 ET"
SPY,575.95,2024-11-15,470.00,-18.40%,0.37,469.63,22.64%,253,15315,39.30%,0.017482,98.03%,0.1%,1.3%,"14:15 ET"
SPY,575.95,2024-10-31,485.00,-15.79%,0.12,484.88,18.78%,255,6038,49.12%,0.008746,99.09%,0.0%,1.1%,"13:38 ET"
SPY,575.95,2024-11-29,496.00,-13.88%,1.03,494.97,16.36%,256,693,28.89%,0.045916,94.79%,0.2%,2.1%,"13:13 ET"
SPY,575.95,2024-12-31,545.00,-5.37%,6.9,538.1,7.03%,256,35390,19.80%,0.231834,73.95%,1.3%,6.8%,"14:00 ET"
SPY,575.95,2024-12-31,400.00,-30.55%,0.72,399.28,44.25%,257,4024,42.29%,0.017811,97.63%,0.2%,1.0%,"13:20 ET"
SPY,575.95,2024-11-08,520.00,-9.71%,0.58,519.42,10.88%,257,4214,28.37%,0.041339,95.73%,0.1%,2.5%,"13:46 ET"
SPY,575.95,2025-01-17,430.00,-25.34%,1.37,428.63,34.37%,264,16976,35.27%,0.033525,95.61%,0.3%,1.4%,"13:56 ET"
SPY,575.95,2024-10-31,515.00,-10.58%,0.18,514.82,11.87%,265,11473,35.44%,0.016773,98.35%,0.0%,1.6%,"13:56 ET"
SPY,575.95,2024-11-29,539.00,-6.42%,3.29,535.71,7.51%,265,871,21.64%,0.155165,83.20%,0.6%,6.1%,"14:16 ET"
SPY,575.95,2024-11-29,475.00,-17.53%,0.71,474.29,21.43%,265,2327,33.23%,0.029525,96.57%,0.1%,1.5%,"14:06 ET"
SPY,575.95,2024-11-29,535.00,-7.11%,2.9,532.1,8.24%,268,4950,22.26%,0.13695,85.10%,0.5%,5.4%,"14:05 ET"
SPY,575.95,2024-11-15,524.00,-9.02%,1.18,522.82,10.16%,268,1568,26.01%,0.069696,92.62%,0.2%,3.6%,"13:36 ET"
SPY,575.95,2024-11-15,541.00,-6.07%,2.26,538.74,6.91%,269,10669,22.94%,0.133038,86.15%,0.4%,6.7%,"13:25 ET"
SPY,575.95,2024-10-31,502.00,-12.84%,0.15,501.85,14.77%,270,3121,41.42%,0.012421,98.75%,0.0%,1.4%,"11:45 ET"
SPY,575.95,2024-10-31,501.00,-13.01%,0.15,500.85,14.99%,270,1899,41.95%,0.012277,98.76%,0.0%,1.4%,"10:50 ET"
SPY,575.95,2024-11-15,564.00,-2.07%,5.98,558.02,3.21%,274,6145,19.11%,0.325385,66.89%,1.1%,17.0%,"14:17 ET"
SPY,575.95,2024-11-15,558.00,-3.12%,4.63,553.37,4.08%,274,4914,20.12%,0.259154,73.47%,0.8%,13.3%,"14:04 ET"
SPY,575.95,2024-12-20,305.00,-47.04%,0.18,304.82,88.95%,274,6290,63.15%,0.003842,99.42%,0.1%,0.4%,"14:02 ET"
SPY,575.95,2025-01-31,520.00,-9.71%,5.65,514.35,11.98%,281,9897,21.94%,0.1565,81.32%,1.1%,4.0%,"14:10 ET"
SPY,575.95,2024-11-08,540.00,-6.24%,1.37,538.63,6.93%,284,8404,24.05%,0.098954,89.97%,0.3%,5.8%,"14:17 ET"
SPY,575.95,2025-01-31,340.00,-40.97%,0.67,339.33,69.73%,290,2592,48.15%,0.012281,98.18%,0.2%,0.7%,"14:16 ET"
SPY,575.95,2024-11-15,400.00,-30.55%,0.12,399.88,44.03%,295,11626,57.59%,0.004759,99.42%,0.0%,0.5%,"14:16 ET"
SPY,575.95,2024-12-20,527.00,-8.50%,4.07,522.93,10.14%,295,3221,22.91%,0.145629,83.46%,0.8%,4.9%,"14:03 ET"
SPY,575.95,2024-12-31,530.00,-7.98%,4.93,525.07,9.69%,296,5484,21.74%,0.16517,81.05%,0.9%,5.0%,"14:09 ET"
SPY,575.95,2025-01-17,460.00,-20.13%,1.96,458.04,25.74%,300,21001,30.69%,0.051798,93.44%,0.4%,1.8%,"14:10 ET"
SPY,575.95,2024-12-20,542.00,-5.89%,5.8,536.2,7.41%,303,2993,20.82%,0.208359,76.79%,1.1%,6.8%,"14:15 ET"
SPY,575.95,2024-11-29,360.00,-37.49%,0.16,359.84,60.06%,312,2409,58.76%,0.004493,99.40%,0.0%,0.4%,"14:16 ET"
SPY,575.95,2024-12-31,535.00,-7.11%,5.51,529.49,8.77%,314,12098,21.09%,0.1847,78.94%,1.0%,5.5%,"14:16 ET"
SPY,575.95,2025-01-31,565.00,-1.90%,13.19,551.81,4.37%,324,504,16.64%,0.372213,58.72%,2.4%,8.7%,"14:16 ET"
SPY,575.95,2024-10-31,569.00,-1.21%,2.87,566.13,1.73%,326,2262,15.81%,0.3247,69.80%,0.5%,23.1%,"14:17 ET"
SPY,575.95,2024-10-31,554.00,-3.81%,0.75,553.25,4.10%,329,1669,19.56%,0.097226,91.02%,0.1%,6.2%,"14:17 ET"
SPY,575.95,2024-11-01,545.00,-5.37%,0.55,544.45,5.79%,333,13761,22.45%,0.061892,94.14%,0.1%,4.1%,"14:17 ET"
SPY,575.95,2024-12-20,569.00,-1.21%,11.38,557.62,3.29%,340,1526,16.94%,0.40179,57.13%,2.0%,12.8%,"14:04 ET"
SPY,575.95,2024-11-15,460.00,-20.13%,0.32,459.68,25.29%,342,6144,41.98%,0.014453,98.35%,0.1%,1.1%,"14:16 ET"
SPY,575.95,2024-11-01,549.00,-4.68%,0.71,548.29,5.04%,343,829,21.33%,0.080774,92.38%,0.1%,5.3%,"14:15 ET"
SPY,575.95,2024-11-29,565.00,-1.90%,7.77,557.23,3.36%,347,8788,17.63%,0.35027,63.38%,1.4%,13.8%,"14:17 ET"
SPY,575.95,2024-11-29,470.00,-18.40%,0.66,469.34,22.71%,353,1466,34.32%,0.026916,96.86%,0.1%,1.4%,"13:16 ET"
SPY,575.95,2024-12-31,468.00,-18.74%,1.59,466.41,23.49%,354,720,30.57%,0.048029,94.08%,0.3%,1.8%,"12:20 ET"
SPY,575.95,2024-11-15,510.00,-11.45%,0.76,509.24,13.10%,354,179636,28.92%,0.043658,95.31%,0.1%,2.4%,"14:16 ET"
SPY,575.95,2024-11-29,471.00,-18.22%,0.67,470.33,22.46%,356,1107,34.06%,0.027279,96.82%,0.1%,1.4%,"13:25 ET"
SPY,575.95,2025-01-31,540.00,-6.24%,8.09,531.91,8.28%,362,5347,19.55%,0.227874,73.56%,1.5%,5.6%,"14:17 ET"
SPY,575.95,2024-11-15,557.00,-3.29%,4.44,552.56,4.23%,366,4294,20.29%,0.249433,74.43%,0.8%,12.8%,"14:17 ET"
SPY,575.95,2024-11-15,521.00,-9.54%,1.06,519.94,10.77%,372,2296,26.60%,0.062671,93.34%,0.2%,3.2%,"14:14 ET"
SPY,575.95,2024-11-22,550.00,-4.51%,4.15,545.85,5.51%,372,1822,20.82%,0.208961,78.00%,0.8%,9.3%,"14:15 ET"
SPY,575.95,2024-11-22,540.00,-6.24%,2.92,537.08,7.24%,373,1315,22.47%,0.148852,84.15%,0.5%,6.6%,"14:17 ET"
SPY,575.95,2024-11-29,495.00,-14.06%,1.01,493.99,16.59%,375,6961,29.09%,0.044874,94.90%,0.2%,2.0%,"13:07 ET"
SPY,575.95,2024-12-20,567.00,-1.55%,10.82,556.18,3.55%,375,2202,17.24%,0.382949,59.01%,1.9%,12.2%,"14:12 ET"
SPY,575.95,2024-12-31,370.00,-35.76%,0.52,369.48,55.88%,378,2039,47.72%,0.011909,98.35%,0.1%,0.7%,"12:28 ET"
SPY,575.95,2024-11-15,543.00,-5.72%,2.46,540.54,6.55%,379,4117,22.61%,0.143959,85.04%,0.5%,7.2%,"14:16 ET"
SPY,575.95,2024-12-20,470.00,-18.40%,1.38,468.62,22.90%,379,18496,31.68%,0.044415,94.63%,0.3%,1.9%,"13:50 ET"
SPY,575.95,2024-12-31,375.00,-34.89%,0.55,374.45,53.81%,381,675,46.82%,0.012747,98.25%,0.1%,0.8%,"14:04 ET"
SPY,575.95,2024-12-20,547.00,-5.03%,6.56,540.44,6.57%,381,2064,20.14%,0.235418,73.97%,1.2%,7.6%,"14:03 ET"
SPY,575.95,2024-11-15,522.00,-9.37%,1.1,520.9,10.57%,385,1871,26.39%,0.064851,93.12%,0.2%,3.4%,"14:05 ET"
SPY,575.95,2024-12-31,550.00,-4.51%,7.73,542.27,6.21%,388,7745,19.11%,0.259538,71.05%,1.4%,7.5%,"14:17 ET"
SPY,575.95,2025-01-17,410.00,-28.81%,1.12,408.88,40.86%,388,12040,38.57%,0.025906,96.53%,0.3%,1.2%,"14:18 ET"
SPY,575.95,2024-12-20,557.00,-3.29%,8.39,548.61,4.98%,389,2426,18.70%,0.300066,67.32%,1.5%,9.6%,"14:08 ET"
SPY,575.95,2025-01-17,420.00,-27.08%,1.24,418.76,37.54%,389,14167,36.90%,0.029391,96.10%,0.3%,1.3%,"13:00 ET"
SPY,575.95,2024-12-20,553.00,-3.98%,7.6,545.4,5.60%,400,1707,19.28%,0.27237,70.16%,1.4%,8.8%,"14:12 ET"
SPY,575.95,2025-01-17,535.00,-7.11%,6.59,528.41,9.00%,401,19978,20.59%,0.198404,76.98%,1.2%,5.3%,"14:04 ET"
SPY,575.95,2025-01-17,520.00,-9.71%,4.95,515.05,11.82%,401,18023,22.45%,0.147091,82.59%,1.0%,4.1%,"14:15 ET"
SPY,575.95,2024-11-15,552.00,-4.16%,3.58,548.42,5.02%,409,10927,21.10%,0.205121,78.87%,0.7%,10.4%,"14:14 ET"
SPY,575.95,2024-11-15,537.00,-6.76%,1.92,535.08,7.64%,409,14640,23.63%,0.113706,88.11%,0.4%,5.7%,"14:07 ET"
SPY,575.95,2024-12-31,543.00,-5.72%,6.59,536.41,7.37%,412,10667,20.05%,0.22142,75.04%,1.2%,6.5%,"13:34 ET"
SPY,575.95,2024-11-29,472.00,-18.05%,0.68,471.32,22.20%,414,1119,33.84%,0.027794,96.76%,0.1%,1.4%,"13:17 ET"
SPY,575.95,2024-12-20,537.00,-6.76%,5.15,531.85,8.29%,414,4841,21.51%,0.18473,79.29%,1.0%,6.1%,"14:18 ET"
SPY,575.95,2024-11-08,500.00,-13.19%,0.35,499.65,15.27%,416,4323,34.21%,0.02285,97.58%,0.1%,1.6%,"14:14 ET"
SPY,575.95,2025-01-17,515.00,-10.58%,4.52,510.48,12.83%,419,27562,23.08%,0.133478,84.09%,0.9%,3.8%,"14:00 ET"
SPY,575.95,2025-01-17,510.00,-11.45%,4.14,505.86,13.86%,422,33992,23.73%,0.121365,85.45%,0.8%,3.5%,"14:00 ET"
SPY,575.95,2024-11-15,569.00,-1.21%,7.39,561.61,2.55%,424,4515,18.27%,0.391041,60.44%,1.3%,20.9%,"14:14 ET"
SPY,575.95,2024-12-20,538.00,-6.59%,5.27,532.73,8.11%,427,2974,21.38%,0.189303,78.81%,1.0%,6.2%,"14:03 ET"
SPY,575.95,2024-12-20,543.00,-5.72%,5.95,537.05,7.24%,438,4619,20.69%,0.213478,76.25%,1.1%,7.0%,"14:09 ET"
SPY,575.95,2025-01-17,545.00,-5.37%,8.06,536.94,7.27%,438,13659,19.37%,0.243662,72.16%,1.5%,6.4%,"14:15 ET"
SPY,575.95,2024-11-01,561.00,-2.60%,1.77,559.23,2.99%,439,5195,18.37%,0.192243,81.91%,0.3%,12.8%,"14:16 ET"
SPY,575.95,2024-10-31,483.00,-16.14%,0.11,482.89,19.27%,444,1255,49.39%,0.007752,99.20%,0.0%,1.0%,"14:05 ET"
SPY,575.95,2024-11-01,540.00,-6.24%,0.42,539.58,6.74%,447,13955,24.12%,0.046606,95.56%,0.1%,3.2%,"13:51 ET"
SPY,575.95,2024-11-01,548.00,-4.85%,0.66,547.34,5.23%,449,4614,21.58%,0.075234,92.90%,0.1%,4.9%,"14:16 ET"
SPY,575.95,2024-11-01,546.00,-5.20%,0.58,545.42,5.60%,449,1074,22.16%,0.065979,93.76%,0.1%,4.3%,"13:47 ET"
SPY,575.95,2025-01-17,505.00,-12.32%,3.8,501.2,14.91%,451,12346,24.38%,0.11056,86.67%,0.8%,3.2%,"12:54 ET"
SPY,575.95,2024-12-20,539.00,-6.42%,5.4,533.6,7.94%,456,1699,21.25%,0.193935,78.31%,1.0%,6.4%,"13:26 ET"
SPY,575.95,2024-12-20,563.00,-2.25%,9.76,553.24,4.10%,460,2662,17.83%,0.347172,62.55%,1.8%,11.1%,"14:18 ET"
SPY,575.95,2024-12-20,549.00,-4.68%,6.89,542.11,6.24%,461,823,19.86%,0.24706,72.75%,1.3%,8.0%,"14:17 ET"
SPY,575.95,2024-11-08,555.00,-3.64%,3.01,551.99,4.34%,462,3077,21.43%,0.204008,79.56%,0.5%,12.4%,"14:17 ET"
SPY,575.95,2024-11-29,474.00,-17.70%,0.7,473.3,21.69%,463,642,33.41%,0.028843,96.65%,0.1%,1.5%,"13:03 ET"
SPY,575.95,2024-11-01,557.50,-3.20%,1.34,556.16,3.56%,466,741,19.15%,0.148288,86.05%,0.2%,9.8%,"14:17 ET"
SPY,575.95,2024-10-31,530.00,-7.98%,0.23,529.77,8.72%,468,13325,28.45%,0.025286,97.58%,0.0%,2.0%,"14:16 ET"
SPY,575.95,2024-11-01,558.00,-3.12%,1.39,556.61,3.47%,469,3342,19.06%,0.154201,85.49%,0.2%,10.1%,"14:18 ET"
SPY,575.95,2024-11-15,566.00,-1.73%,6.51,559.49,2.94%,479,5671,18.78%,0.35048,64.42%,1.2%,18.5%,"14:17 ET"
SPY,575.95,2024-12-20,526.00,-8.67%,3.98,522.02,10.33%,479,1999,23.05%,0.142291,83.82%,0.8%,4.8%,"14:03 ET"
SPY,575.95,2024-12-20,460.00,-20.13%,1.19,458.81,25.53%,488,21897,33.38%,0.037278,95.44%,0.3%,1.6%,"14:06 ET"
SPY,575.95,2024-12-31,520.00,-9.71%,3.99,516.01,11.62%,490,1775,23.06%,0.132514,84.59%,0.8%,4.1%,"14:07 ET"
SPY,575.95,2024-12-31,521.00,-9.54%,4.07,516.93,11.42%,502,9808,22.93%,0.135439,84.27%,0.8%,4.2%,"14:04 ET"
SPY,575.95,2024-11-15,559.00,-2.94%,4.83,554.17,3.93%,502,4843,19.95%,0.269379,72.46%,0.9%,13.8%,"14:18 ET"
SPY,575.95,2024-11-15,563.00,-2.25%,5.73,557.27,3.35%,513,4785,19.29%,0.313505,68.07%,1.0%,16.3%,"14:12 ET"
SPY,575.95,2024-11-22,555.00,-3.64%,4.98,550.02,4.71%,516,1185,20.04%,0.247999,74.06%,0.9%,11.0%,"14:17 ET"
SPY,575.95,2024-11-01,569.00,-1.21%,3.4,565.6,1.83%,518,1758,16.58%,0.339269,67.95%,0.6%,24.4%,"14:14 ET"
SPY,575.95,2024-11-22,560.00,-2.77%,5.98,554.02,3.96%,519,784,19.23%,0.293504,69.47%,1.1%,13.1%,"14:12 ET"
SPY,575.95,2024-11-15,536.00,-6.94%,1.85,534.15,7.83%,524,3027,23.80%,0.109358,88.55%,0.3%,5.5%,"13:52 ET"
SPY,575.95,2024-11-29,476.00,-17.35%,0.72,475.28,21.18%,530,1135,33.01%,0.030067,96.51%,0.2%,1.5%,"13:12 ET"
SPY,575.95,2024-11-08,510.00,-11.45%,0.43,509.57,13.03%,534,890,31.13%,0.029689,96.90%,0.1%,1.9%,"14:00 ET"
SPY,575.95,2024-12-20,554.00,-3.81%,7.79,546.21,5.44%,542,2039,19.14%,0.279019,69.47%,1.4%,9.0%,"14:09 ET"
SPY,575.95,2024-11-15,562.00,-2.42%,5.49,556.51,3.49%,543,3855,19.46%,0.30195,69.22%,1.0%,15.7%,"14:17 ET"
SPY,575.95,2024-12-20,480.00,-16.66%,1.61,478.39,20.39%,547,31999,30.01%,0.053349,93.61%,0.3%,2.1%,"14:16 ET"
SPY,575.95,2024-12-20,566.00,-1.73%,10.54,555.46,3.69%,548,1320,17.39%,0.373858,59.92%,1.9%,11.9%,"14:15 ET"
SPY,575.95,2024-11-29,425.00,-26.21%,0.38,424.62,35.64%,554,1803,44.47%,0.012954,98.41%,0.1%,0.9%,"13:28 ET"
SPY,575.95,2025-01-17,470.00,-18.40%,2.23,467.77,23.13%,564,24998,29.21%,0.060437,92.42%,0.5%,2.0%,"14:17 ET"
SPY,575.95,2024-11-22,565.00,-1.90%,7.19,557.81,3.25%,566,2069,18.42%,0.346717,64.19%,1.3%,15.7%,"14:16 ET"
SPY,575.95,2024-10-31,563.00,-2.25%,1.65,561.35,2.60%,576,2384,17.15%,0.200431,81.48%,0.3%,13.4%,"14:18 ET"
SPY,575.95,2024-11-15,509.00,-11.62%,0.74,508.26,13.32%,595,1171,29.14%,0.042373,95.44%,0.1%,2.3%,"12:33 ET"
SPY,575.95,2024-11-29,530.00,-7.98%,2.49,527.51,9.18%,629,2911,23.02%,0.117254,87.17%,0.5%,4.7%,"14:18 ET"
SPY,575.95,2024-11-08,562.00,-2.42%,4.37,557.63,3.29%,634,1567,20.33%,0.283011,71.77%,0.8%,17.9%,"14:13 ET"
SPY,575.95,2024-12-20,552.00,-4.16%,7.41,544.59,5.76%,650,7080,19.42%,0.265818,70.84%,1.4%,8.6%,"14:13 ET"
SPY,575.95,2024-12-20,536.00,-6.94%,5.03,530.97,8.47%,655,1238,21.66%,0.180462,79.74%,0.9%,6.0%,"14:16 ET"
SPY,575.95,2025-01-17,565.00,-1.90%,12.31,552.69,4.21%,676,4501,16.91%,0.370254,59.24%,2.2%,9.5%,"14:16 ET"
SPY,575.95,2024-12-20,525.00,-8.85%,3.89,521.11,10.52%,677,39739,23.19%,0.138992,84.18%,0.7%,4.7%,"14:17 ET"
SPY,575.95,2024-12-20,534.00,-7.28%,4.79,529.21,8.83%,678,2871,21.93%,0.172007,80.65%,0.9%,5.7%,"14:05 ET"
SPY,575.95,2024-12-31,405.00,-29.68%,0.76,404.24,42.48%,682,2490,41.40%,0.019059,97.48%,0.2%,1.0%,"12:29 ET"
SPY,575.95,2025-01-17,530.00,-7.98%,5.98,524.02,9.91%,695,28169,21.20%,0.179323,79.04%,1.1%,4.8%,"14:18 ET"
SPY,575.95,2024-12-20,475.00,-17.53%,1.49,473.51,21.63%,700,61251,30.84%,0.048602,94.15%,0.3%,2.0%,"14:16 ET"
SPY,575.95,2024-12-20,562.00,-2.42%,9.52,552.48,4.25%,720,1824,17.98%,0.338941,63.39%,1.7%,10.8%,"14:17 ET"
SPY,575.95,2024-11-15,533.00,-7.46%,1.64,531.36,8.39%,732,16447,24.33%,0.097416,89.77%,0.3%,4.9%,"13:43 ET"
SPY,575.95,2024-12-20,559.00,-2.94%,8.82,550.18,4.68%,737,1316,18.41%,0.314904,65.80%,1.6%,10.1%,"14:14 ET"
SPY,575.95,2024-12-20,564.00,-2.07%,10.02,553.98,3.97%,742,2435,17.69%,0.355663,61.69%,1.8%,11.4%,"14:15 ET"
SPY,575.95,2024-10-30,560.00,-2.77%,0.98,559.02,3.03%,744,736,17.54%,0.137129,87.62%,0.2%,9.1%,"14:18 ET"
SPY,575.95,2024-11-29,555.00,-3.64%,5.54,549.46,4.82%,758,10837,19.18%,0.256305,72.80%,1.0%,9.9%,"14:18 ET"
SPY,575.95,2024-11-29,490.00,-14.92%,0.92,489.08,17.76%,765,51689,30.10%,0.040159,95.41%,0.2%,1.9%,"14:04 ET"
SPY,575.95,2024-11-01,564.00,-2.07%,2.26,561.74,2.53%,765,5237,17.65%,0.23859,77.53%,0.4%,16.3%,"14:17 ET"
SPY,575.95,2024-11-22,545.00,-5.37%,3.47,541.53,6.36%,765,2018,21.64%,0.17629,81.33%,0.6%,7.8%,"14:09 ET"
SPY,575.95,2024-10-31,568.00,-1.38%,2.62,565.38,1.87%,779,3184,16.04%,0.300542,72.08%,0.5%,21.1%,"14:18 ET"
SPY,575.95,2024-12-20,529.00,-8.15%,4.27,524.73,9.76%,779,4095,22.64%,0.152707,82.70%,0.8%,5.1%,"14:03 ET"
SPY,575.95,2024-12-20,510.00,-11.45%,2.81,507.19,13.56%,779,28557,25.33%,0.098557,88.58%,0.6%,3.5%,"14:16 ET"
SPY,575.95,2025-01-17,495.00,-14.06%,3.23,491.77,17.12%,785,14532,25.72%,0.092308,88.74%,0.7%,2.8%,"14:18 ET"
SPY,575.95,2024-12-20,546.00,-5.20%,6.4,539.6,6.74%,793,3229,20.28%,0.229586,74.56%,1.2%,7.5%,"14:03 ET"
SPY,575.95,2024-12-20,561.00,-2.60%,9.28,551.72,4.39%,794,1788,18.12%,0.330845,64.21%,1.7%,10.6%,"14:12 ET"
SPY,575.95,2024-11-01,556.00,-3.46%,1.19,554.81,3.81%,795,7557,19.53%,0.133026,87.48%,0.2%,8.7%,"14:08 ET"
SPY,575.95,2024-12-20,528.00,-8.33%,4.17,523.83,9.95%,814,2143,22.77%,0.149101,83.09%,0.8%,5.0%,"14:03 ET"
SPY,575.95,2024-11-29,540.00,-6.24%,3.4,536.6,7.33%,816,16670,21.50%,0.160168,82.68%,0.6%,6.3%,"14:17 ET"
SPY,575.95,2025-01-17,550.00,-4.51%,8.93,541.07,6.45%,821,50784,18.75%,0.270181,69.37%,1.7%,7.0%,"14:16 ET"
SPY,575.95,2024-11-15,568.00,-1.38%,7.08,560.92,2.68%,835,4811,18.43%,0.376988,61.81%,1.3%,20.0%,"14:14 ET"
SPY,575.95,2024-11-15,561.00,-2.60%,5.26,555.74,3.64%,846,4770,19.62%,0.290755,70.33%,0.9%,15.0%,"14:16 ET"
SPY,575.95,2024-11-15,546.00,-5.20%,2.78,543.22,6.03%,849,11252,22.10%,0.161981,83.21%,0.5%,8.1%,"14:13 ET"
SPY,575.95,2024-11-15,532.00,-7.63%,1.59,530.41,8.59%,862,1902,24.54%,0.094021,90.12%,0.3%,4.8%,"14:04 ET"
SPY,575.95,2025-01-17,305.00,-47.04%,0.38,304.62,89.07%,882,1361,56.85%,0.006831,98.94%,0.1%,0.5%,"13:21 ET"
SPY,575.95,2024-12-20,568.00,-1.38%,11.1,556.9,3.42%,883,2001,17.10%,0.392312,58.08%,2.0%,12.5%,"14:17 ET"
SPY,575.95,2024-10-31,567.00,-1.55%,2.39,564.61,2.01%,898,2290,16.31%,0.278293,74.17%,0.4%,19.3%,"14:17 ET"
SPY,575.95,2024-10-31,566.00,-1.73%,2.18,563.82,2.15%,901,2233,16.51%,0.256672,76.21%,0.4%,17.6%,"14:15 ET"
SPY,575.95,2024-10-31,520.00,-9.71%,0.2,519.8,10.80%,901,17931,33.14%,0.019105,98.14%,0.0%,1.8%,"14:15 ET"
SPY,575.95,2024-11-29,570.00,-1.03%,9.22,560.78,2.71%,918,17694,16.88%,0.408056,57.66%,1.6%,16.2%,"14:16 ET"
SPY,575.95,2024-11-01,515.00,-10.58%,0.22,514.78,11.88%,925,1757,34.56%,0.019749,98.04%,0.0%,1.7%,"14:11 ET"
SPY,575.95,2024-10-31,564.00,-2.07%,1.81,562.19,2.45%,939,1849,16.96%,0.218179,79.82%,0.3%,14.7%,"14:10 ET"
SPY,575.95,2024-11-15,530.00,-7.98%,1.47,528.53,8.97%,952,51132,24.87%,0.08685,90.85%,0.3%,4.4%,"14:17 ET"
SPY,575.95,2024-11-08,566.00,-1.73%,5.39,560.61,2.74%,968,775,19.67%,0.337919,66.39%,1.0%,21.9%,"13:34 ET"
SPY,575.95,2024-12-20,541.00,-6.07%,5.67,535.33,7.59%,989,2208,20.97%,0.203461,77.31%,1.1%,6.7%,"14:05 ET"
SPY,575.95,2025-01-31,550.00,-4.51%,9.79,540.21,6.62%,997,4449,18.39%,0.276726,68.40%,1.8%,6.6%,"14:17 ET"
SPY,575.95,2024-11-08,560.00,-2.77%,3.93,556.07,3.58%,1031,3425,20.67%,0.258444,74.19%,0.7%,16.1%,"14:17 ET"
SPY,575.95,2024-10-30,567.00,-1.55%,2,565,1.94%,1096,10875,15.83%,0.260825,76.25%,0.4%,18.5%,"14:18 ET"
SPY,575.95,2024-11-15,547.00,-5.03%,2.9,544.1,5.85%,1102,2938,21.94%,0.168526,82.55%,0.5%,8.5%,"14:14 ET"
SPY,575.95,2024-11-15,567.00,-1.55%,6.79,560.21,2.81%,1149,4891,18.61%,0.363492,63.13%,1.2%,19.2%,"14:16 ET"
SPY,575.95,2024-11-29,440.00,-23.60%,0.45,439.55,31.03%,1159,104072,41.00%,0.016223,98.04%,0.1%,1.0%,"13:54 ET"
SPY,575.95,2025-01-17,500.00,-13.19%,3.5,496.5,16.00%,1173,34800,25.03%,0.100782,87.78%,0.7%,3.0%,"14:17 ET"
SPY,575.95,2024-12-20,520.00,-9.71%,3.49,516.51,11.51%,1175,63748,23.90%,0.123823,85.82%,0.7%,4.3%,"14:18 ET"
SPY,575.95,2024-11-04,570.00,-1.03%,4,566,1.76%,1201,684,15.13%,0.36696,64.75%,0.7%,21.5%,"14:18 ET"
SPY,575.95,2025-01-17,450.00,-21.87%,1.72,448.28,28.48%,1234,21128,32.15%,0.044399,94.31%,0.4%,1.6%,"14:17 ET"
SPY,575.95,2025-01-17,570.00,-1.03%,13.73,556.27,3.54%,1404,14302,16.31%,0.410636,55.22%,2.5%,10.5%,"14:18 ET"
SPY,575.95,2024-10-31,555.00,-3.64%,0.82,554.18,3.93%,1483,36508,19.25%,0.104852,90.32%,0.1%,6.8%,"14:16 ET"
SPY,575.95,2024-11-15,548.00,-4.85%,3.03,544.97,5.68%,1488,5870,21.77%,0.175333,81.87%,0.6%,8.8%,"14:16 ET"
SPY,575.95,2024-12-20,465.00,-19.26%,1.28,463.72,24.20%,1557,13766,32.53%,0.040649,95.06%,0.3%,1.7%,"14:14 ET"
SPY,575.95,2024-11-08,569.00,-1.21%,6.27,562.73,2.35%,1567,983,19.14%,0.383634,61.90%,1.1%,25.4%,"14:12 ET"
SPY,575.95,2024-11-15,544.00,-5.55%,2.56,541.44,6.37%,1618,12504,22.41%,0.149471,84.48%,0.5%,7.5%,"14:17 ET"
SPY,575.95,2024-11-08,565.00,-1.90%,5.11,559.89,2.87%,1667,2434,19.84%,0.323516,67.80%,0.9%,20.8%,"14:18 ET"
SPY,575.95,2024-12-20,555.00,-3.64%,7.98,547.02,5.29%,1680,19029,19.00%,0.285887,68.76%,1.5%,9.2%,"14:18 ET"
SPY,575.95,2024-11-15,520.00,-9.71%,1.03,518.97,10.98%,1704,114567,26.77%,0.060331,93.58%,0.2%,3.1%,"14:17 ET"
SPY,575.95,2024-12-20,570.00,-1.03%,11.69,558.31,3.16%,1729,23806,16.81%,0.412193,56.16%,2.1%,13.2%,"14:17 ET"
SPY,575.95,2024-12-20,548.00,-4.85%,6.72,541.28,6.41%,1761,1496,19.99%,0.241129,73.37%,1.2%,7.8%,"14:16 ET"
SPY,575.95,2024-10-31,499.00,-13.36%,0.15,498.85,15.46%,1763,946,42.82%,0.011698,98.82%,0.0%,1.4%,"14:15 ET"
SPY,575.95,2025-01-17,540.00,-6.24%,7.28,532.72,8.11%,1765,21326,19.95%,0.219663,74.71%,1.4%,5.8%,"14:17 ET"
SPY,575.95,2024-11-01,566.00,-1.73%,2.66,563.34,2.24%,1780,3523,17.24%,0.275565,74.02%,0.5%,19.1%,"14:17 ET"
SPY,575.95,2024-11-01,563.00,-2.25%,2.08,560.92,2.68%,1793,5703,17.86%,0.221777,79.12%,0.4%,15.0%,"14:17 ET"
SPY,575.95,2024-12-20,533.00,-7.46%,4.68,528.32,9.02%,1824,3070,22.08%,0.167918,81.08%,0.9%,5.6%,"14:03 ET"
SPY,575.95,2024-10-30,570.00,-1.03%,2.71,567.29,1.53%,1825,636,15.10%,0.338198,69.02%,0.5%,24.9%,"14:17 ET"
SPY,575.95,2024-12-20,565.00,-1.90%,10.28,554.72,3.83%,1827,5123,17.55%,0.364761,60.81%,1.9%,11.7%,"14:18 ET"
SPY,575.95,2024-12-20,485.00,-15.79%,1.76,483.24,19.19%,1854,25747,29.20%,0.058689,93.01%,0.4%,2.3%,"14:18 ET"
SPY,575.95,2024-11-01,568.00,-1.38%,3.14,564.86,1.96%,1896,1743,16.82%,0.317056,70.07%,0.6%,22.5%,"14:17 ET"
SPY,575.95,2024-11-29,560.00,-2.77%,6.56,553.44,4.07%,1916,5053,18.43%,0.300135,68.39%,1.2%,11.7%,"14:17 ET"
SPY,575.95,2024-11-29,550.00,-4.51%,4.7,545.3,5.62%,1944,21725,19.96%,0.219231,76.59%,0.9%,8.5%,"14:18 ET"
SPY,575.95,2024-10-31,500.00,-13.19%,0.15,499.85,15.22%,1968,32619,42.29%,0.011832,98.80%,0.0%,1.4%,"14:14 ET"
SPY,575.95,2024-12-20,532.00,-7.63%,4.57,527.43,9.20%,1997,1977,22.21%,0.163946,81.50%,0.9%,5.5%,"14:14 ET"
SPY,575.95,2024-11-29,525.00,-8.85%,2.15,522.85,10.16%,2006,23343,23.86%,0.101189,88.86%,0.4%,4.1%,"14:17 ET"
SPY,575.95,2024-11-01,510.00,-11.45%,0.21,509.79,12.98%,2032,6784,36.79%,0.017576,98.24%,0.0%,1.7%,"14:14 ET"
SPY,575.95,2024-10-31,540.00,-6.24%,0.31,539.69,6.72%,2124,23156,24.18%,0.03829,96.41%,0.1%,2.6%,"14:17 ET"
SPY,575.95,2024-12-20,490.00,-14.92%,1.92,488.08,18.00%,2172,66832,28.44%,0.065002,92.30%,0.4%,2.5%,"14:18 ET"
SPY,575.95,2024-11-01,567.00,-1.55%,2.89,564.11,2.10%,2199,2081,17.03%,0.295682,72.10%,0.5%,20.8%,"14:18 ET"
SPY,575.95,2024-11-22,500.00,-13.19%,0.89,499.11,15.40%,2210,2736,29.68%,0.043415,95.17%,0.2%,2.2%,"14:16 ET"
SPY,575.95,2024-12-20,535.00,-7.11%,4.91,530.09,8.65%,2249,16645,21.79%,0.17608,80.21%,0.9%,5.8%,"14:18 ET"
SPY,575.95,2024-11-29,500.00,-13.19%,1.12,498.88,15.45%,2462,16439,28.15%,0.050684,94.27%,0.2%,2.2%,"14:15 ET"
SPY,575.95,2024-12-20,531.00,-7.80%,4.47,526.53,9.39%,2521,2824,22.34%,0.159961,81.92%,0.8%,5.3%,"14:17 ET"
SPY,575.95,2024-11-01,565.00,-1.90%,2.45,562.55,2.38%,2632,25440,17.45%,0.25667,75.81%,0.4%,17.7%,"14:18 ET"
SPY,575.95,2025-01-17,555.00,-3.64%,9.92,545.08,5.66%,2746,23590,18.14%,0.299562,66.31%,1.8%,7.7%,"14:17 ET"
SPY,575.95,2024-11-01,555.00,-3.64%,1.1,553.9,3.98%,2820,21252,19.79%,0.123885,88.34%,0.2%,8.1%,"14:17 ET"
SPY,575.95,2024-11-22,570.00,-1.03%,8.64,561.36,2.60%,2906,2435,17.58%,0.407798,58.16%,1.5%,18.7%,"14:16 ET"
SPY,575.95,2024-11-08,550.00,-4.51%,2.31,547.69,5.16%,2924,8953,22.37%,0.161589,83.75%,0.4%,9.6%,"14:18 ET"
SPY,575.95,2024-11-22,530.00,-7.98%,2.07,527.93,9.10%,2943,1018,24.07%,0.106001,88.59%,0.4%,4.8%,"14:17 ET"
SPY,575.95,2024-11-08,570.00,-1.03%,6.6,563.4,2.23%,2993,6174,18.93%,0.399764,60.33%,1.2%,26.7%,"14:18 ET"
SPY,575.95,2025-01-17,560.00,-2.77%,11.04,548.96,4.92%,3127,19132,17.52%,0.332767,62.94%,2.0%,8.5%,"14:16 ET"
SPY,575.95,2024-11-08,545.00,-5.37%,1.77,543.23,6.02%,3281,2136,23.10%,0.125601,87.32%,0.3%,7.4%,"14:17 ET"
SPY,575.95,2024-11-01,560.00,-2.77%,1.63,558.37,3.15%,3297,15207,18.63%,0.179067,83.15%,0.3%,11.8%,"14:18 ET"
SPY,575.95,2024-11-01,562.00,-2.42%,1.92,560.08,2.83%,3303,2640,18.14%,0.206805,80.53%,0.3%,13.9%,"14:16 ET"
SPY,575.95,2024-11-15,535.00,-7.11%,1.78,533.22,8.01%,3356,70829,23.98%,0.105262,88.97%,0.3%,5.3%,"14:18 ET"
SPY,575.95,2024-12-20,540.00,-6.24%,5.53,534.47,7.76%,3466,89302,21.09%,0.198466,77.83%,1.0%,6.5%,"14:18 ET"
SPY,575.95,2024-12-20,495.00,-14.06%,2.1,492.9,16.85%,3495,22092,27.63%,0.071758,91.55%,0.4%,2.7%,"14:12 ET"
SPY,575.95,2024-11-01,550.00,-4.51%,0.76,549.24,4.86%,3592,14226,21.08%,0.086803,91.81%,0.1%,5.6%,"14:17 ET"
SPY,575.95,2024-12-20,558.00,-3.12%,8.6,549.4,4.83%,3832,3362,18.55%,0.307375,66.57%,1.6%,9.9%,"14:12 ET"
SPY,575.95,2024-11-15,540.00,-6.24%,2.17,537.83,7.09%,4139,80508,23.12%,0.12793,86.66%,0.4%,6.4%,"14:17 ET"
SPY,575.95,2024-12-20,500.00,-13.19%,2.31,497.69,15.72%,4275,102575,26.85%,0.079568,90.68%,0.5%,2.9%,"14:17 ET"
SPY,575.95,2024-10-31,565.00,-1.90%,1.99,563.01,2.30%,4291,33125,16.75%,0.236919,78.06%,0.4%,16.1%,"14:18 ET"
SPY,575.95,2024-11-01,530.00,-7.98%,0.29,529.71,8.73%,5134,9261,27.82%,0.029451,97.15%,0.1%,2.2%,"14:18 ET"
SPY,575.95,2024-11-08,530.00,-7.98%,0.85,529.15,8.84%,6412,1898,25.95%,0.061641,93.70%,0.2%,3.7%,"14:18 ET"
SPY,575.95,2024-12-20,550.00,-4.51%,7.06,542.94,6.08%,7174,36741,19.70%,0.253076,72.14%,1.3%,8.2%,"14:17 ET"
SPY,575.95,2025-01-17,525.00,-8.85%,5.42,519.58,10.85%,7608,25011,21.81%,0.16219,80.91%,1.0%,4.4%,"14:06 ET"
SPY,575.95,2024-11-15,560.00,-2.77%,5.05,554.95,3.78%,8173,86798,19.78%,0.279838,71.42%,0.9%,14.4%,"14:18 ET"
SPY,575.95,2024-11-15,550.00,-4.51%,3.29,546.71,5.35%,8235,120759,21.43%,0.189664,80.42%,0.6%,9.6%,"14:18 ET"
SPY,575.95,2024-12-20,556.00,-3.46%,8.18,547.82,5.13%,8301,7819,18.84%,0.292855,68.06%,1.5%,9.4%,"14:10 ET"
SPY,575.95,2024-12-20,560.00,-2.77%,9.05,550.95,4.54%,9063,49680,18.27%,0.322811,65.01%,1.6%,10.3%,"14:17 ET"
SPY,575.95,2024-11-01,570.00,-1.03%,3.69,566.31,1.70%,9126,15822,16.40%,0.363223,65.66%,0.7%,26.4%,"14:17 ET"
SPY,575.95,2024-12-20,551.00,-4.33%,7.23,543.77,5.92%,10536,2766,19.56%,0.259359,71.49%,1.3%,8.4%,"14:04 ET"
SPY,575.95,2024-12-20,515.00,-10.58%,3.13,511.87,12.52%,10948,19444,24.62%,0.110408,87.28%,0.6%,3.8%,"14:18 ET"
SPY,575.95,2024-12-20,505.00,-12.32%,2.54,502.46,14.63%,11012,42833,26.10%,0.088582,89.68%,0.5%,3.2%,"14:18 ET"
SPY,575.95,2024-11-15,545.00,-5.37%,2.67,542.33,6.20%,11279,37917,22.25%,0.155533,83.87%,0.5%,7.8%,"14:17 ET"
SPY,575.95,2024-11-15,565.00,-1.90%,6.24,558.76,3.08%,11591,23854,18.96%,0.33781,65.66%,1.1%,17.7%,"14:18 ET"
SPY,575.95,2024-10-31,570.00,-1.03%,3.14,566.86,1.60%,12087,31547,15.56%,0.350283,67.39%,0.6%,25.3%,"14:18 ET"
SPY,575.95,2024-10-31,550.00,-4.51%,0.55,549.45,4.82%,12506,55685,20.65%,0.071063,93.43%,0.1%,4.6%,"14:17 ET"
SPY,575.95,2024-10-31,560.00,-2.77%,1.26,558.74,3.08%,12665,60421,17.94%,0.157186,85.49%,0.2%,10.3%,"14:18 ET"
SPY,575.95,2024-11-15,570.00,-1.03%,7.71,562.29,2.43%,13754,57806,18.07%,0.405341,59.06%,1.4%,21.8%,"14:17 ET"
SPY,575.95,2024-11-15,515.00,-10.58%,0.88,514.12,12.03%,20324,46906,27.84%,0.05119,94.53%,0.2%,2.7%,"14:14 ET"
SPY,575.95,2024-11-15,549.00,-4.68%,3.16,545.84,5.52%,21367,4639,21.59%,0.182228,81.17%,0.6%,9.2%,"14:18 ET"
SPY,575.95,2024-11-15,525.00,-8.85%,1.22,523.78,9.96%,24095,59700,25.83%,0.07236,92.34%,0.2%,3.7%,"14:18 ET"
SPY,575.95,2024-11-15,555.00,-3.64%,4.07,550.93,4.54%,24323,55335,20.58%,0.230468,76.33%,0.7%,11.7%,"14:16 ET"
SPY,575.95,2024-11-15,485.00,-15.79%,0.46,484.54,18.87%,25081,122265,35.27%,0.023631,97.39%,0.1%,1.5%,"14:15 ET"
SPY,575.95,2024-11-15,500.00,-13.19%,0.6,499.4,15.33%,26597,108237,31.27%,0.032959,96.42%,0.1%,1.9%,"14:16 ET"
SPY,575.95,2024-12-20,545.00,-5.37%,6.24,538.76,6.90%,35484,24953,20.41%,0.224033,75.14%,1.2%,7.3%,"14:14 ET"
SPY,575.95,2024-12-20,530.00,-7.98%,4.37,525.63,9.57%,36860,35663,22.50%,0.156356,82.31%,0.8%,5.2%,"14:16 ET"
SPY,575.95,2024-11-15,551.00,-4.33%,3.43,547.57,5.18%,40764,3887,21.26%,0.197205,79.67%,0.6%,9.9%,"14:13 ET"
SQ,71.16,2024-11-01,70.00,-1.63%,1.6,68.4,4.04%,103,896,46.35%,0.416542,58.93%,2.3%,94.9%,"14:01 ET"
SQ,71.16,2024-11-15,60.00,-15.68%,0.99,59.01,20.59%,154,1351,69.61%,0.146342,83.55%,1.7%,26.6%,"14:17 ET"
SQ,71.16,2024-12-20,65.00,-8.66%,3.2,61.8,15.15%,274,3342,54.08%,0.296049,66.28%,5.2%,32.6%,"14:15 ET"
STLD,129.69,2025-01-17,105.00,-19.04%,1.2,103.8,24.94%,1010,1176,37.96%,0.103806,87.41%,1.2%,4.9%,"11:30 ET"
STX,104.61,2024-11-15,100.00,-4.41%,1.55,98.45,6.26%,1608,1041,31.97%,0.28806,71.28%,1.6%,25.0%,"13:29 ET"
STX,104.61,2024-11-15,97.50,-6.80%,0.95,96.55,8.35%,2038,4052,33.87%,0.203111,79.61%,1.0%,15.6%,"12:22 ET"
STX,104.61,2025-01-17,85.00,-18.75%,0.85,84.15,24.31%,114,723,35.62%,0.098383,88.50%,1.0%,4.3%,"12:21 ET"
SU,38.38,2025-01-17,32.00,-16.62%,0.36,31.64,21.30%,500,4641,33.47%,0.115003,86.84%,1.1%,4.8%,"10:24 ET"
T,22.33,2025-01-17,21.00,-5.96%,0.43,20.57,8.56%,163,5531,23.29%,0.272955,70.65%,2.1%,8.9%,"14:11 ET"
T,22.33,2024-11-01,21.50,-3.72%,0.07,21.43,4.20%,185,1934,25.18%,0.167204,83.09%,0.3%,13.2%,"14:18 ET"
T,22.33,2024-12-20,21.00,-5.96%,0.26,20.74,7.67%,233,8804,21.57%,0.22452,76.24%,1.3%,7.9%,"14:00 ET"
T,22.33,2024-11-15,22.00,-1.48%,0.34,21.66,3.09%,282,3073,22.25%,0.386879,60.51%,1.6%,24.9%,"14:18 ET"
T,22.33,2024-11-15,21.00,-5.96%,0.1,20.9,6.84%,338,4526,25.04%,0.158241,83.57%,0.5%,7.6%,"14:12 ET"
T,22.33,2024-11-15,21.50,-3.72%,0.19,21.31,4.79%,342,705,23.73%,0.254999,73.76%,0.9%,14.1%,"14:05 ET"
T,22.33,2024-12-20,22.00,-1.48%,0.53,21.47,4.01%,533,8158,19.64%,0.409035,57.54%,2.5%,15.5%,"13:26 ET"
T,22.33,2024-11-01,22.00,-1.48%,0.17,21.83,2.29%,837,689,23.40%,0.340804,65.73%,0.8%,31.6%,"14:17 ET"
TAN,36.98,2025-01-17,36.00,-2.65%,2.55,33.45,10.55%,705,1041,44.71%,0.397249,54.92%,7.6%,32.4%,"14:07 ET"
TD,56.36,2024-12-20,55.00,-2.41%,1.15,53.85,4.66%,104,2351,20.06%,0.369113,62.00%,2.1%,13.4%,"13:33 ET"
TD,56.36,2024-11-15,55.00,-2.41%,0.55,54.45,3.51%,396,3160,20.31%,0.314613,68.41%,1.0%,16.0%,"14:03 ET"
TGT,147.98,2024-12-20,145.00,-2.01%,7.3,137.7,7.47%,158,1089,37.79%,0.417637,55.37%,5.3%,33.4%,"13:49 ET"
TGT,147.98,2024-11-15,145.00,-2.01%,3.3,141.7,4.43%,236,1746,31.13%,0.39321,60.27%,2.3%,37.0%,"13:58 ET"
TGT,147.98,2024-12-20,135.00,-8.77%,3.7,131.3,12.70%,511,1545,38.94%,0.252099,72.29%,2.8%,17.7%,"14:13 ET"
THO,103.94,2024-12-20,100.00,-3.79%,4.5,95.5,8.84%,720,714,40.62%,0.367926,59.43%,4.7%,29.7%,"10:40 ET"
TLN,183.77,2024-11-15,155.00,-15.66%,4.1,150.9,21.78%,106,891,82.47%,0.192179,79.46%,2.7%,43.1%,"12:46 ET"
TLT,91.87,2024-11-29,90.00,-2.04%,1.31,88.69,3.59%,112,4276,19.79%,0.333843,62.79%,1.5%,14.6%,"13:52 ET"
TLT,91.87,2025-01-17,83.00,-9.65%,0.59,82.41,11.48%,116,7325,20.84%,0.125653,84.22%,0.7%,3.0%,"11:03 ET"
TLT,91.87,2024-11-22,90.00,-2.04%,1.25,88.75,3.52%,121,2057,21.14%,0.332062,63.28%,1.4%,17.1%,"13:59 ET"
TLT,91.87,2024-12-20,86.00,-6.39%,0.73,85.27,7.74%,121,33025,20.52%,0.176313,79.03%,0.9%,5.4%,"14:02 ET"
TLT,91.87,2024-11-22,88.00,-4.21%,0.7,87.3,5.23%,156,1718,21.48%,0.213127,75.77%,0.8%,9.8%,"14:05 ET"
TLT,91.87,2024-12-20,85.00,-7.48%,0.57,84.43,8.81%,186,22478,20.74%,0.143829,82.65%,0.7%,4.2%,"13:48 ET"
TLT,91.87,2024-11-08,88.00,-4.21%,0.51,87.49,5.01%,190,2313,25.41%,0.187388,79.07%,0.6%,13.3%,"14:11 ET"
TLT,91.87,2024-11-15,87.00,-5.30%,0.46,86.54,6.16%,228,31760,23.78%,0.158784,81.92%,0.5%,8.4%,"14:05 ET"
TLT,91.87,2024-12-20,87.00,-5.30%,0.92,86.08,6.73%,277,10600,20.26%,0.212905,75.00%,1.1%,6.7%,"14:14 ET"
TLT,91.87,2024-11-29,88.00,-4.21%,0.75,87.25,5.30%,313,629,20.14%,0.218854,74.89%,0.9%,8.5%,"14:01 ET"
TLT,91.87,2025-01-17,70.00,-23.81%,0.08,69.92,31.39%,316,3704,28.24%,0.016856,97.63%,0.1%,0.5%,"11:45 ET"
TLT,91.87,2024-12-20,80.00,-12.92%,0.18,79.82,15.10%,342,3780,23.04%,0.051756,93.40%,0.2%,1.4%,"13:56 ET"
TLT,91.87,2024-11-15,85.00,-7.48%,0.24,84.76,8.39%,374,31511,24.72%,0.090243,89.48%,0.3%,4.5%,"13:52 ET"
TLT,91.87,2024-11-15,84.00,-8.57%,0.18,83.82,9.60%,393,6277,25.57%,0.069227,91.85%,0.2%,3.4%,"13:48 ET"
TLT,91.87,2025-01-17,74.00,-19.45%,0.14,73.86,24.38%,435,856,25.97%,0.031699,95.69%,0.2%,0.8%,"14:08 ET"
TLT,91.87,2024-11-01,88.00,-4.21%,0.1,87.9,4.52%,441,1327,20.25%,0.075332,91.21%,0.1%,4.6%,"13:04 ET"
TLT,91.87,2024-12-20,76.00,-17.27%,0.08,75.92,21.01%,502,867,25.72%,0.024452,96.78%,0.1%,0.7%,"13:44 ET"
TLT,91.87,2025-01-17,90.00,-2.04%,2.12,87.88,4.54%,529,42758,18.86%,0.359439,58.89%,2.4%,10.2%,"13:48 ET"
TLT,91.87,2025-01-17,84.00,-8.57%,0.71,83.29,10.30%,614,4894,20.40%,0.147324,81.71%,0.9%,3.6%,"13:21 ET"
TLT,91.87,2024-11-08,87.00,-5.30%,0.36,86.64,6.04%,640,1052,25.96%,0.139952,84.18%,0.4%,9.5%,"11:39 ET"
TLT,91.87,2024-12-31,90.00,-2.04%,1.87,88.13,4.24%,692,4785,19.02%,0.354072,59.82%,2.1%,11.2%,"14:01 ET"
TLT,91.87,2024-11-15,86.00,-6.39%,0.33,85.67,7.24%,716,17235,24.11%,0.119376,86.23%,0.4%,6.1%,"13:46 ET"
TLT,91.87,2025-01-17,89.00,-3.12%,1.77,87.23,5.32%,737,19379,18.97%,0.314442,63.49%,2.0%,8.6%,"13:56 ET"
TLT,91.87,2024-12-20,88.00,-4.21%,1.15,86.85,5.78%,977,14296,20.10%,0.255264,70.44%,1.3%,8.3%,"14:14 ET"
TLT,91.87,2024-12-20,81.00,-11.83%,0.23,80.77,13.74%,998,685,22.60%,0.064265,91.90%,0.3%,1.8%,"14:16 ET"
TLT,91.87,2024-12-31,87.00,-5.30%,0.99,86.01,6.81%,1056,622,19.40%,0.218508,74.08%,1.2%,6.1%,"13:40 ET"
TLT,91.87,2024-12-20,90.00,-2.04%,1.78,88.22,4.14%,1292,27499,19.80%,0.352819,60.28%,2.0%,12.7%,"14:02 ET"
TLT,91.87,2024-11-15,89.00,-3.12%,0.86,88.14,4.23%,1531,12658,23.04%,0.262531,70.84%,1.0%,15.5%,"14:15 ET"
TLT,91.87,2024-12-20,82.00,-10.74%,0.28,81.72,12.42%,1645,3748,21.93%,0.077411,90.32%,0.3%,2.2%,"14:04 ET"
TLT,91.87,2024-11-15,88.00,-4.21%,0.63,87.37,5.15%,1805,17370,23.49%,0.207019,76.72%,0.7%,11.4%,"14:05 ET"
TLT,91.87,2025-01-17,81.00,-11.83%,0.43,80.57,14.03%,2095,2547,21.93%,0.092509,88.16%,0.5%,2.3%,"12:32 ET"
TLT,91.87,2025-01-17,79.00,-14.01%,0.31,78.69,16.75%,2172,9107,23.20%,0.069149,90.99%,0.4%,1.7%,"10:41 ET"
TLT,91.87,2024-11-01,89.00,-3.12%,0.19,88.81,3.45%,2892,4924,19.90%,0.13574,84.51%,0.2%,8.7%,"14:07 ET"
TLT,91.87,2025-01-17,82.00,-10.74%,0.5,81.5,12.72%,3038,4133,21.31%,0.107145,86.40%,0.6%,2.6%,"12:30 ET"
TLT,91.87,2024-11-15,90.00,-2.04%,1.16,88.84,3.41%,3073,85917,22.98%,0.329277,63.93%,1.3%,20.7%,"14:16 ET"
TLT,91.87,2024-12-20,89.00,-3.12%,1.44,87.56,4.92%,3338,18949,19.91%,0.301967,65.54%,1.6%,10.3%,"14:15 ET"
TLT,91.87,2024-11-08,90.00,-2.04%,1,89,3.22%,4741,8285,24.74%,0.317347,65.43%,1.1%,25.6%,"14:07 ET"
TLT,91.87,2025-01-17,80.00,-12.92%,0.36,79.64,15.36%,5148,28628,22.40%,0.078544,89.84%,0.5%,1.9%,"12:57 ET"
TLT,91.87,2025-01-17,88.00,-4.21%,1.47,86.53,6.17%,6143,6226,19.12%,0.272806,67.86%,1.7%,7.2%,"14:06 ET"
TLT,91.87,2024-11-01,90.00,-2.04%,0.35,89.65,2.48%,6489,27312,19.14%,0.220698,75.31%,0.4%,15.8%,"14:04 ET"
TLT,91.87,2025-01-17,87.00,-5.30%,1.22,85.78,7.10%,7758,4470,19.38%,0.235599,71.87%,1.4%,6.0%,"14:08 ET"
TMF,47.28,2024-11-15,45.00,-4.82%,1.84,43.16,9.55%,104,1052,64.54%,0.336232,61.98%,4.3%,67.7%,"13:57 ET"
TMF,47.28,2025-01-17,40.00,-15.40%,1.75,38.25,23.61%,113,1287,55.78%,0.213586,73.16%,4.6%,19.4%,"12:49 ET"
TMO,572.05,2024-11-15,550.00,-3.85%,5,545,4.96%,309,894,24.16%,0.249831,74.15%,0.9%,14.6%,"13:41 ET"
TMO,572.05,2024-11-15,540.00,-5.60%,3.1,536.9,6.55%,346,840,24.39%,0.165925,82.68%,0.6%,9.2%,"12:48 ET"
TMUS,221.2,2025-01-17,165.00,-25.41%,0.42,164.58,34.40%,136,2894,36.42%,0.036701,95.13%,0.3%,1.1%,"11:29 ET"
TMUS,221.2,2024-11-15,200.00,-9.58%,0.95,199.05,11.13%,140,3831,33.73%,0.105556,88.30%,0.5%,7.6%,"13:53 ET"
TMUS,221.2,2025-01-17,200.00,-9.58%,2.95,197.05,12.26%,755,737,26.67%,0.184376,78.18%,1.5%,6.4%,"13:19 ET"
TMUS,221.2,2024-11-15,210.00,-5.06%,2.25,207.75,6.47%,914,3135,29.97%,0.227312,75.51%,1.1%,17.2%,"14:05 ET"
TMUS,221.2,2025-01-17,180.00,-18.63%,1.11,178.89,23.65%,1400,1070,31.47%,0.069986,91.14%,0.6%,2.6%,"13:46 ET"
TNA,42.21,2024-11-15,40.00,-5.24%,2.5,37.5,12.56%,110,1012,81.90%,0.373611,60.32%,6.7%,105.8%,"14:08 ET"
TNA,42.21,2024-11-08,35.00,-17.08%,0.73,34.27,23.17%,151,535,93.73%,0.15723,83.01%,2.1%,48.6%,"14:12 ET"
TNA,42.21,2024-11-15,35.00,-17.08%,1.02,33.98,24.22%,170,2291,90.05%,0.182982,79.63%,3.0%,47.6%,"14:16 ET"
TNA,42.21,2024-11-01,40.00,-5.24%,1.04,38.96,8.34%,182,837,71.92%,0.328125,68.30%,2.7%,108.3%,"14:18 ET"
TNA,42.21,2024-11-08,40.00,-5.24%,2.16,37.84,11.55%,247,617,89.37%,0.370154,61.31%,5.7%,130.2%,"14:04 ET"
TNA,42.21,2024-11-15,37.00,-12.34%,1.5,35.5,18.90%,495,646,86.94%,0.250277,72.70%,4.2%,67.1%,"13:55 ET"
TNDM,32.31,2024-11-15,30.00,-7.15%,2.05,27.95,15.60%,153,729,105.84%,0.33307,61.00%,7.3%,116.4%,"13:24 ET"
TQQQ,70.79,2024-11-01,64.00,-9.59%,0.95,63.05,12.28%,111,504,75.81%,0.195334,80.15%,1.5%,61.1%,"13:56 ET"
TQQQ,70.79,2025-01-17,70.00,-1.12%,7.5,62.5,13.26%,116,2658,59.67%,0.425233,51.55%,12.0%,50.9%,"14:13 ET"
TQQQ,70.79,2024-11-15,50.00,-29.37%,0.49,49.51,42.98%,118,1721,96.18%,0.061257,92.51%,1.0%,15.7%,"14:00 ET"
TQQQ,70.79,2024-12-20,70.00,-1.12%,6.5,63.5,11.48%,120,2883,62.28%,0.434506,51.80%,10.2%,64.4%,"14:17 ET"
TQQQ,70.79,2024-11-15,68.00,-3.94%,3.75,64.25,10.18%,126,651,71.26%,0.385953,58.89%,5.8%,92.6%,"14:09 ET"
TQQQ,70.79,2024-12-20,65.00,-8.18%,4.6,60.4,17.20%,134,2368,66.54%,0.325487,62.62%,7.6%,47.9%,"14:17 ET"
TQQQ,70.79,2024-11-08,65.00,-8.18%,2.3,62.7,12.90%,136,860,80.33%,0.287114,69.40%,3.7%,83.7%,"14:18 ET"
TQQQ,70.79,2024-11-15,61.00,-13.83%,1.83,59.17,19.64%,147,1134,80.69%,0.207315,76.88%,3.1%,49.1%,"14:05 ET"
TQQQ,70.79,2024-12-20,67.00,-5.35%,5.3,61.7,14.73%,157,507,64.97%,0.367276,58.41%,8.6%,54.1%,"14:03 ET"
TQQQ,70.79,2024-12-20,64.00,-9.59%,4.3,59.7,18.58%,161,510,67.93%,0.306297,64.52%,7.2%,45.3%,"13:51 ET"
TQQQ,70.79,2024-12-20,25.00,-64.68%,0.13,24.87,184.64%,176,2129,124.27%,0.009395,98.22%,0.5%,3.3%,"14:17 ET"
TQQQ,70.79,2024-11-15,64.00,-9.59%,2.53,61.47,15.16%,187,1241,76.62%,0.274696,70.00%,4.1%,65.3%,"14:18 ET"
TQQQ,70.79,2024-12-20,30.00,-57.62%,0.22,29.78,137.71%,196,1324,113.04%,0.016522,97.16%,0.7%,4.6%,"14:09 ET"
TQQQ,70.79,2024-11-15,62.00,-12.42%,2.04,59.96,18.06%,215,687,79.33%,0.228273,74.72%,3.4%,54.0%,"14:10 ET"
TQQQ,70.79,2024-11-01,63.00,-11.00%,0.77,62.23,13.76%,235,1664,76.92%,0.163994,83.28%,1.2%,50.2%,"14:16 ET"
TQQQ,70.79,2025-01-17,50.00,-29.37%,2.03,47.97,47.57%,246,3195,77.17%,0.130364,82.34%,4.2%,18.0%,"14:08 ET"
TQQQ,70.79,2024-11-01,67.00,-5.35%,1.68,65.32,8.37%,250,2023,71.96%,0.311246,68.69%,2.6%,104.3%,"14:14 ET"
TQQQ,70.79,2024-11-01,62.00,-12.42%,0.63,61.37,15.35%,251,773,78.29%,0.13711,85.96%,1.0%,41.6%,"14:15 ET"
TQQQ,70.79,2024-11-15,65.00,-8.18%,2.8,62.2,13.81%,255,2035,75.38%,0.300384,67.40%,4.5%,71.4%,"14:11 ET"
TQQQ,70.79,2024-12-20,45.00,-36.43%,0.94,44.06,60.67%,257,2127,89.05%,0.072878,89.91%,2.1%,13.4%,"14:18 ET"
TQQQ,70.79,2024-11-08,55.00,-22.31%,0.59,54.41,30.10%,270,777,93.29%,0.086126,90.19%,1.1%,24.7%,"14:18 ET"
TQQQ,70.79,2024-12-20,40.00,-43.49%,0.6,39.4,79.67%,304,2111,96.20%,0.04635,93.17%,1.5%,9.6%,"14:17 ET"
TQQQ,70.79,2024-11-01,68.00,-3.94%,1.99,66.01,7.24%,309,1055,70.59%,0.357216,64.16%,3.0%,122.3%,"14:17 ET"
TQQQ,70.79,2024-11-08,60.00,-15.24%,1.21,58.79,20.41%,312,1183,86.85%,0.165168,81.84%,2.1%,47.0%,"14:16 ET"
TQQQ,70.79,2024-11-01,66.00,-6.77%,1.39,64.61,9.57%,357,510,73.00%,0.268188,72.95%,2.2%,87.3%,"14:12 ET"
TQQQ,70.79,2024-12-20,50.00,-29.37%,1.45,48.55,45.81%,404,4441,82.98%,0.111778,85.34%,3.0%,18.8%,"13:40 ET"
TQQQ,70.79,2024-11-08,70.00,-1.12%,4.05,65.95,7.34%,409,751,73.80%,0.453626,52.89%,6.1%,140.1%,"14:18 ET"
TQQQ,70.79,2024-11-01,60.00,-15.24%,0.41,59.59,18.80%,430,1438,80.86%,0.09326,90.36%,0.7%,27.9%,"14:16 ET"
TQQQ,70.79,2025-01-17,65.00,-8.18%,5.55,59.45,19.07%,462,3172,63.50%,0.330587,60.90%,9.3%,39.6%,"14:18 ET"
TQQQ,70.79,2024-11-01,65.00,-8.18%,1.15,63.85,10.87%,472,1506,74.32%,0.229562,76.77%,1.8%,73.0%,"14:18 ET"
TQQQ,70.79,2024-11-15,70.00,-1.12%,4.55,65.45,8.16%,506,1936,68.69%,0.450049,52.59%,7.0%,110.3%,"14:18 ET"
TQQQ,70.79,2024-11-01,69.00,-2.53%,2.36,66.64,6.23%,1000,1160,69.08%,0.406454,59.33%,3.5%,143.6%,"14:16 ET"
TQQQ,70.79,2024-11-15,55.00,-22.31%,0.92,54.08,30.90%,1424,2582,89.11%,0.110835,87.04%,1.7%,27.0%,"14:18 ET"
TQQQ,70.79,2024-11-15,60.00,-15.24%,1.64,58.36,21.30%,1638,3316,81.87%,0.187419,78.95%,2.8%,44.6%,"14:17 ET"
TQQQ,70.79,2024-12-20,60.00,-15.24%,3.2,56.8,24.63%,3135,2967,71.60%,0.235269,71.89%,5.6%,35.5%,"14:16 ET"
TQQQ,70.79,2024-11-01,70.00,-1.12%,2.76,67.24,5.28%,4917,4177,67.60%,0.458729,54.21%,4.1%,166.5%,"14:18 ET"
TRU,107.8,2024-11-15,95.00,-11.87%,0.4,94.6,13.95%,841,879,38.13%,0.081946,90.67%,0.4%,6.7%,"10:02 ET"
TSLA,212.51,2024-12-20,100.00,-52.94%,0.17,99.83,112.87%,646,8594,82.75%,0.006715,98.89%,0.2%,1.1%,"13:59 ET"
TSLA,212.51,2024-12-20,150.00,-29.42%,1.3,148.7,42.91%,654,22228,60.44%,0.055231,92.59%,0.9%,5.5%,"14:14 ET"
TSLA,212.51,2024-11-08,175.00,-17.65%,1.51,173.49,22.49%,664,945,75.00%,0.092152,89.19%,0.9%,19.9%,"14:03 ET"
TSLA,212.51,2025-01-17,180.00,-15.30%,7.3,172.7,23.05%,680,31970,53.03%,0.208358,74.05%,4.2%,17.9%,"14:16 ET"
TSLA,212.51,2025-01-17,210.00,-1.18%,18.8,191.2,11.15%,694,13779,52.12%,0.418434,51.87%,9.8%,41.7%,"14:13 ET"
TSLA,212.51,2025-01-17,175.00,-17.65%,6.05,168.95,25.78%,697,24991,53.48%,0.179679,77.28%,3.6%,15.2%,"14:14 ET"
TSLA,212.51,2024-11-01,197.50,-7.06%,4.05,193.45,9.85%,734,511,76.79%,0.249356,72.82%,2.1%,84.9%,"14:18 ET"
TSLA,212.51,2024-11-01,175.00,-17.65%,0.75,174.25,21.96%,764,1152,83.56%,0.060088,93.06%,0.4%,17.5%,"14:16 ET"
TSLA,212.51,2024-11-08,205.00,-3.53%,8.7,196.3,8.26%,783,3421,70.66%,0.371084,59.61%,4.4%,101.1%,"14:11 ET"
TSLA,212.51,2024-11-01,187.50,-11.77%,1.96,185.54,14.54%,785,801,78.88%,0.139706,84.40%,1.1%,42.8%,"14:15 ET"
TSLA,212.51,2024-11-15,170.00,-20.00%,1.47,168.53,26.10%,836,7842,69.03%,0.08214,90.11%,0.9%,13.8%,"14:18 ET"
TSLA,212.51,2024-11-01,202.50,-4.71%,5.65,196.85,7.96%,884,953,76.97%,0.319857,65.51%,2.9%,116.4%,"14:16 ET"
TSLA,212.51,2024-11-01,207.50,-2.36%,7.65,199.85,6.33%,901,626,76.79%,0.394988,57.84%,3.8%,155.2%,"14:18 ET"
TSLA,212.51,2024-12-20,190.00,-10.59%,7.95,182.05,16.73%,906,7907,54.72%,0.256985,69.61%,4.4%,27.5%,"14:18 ET"
TSLA,212.51,2024-11-15,205.00,-3.53%,9.75,195.25,8.84%,967,7400,64.29%,0.374889,58.82%,5.0%,79.2%,"14:15 ET"
TSLA,212.51,2024-12-20,180.00,-15.30%,5.3,174.7,21.64%,1019,15036,55.47%,0.186113,77.36%,3.0%,19.1%,"14:18 ET"
TSLA,212.51,2024-11-15,195.00,-8.24%,6.05,188.95,12.47%,1024,5832,65.10%,0.266316,70.06%,3.2%,50.8%,"14:18 ET"
TSLA,212.51,2024-12-20,200.00,-5.89%,11.55,188.45,12.77%,1053,12923,54.14%,0.338021,61.07%,6.1%,38.6%,"14:18 ET"
TSLA,212.51,2024-11-22,200.00,-5.89%,8.6,191.4,11.03%,1100,1281,61.06%,0.325177,63.56%,4.5%,54.7%,"14:14 ET"
TSLA,212.51,2024-11-01,185.00,-12.95%,1.62,183.38,15.89%,1185,1468,79.40%,0.118394,86.69%,0.9%,35.8%,"14:18 ET"
TSLA,212.51,2024-11-01,192.50,-9.42%,2.86,189.64,12.06%,1219,502,77.85%,0.189743,79.07%,1.5%,61.2%,"14:18 ET"
TSLA,212.51,2024-12-20,195.00,-8.24%,9.65,185.35,14.65%,1230,5758,54.46%,0.296556,65.40%,5.2%,32.8%,"14:15 ET"
TSLA,212.51,2024-11-08,190.00,-10.59%,3.9,186.1,14.19%,1282,1301,72.20%,0.203625,77.06%,2.1%,47.8%,"14:18 ET"
TSLA,212.51,2024-11-01,195.00,-8.24%,3.4,191.6,10.91%,1298,2051,77.58%,0.219025,75.99%,1.8%,72.0%,"14:18 ET"
TSLA,212.51,2025-01-17,200.00,-5.89%,14.2,185.8,14.38%,1344,36615,52.12%,0.343815,59.48%,7.6%,32.4%,"14:16 ET"
TSLA,212.51,2024-11-15,210.00,-1.18%,12,198,7.33%,1425,14059,64.58%,0.432857,52.92%,6.1%,96.2%,"14:17 ET"
TSLA,212.51,2024-11-15,165.00,-22.36%,1.08,163.92,29.64%,1431,9605,70.45%,0.062372,92.38%,0.7%,10.5%,"14:05 ET"
TSLA,212.51,2024-11-15,185.00,-12.95%,3.55,181.45,17.12%,1907,8025,66.09%,0.174917,79.83%,2.0%,31.0%,"14:15 ET"
TSLA,212.51,2024-11-15,175.00,-17.65%,1.98,173.02,22.82%,2210,5635,67.70%,0.106735,87.34%,1.1%,18.2%,"14:15 ET"
TSLA,212.51,2024-11-08,180.00,-15.30%,2.09,177.91,19.45%,2545,2714,73.57%,0.121513,85.95%,1.2%,26.8%,"14:16 ET"
TSLA,212.51,2024-11-01,205.00,-3.53%,6.6,198.4,7.11%,3155,3428,76.91%,0.356935,61.71%,3.3%,134.9%,"14:18 ET"
TSLA,212.51,2024-11-15,200.00,-5.89%,7.75,192.25,10.54%,3243,16969,64.57%,0.318758,64.59%,4.0%,64.0%,"14:18 ET"
TSLA,212.51,2024-11-01,210.00,-1.18%,8.8,201.2,5.62%,3411,4478,76.84%,0.433756,53.92%,4.4%,177.4%,"14:17 ET"
TSLA,212.51,2024-11-01,190.00,-10.59%,2.38,187.62,13.27%,3448,8356,78.18%,0.163001,81.91%,1.3%,51.4%,"14:18 ET"
TSLA,212.51,2024-11-01,180.00,-15.30%,1.1,178.9,18.79%,3934,3210,81.25%,0.084749,90.34%,0.6%,24.9%,"14:18 ET"
TSLA,212.51,2024-11-15,180.00,-15.30%,2.67,177.33,19.84%,4039,11387,66.65%,0.137315,83.95%,1.5%,23.9%,"14:16 ET"
TSLA,212.51,2024-11-08,200.00,-5.89%,6.8,193.2,9.99%,4068,2424,71.02%,0.310455,65.84%,3.5%,80.3%,"14:18 ET"
TSLA,212.51,2024-11-15,190.00,-10.59%,4.65,185.35,14.65%,5500,12016,65.67%,0.218329,75.15%,2.5%,39.8%,"14:17 ET"
TSLA,212.51,2024-11-01,200.00,-5.89%,4.8,195.2,8.87%,7565,7183,77.25%,0.284549,69.15%,2.5%,99.7%,"14:18 ET"
TSLA,212.51,2024-11-22,135.00,-36.47%,0.28,134.72,57.74%,102,745,78.31%,0.015786,97.84%,0.2%,2.5%,"13:39 ET"
TSLA,212.51,2025-01-17,100.00,-52.94%,0.32,99.68,113.19%,110,37839,74.43%,0.010816,98.15%,0.3%,1.4%,"13:30 ET"
TSLA,212.51,2024-11-15,115.00,-45.88%,0.09,114.91,84.94%,116,3414,100.11%,0.00494,99.27%,0.1%,1.2%,"13:56 ET"
TSLA,212.51,2024-12-20,105.00,-50.59%,0.2,104.8,102.78%,121,4357,80.06%,0.008395,98.64%,0.2%,1.2%,"14:16 ET"
TSLA,212.51,2024-12-20,130.00,-38.83%,0.52,129.48,64.13%,124,3700,66.81%,0.022445,96.75%,0.4%,2.5%,"14:13 ET"
TSLA,212.51,2024-12-20,160.00,-24.71%,2.11,157.89,34.59%,125,8146,58.22%,0.085422,88.93%,1.3%,8.4%,"14:18 ET"
TSLA,212.51,2024-11-08,165.00,-22.36%,0.78,164.22,29.41%,131,577,78.53%,0.051219,93.81%,0.5%,10.8%,"14:03 ET"
TSLA,212.51,2025-01-17,135.00,-36.47%,1.17,133.83,58.79%,132,6687,60.59%,0.042182,93.85%,0.9%,3.7%,"14:07 ET"
TSLA,212.51,2024-11-29,190.00,-10.59%,5.9,184.1,15.43%,139,594,58.36%,0.236169,72.66%,3.2%,31.6%,"14:13 ET"
TSLA,212.51,2024-11-08,155.00,-27.06%,0.42,154.58,37.48%,143,640,83.73%,0.028789,96.41%,0.3%,6.2%,"14:15 ET"
TSLA,212.51,2025-01-17,195.00,-8.24%,12.15,182.85,16.22%,146,8322,52.35%,0.307832,63.25%,6.6%,28.2%,"14:16 ET"
TSLA,212.51,2024-11-15,140.00,-34.12%,0.27,139.73,52.09%,154,8006,82.30%,0.016301,97.83%,0.2%,3.1%,"14:14 ET"
TSLA,212.51,2024-11-15,155.00,-27.06%,0.6,154.4,37.64%,164,8203,74.16%,0.035669,95.50%,0.4%,6.2%,"14:14 ET"
TSLA,212.51,2024-11-01,145.00,-31.77%,0.11,144.89,46.67%,164,689,106.53%,0.008773,98.88%,0.1%,3.1%,"13:56 ET"
TSLA,212.51,2025-01-17,185.00,-12.95%,8.7,176.3,20.54%,166,11415,52.80%,0.239759,70.57%,4.9%,20.9%,"14:18 ET"
TSLA,212.51,2024-11-22,180.00,-15.30%,3.2,176.8,20.20%,198,878,62.70%,0.150654,82.22%,1.8%,22.0%,"14:13 ET"
TSLA,212.51,2024-11-22,190.00,-10.59%,5.4,184.6,15.12%,201,880,61.61%,0.22901,73.69%,2.9%,35.6%,"14:18 ET"
TSLA,212.51,2024-11-08,185.00,-12.95%,2.87,182.13,16.68%,220,2730,72.66%,0.158671,81.89%,1.6%,35.9%,"14:17 ET"
TSLA,212.51,2024-11-29,205.00,-3.53%,11.2,193.8,9.65%,220,794,57.28%,0.378192,57.82%,5.8%,57.0%,"14:07 ET"
TSLA,212.51,2024-11-29,195.00,-8.24%,7.4,187.6,13.28%,226,640,57.78%,0.280185,67.99%,3.9%,38.9%,"14:18 ET"
TSLA,212.51,2025-01-17,170.00,-20.00%,5,165,28.79%,226,38104,54.05%,0.153709,80.25%,3.0%,12.9%,"14:10 ET"
TSLA,212.51,2025-01-17,160.00,-24.71%,3.35,156.65,35.66%,230,21423,55.15%,0.108819,85.55%,2.1%,9.1%,"14:18 ET"
TSLA,212.51,2024-11-08,150.00,-29.42%,0.32,149.68,41.98%,231,599,86.69%,0.021649,97.25%,0.2%,4.9%,"14:18 ET"
TSLA,212.51,2024-12-20,170.00,-20.00%,3.35,166.65,27.52%,231,8831,56.56%,0.128489,83.89%,2.0%,12.7%,"14:18 ET"
TSLA,212.51,2024-11-01,155.00,-27.06%,0.19,154.81,37.27%,245,1020,97.07%,0.015633,98.08%,0.1%,5.0%,"14:09 ET"
TSLA,212.51,2025-01-17,190.00,-10.59%,10.3,179.7,18.26%,248,19649,52.48%,0.272877,66.99%,5.7%,24.3%,"14:18 ET"
TSLA,212.51,2024-11-08,170.00,-20.00%,1.09,168.91,25.81%,264,1553,76.35%,0.068322,91.87%,0.6%,14.7%,"14:17 ET"
TSLA,212.51,2024-11-08,160.00,-24.71%,0.58,159.42,33.30%,280,1794,80.70%,0.037881,95.35%,0.4%,8.3%,"14:16 ET"
TSLA,212.51,2025-01-17,165.00,-22.36%,4.1,160.9,32.08%,284,26253,54.68%,0.130336,82.98%,2.5%,10.8%,"14:13 ET"
TSLA,212.51,2024-11-29,210.00,-1.18%,13.55,196.45,8.18%,287,1329,57.21%,0.429766,52.60%,6.9%,68.0%,"14:16 ET"
TSLA,212.51,2024-12-20,175.00,-17.65%,4.25,170.75,24.46%,293,8062,56.01%,0.155691,80.78%,2.5%,15.7%,"14:14 ET"
TSLA,212.51,2024-11-29,200.00,-5.89%,9.15,190.85,11.35%,294,787,57.50%,0.327992,62.98%,4.8%,47.3%,"14:16 ET"
TSLA,212.51,2024-12-20,185.00,-12.95%,6.5,178.5,19.05%,417,5867,55.16%,0.220379,73.58%,3.6%,22.9%,"14:09 ET"
TSLA,212.51,2024-11-08,210.00,-1.18%,10.95,199.05,6.76%,431,1416,70.38%,0.434224,53.21%,5.5%,125.5%,"14:17 ET"
TSLA,212.51,2025-01-17,140.00,-34.12%,1.44,138.56,53.37%,439,31335,59.12%,0.051054,92.71%,1.0%,4.4%,"13:59 ET"
TSLA,212.51,2024-11-01,165.00,-22.36%,0.36,164.64,29.08%,463,1403,89.62%,0.030312,96.39%,0.2%,8.9%,"14:18 ET"
TSLA,212.51,2024-11-01,160.00,-24.71%,0.26,159.74,33.03%,464,997,93.00%,0.021487,97.40%,0.2%,6.6%,"14:16 ET"
TSLA,212.51,2024-11-01,170.00,-20.00%,0.51,169.49,25.38%,474,1175,85.83%,0.041673,95.11%,0.3%,12.2%,"14:18 ET"
TSLA,212.51,2024-11-15,160.00,-24.71%,0.8,159.2,33.49%,485,9276,72.43%,0.047721,94.07%,0.5%,8.0%,"14:09 ET"
TSLA,212.51,2024-11-15,150.00,-29.42%,0.45,149.55,42.10%,502,9131,76.70%,0.027423,96.48%,0.3%,4.8%,"14:13 ET"
TSLA,212.51,2024-11-22,195.00,-8.24%,6.85,188.15,12.95%,507,557,61.10%,0.274858,68.82%,3.6%,44.3%,"14:09 ET"
TSLA,212.51,2024-12-20,210.00,-1.18%,16.1,193.9,9.60%,521,7872,53.96%,0.424718,52.20%,8.3%,52.3%,"14:17 ET"
TSLA,212.51,2024-11-01,150.00,-29.42%,0.13,149.87,41.80%,526,7073,101.32%,0.011428,98.57%,0.1%,3.5%,"14:09 ET"
TSLA,212.51,2024-11-08,195.00,-8.24%,5.2,189.8,11.97%,534,1377,71.26%,0.253545,71.78%,2.7%,62.5%,"14:18 ET"
TSLA,212.51,2024-12-20,165.00,-22.36%,2.68,162.32,30.92%,534,2273,57.28%,0.105053,86.61%,1.7%,10.4%,"14:16 ET"
TSLA,212.51,2024-12-20,205.00,-3.53%,13.7,191.3,11.09%,547,6911,54.05%,0.381015,56.63%,7.2%,45.1%,"14:15 ET"
TSLA,212.51,2024-11-01,140.00,-34.12%,0.08,139.92,51.88%,562,6526,110.75%,0.006338,99.18%,0.1%,2.3%,"14:07 ET"
TSLA,212.51,2024-12-20,155.00,-27.06%,1.66,153.34,38.59%,585,4098,59.28%,0.068936,90.91%,1.1%,6.8%,"14:13 ET"
TSLA,212.51,2025-01-17,150.00,-29.42%,2.2,147.8,43.78%,589,31840,56.77%,0.074916,89.69%,1.5%,6.3%,"14:00 ET"
TSLA,212.51,2025-01-17,205.00,-3.53%,16.4,188.6,12.68%,608,2405,52.05%,0.380843,55.66%,8.7%,36.9%,"14:06 ET"
TSM,199.12,2025-01-17,150.00,-24.67%,1.58,148.42,34.16%,103,11107,45.12%,0.074975,90.21%,1.1%,4.5%,"14:13 ET"
TSM,199.12,2024-12-20,170.00,-14.62%,2.42,167.58,18.82%,110,3430,40.57%,0.137868,83.59%,1.4%,9.1%,"14:11 ET"
TSM,199.12,2024-12-20,165.00,-17.14%,1.82,163.18,22.02%,120,2308,41.90%,0.10755,86.98%,1.1%,7.0%,"11:38 ET"
TSM,199.12,2025-01-17,155.00,-22.16%,1.99,153.01,30.14%,143,11919,43.93%,0.09363,88.00%,1.3%,5.5%,"13:40 ET"
TSM,199.12,2024-11-08,190.00,-4.58%,3.25,186.75,6.62%,146,2022,43.39%,0.284048,69.71%,1.7%,39.7%,"14:17 ET"
TSM,199.12,2024-11-01,170.00,-14.62%,0.14,169.86,17.23%,165,3304,51.44%,0.022693,97.49%,0.1%,3.3%,"13:24 ET"
TSM,199.12,2024-11-15,195.00,-2.07%,5.8,189.2,5.24%,165,1197,40.04%,0.392788,58.24%,3.1%,48.6%,"14:09 ET"
TSM,199.12,2024-11-01,182.50,-8.35%,0.55,181.95,9.44%,166,600,42.17%,0.088,90.60%,0.3%,12.3%,"14:15 ET"
TSM,199.12,2024-12-20,185.00,-7.09%,5.7,179.3,11.05%,166,3501,38.54%,0.278761,68.39%,3.2%,20.0%,"14:10 ET"
TSM,199.12,2025-01-17,160.00,-19.65%,2.53,157.47,26.45%,171,15591,42.79%,0.116068,85.38%,1.6%,6.8%,"11:35 ET"
TSM,199.12,2024-12-20,190.00,-4.58%,7.45,182.55,9.08%,172,2173,38.49%,0.34015,62.00%,4.1%,25.7%,"14:00 ET"
TSM,199.12,2025-01-17,195.00,-2.07%,12.4,182.6,9.05%,175,847,39.62%,0.405787,54.33%,6.8%,28.8%,"13:49 ET"
TSM,199.12,2024-11-15,150.00,-24.67%,0.23,149.77,32.95%,190,6870,57.65%,0.02061,97.49%,0.2%,2.4%,"14:09 ET"
TSM,199.12,2024-11-01,187.50,-5.84%,1.09,186.41,6.82%,193,1058,40.50%,0.16328,82.78%,0.6%,23.7%,"14:03 ET"
TSM,199.12,2024-11-08,175.00,-12.11%,0.78,174.22,14.29%,194,838,47.05%,0.085403,90.50%,0.4%,10.2%,"14:17 ET"
TSM,199.12,2024-11-15,130.00,-34.71%,0.07,129.93,53.25%,200,4829,73.30%,0.007801,98.98%,0.1%,0.9%,"14:18 ET"
TSM,199.12,2024-11-15,175.00,-12.11%,1.13,173.87,14.52%,205,6699,43.53%,0.105475,88.13%,0.6%,10.3%,"13:43 ET"
TSM,199.12,2025-01-17,170.00,-14.62%,4.15,165.85,20.06%,256,4812,41.36%,0.177159,78.45%,2.5%,10.6%,"12:57 ET"
TSM,199.12,2025-01-17,175.00,-12.11%,5.25,169.75,17.30%,261,1896,40.74%,0.214754,74.31%,3.1%,13.1%,"14:14 ET"
TSM,199.12,2024-11-08,180.00,-9.60%,1.17,178.83,11.35%,277,651,45.26%,0.130822,85.66%,0.7%,14.9%,"14:17 ET"
TSM,199.12,2025-01-17,120.00,-39.73%,0.53,119.47,66.67%,288,13873,58.50%,0.025332,96.27%,0.4%,1.9%,"10:43 ET"
TSM,199.12,2024-11-15,170.00,-14.62%,0.74,169.26,17.64%,324,10124,45.19%,0.071497,91.83%,0.4%,6.9%,"14:17 ET"
TSM,199.12,2025-01-17,165.00,-17.14%,3.25,161.75,23.10%,325,3301,42.06%,0.144353,82.14%,2.0%,8.5%,"11:43 ET"
TSM,199.12,2024-11-15,190.00,-4.58%,4,186,7.05%,396,3871,40.66%,0.299835,67.70%,2.2%,34.1%,"14:12 ET"
TSM,199.12,2024-11-15,185.00,-7.09%,2.67,182.33,9.21%,445,7142,41.03%,0.217537,76.24%,1.5%,23.2%,"14:14 ET"
TSM,199.12,2024-11-15,180.00,-9.60%,1.75,178.25,11.71%,454,8115,42.11%,0.153206,83.02%,1.0%,15.6%,"14:17 ET"
TSM,199.12,2024-12-20,160.00,-19.65%,1.37,158.63,25.52%,463,9899,43.20%,0.082827,89.80%,0.9%,5.4%,"14:11 ET"
TSM,199.12,2024-11-01,180.00,-9.60%,0.39,179.61,10.86%,595,770,43.63%,0.065344,92.97%,0.2%,8.8%,"14:17 ET"
TSM,199.12,2024-11-01,190.00,-4.58%,1.55,188.45,5.66%,611,1972,40.22%,0.218431,77.11%,0.8%,33.4%,"14:17 ET"
TSM,199.12,2024-11-01,185.00,-7.09%,0.76,184.24,8.08%,736,1553,41.12%,0.119981,87.26%,0.4%,16.7%,"14:01 ET"
TSM,199.12,2024-11-01,175.00,-12.11%,0.21,174.79,13.92%,818,3456,47.35%,0.037779,95.88%,0.1%,4.9%,"14:09 ET"
TSM,199.12,2024-11-01,192.50,-3.32%,2.17,190.33,4.62%,835,3240,39.39%,0.280645,70.77%,1.1%,46.2%,"14:15 ET"
TSM,199.12,2024-11-01,195.00,-2.07%,2.98,192.02,3.70%,1199,1193,38.89%,0.353476,63.40%,1.6%,62.9%,"14:16 ET"
TSN,59.17,2024-11-15,52.50,-11.27%,0.3,52.2,13.35%,207,597,41.28%,0.112493,87.58%,0.6%,9.1%,"12:49 ET"
TTD,116.42,2025-01-17,100.00,-14.10%,3.1,96.9,20.14%,110,1940,44.84%,0.202475,75.76%,3.2%,13.6%,"13:07 ET"
TTD,116.42,2024-11-15,100.00,-14.10%,1.49,98.51,18.18%,127,709,62.63%,0.150313,83.32%,1.5%,24.0%,"14:05 ET"
TTE,64.42,2024-11-15,62.50,-2.98%,0.65,61.85,4.16%,120,1122,21.55%,0.289809,71.20%,1.1%,16.7%,"12:33 ET"
TXN,200.45,2024-11-01,175.00,-12.70%,0.07,174.93,14.59%,103,701,41.72%,0.01846,98.09%,0.0%,1.6%,"14:08 ET"
TXN,200.45,2024-12-20,195.00,-2.72%,6.55,188.45,6.37%,114,2709,29.38%,0.379286,59.30%,3.5%,21.9%,"13:51 ET"
TXN,200.45,2024-11-15,185.00,-7.71%,1.53,183.47,9.25%,115,904,34.26%,0.165701,82.45%,0.8%,13.2%,"13:19 ET"
TXN,200.45,2024-12-20,190.00,-5.21%,4.8,185.2,8.23%,145,2029,29.89%,0.300338,67.34%,2.6%,16.3%,"13:50 ET"
TXN,200.45,2024-11-15,180.00,-10.20%,0.92,179.08,11.93%,174,2173,35.60%,0.106605,88.58%,0.5%,8.2%,"13:07 ET"
TXN,200.45,2024-11-15,175.00,-12.70%,0.54,174.46,14.90%,175,767,36.69%,0.064739,92.98%,0.3%,4.9%,"14:00 ET"
TXN,200.45,2024-11-15,195.00,-2.72%,4.05,190.95,4.98%,185,2171,32.80%,0.355498,63.11%,2.1%,33.7%,"13:10 ET"
TXN,200.45,2025-01-17,190.00,-5.21%,6.1,183.9,9.00%,367,3014,28.87%,0.317045,64.88%,3.3%,14.1%,"14:02 ET"
TXN,200.45,2024-12-20,180.00,-10.20%,2.49,177.51,12.92%,450,685,31.62%,0.175802,80.34%,1.4%,8.8%,"13:28 ET"
TXN,200.45,2025-01-17,195.00,-2.72%,7.9,187.1,7.14%,462,2019,28.30%,0.384965,57.95%,4.2%,17.9%,"14:08 ET"
TXN,200.45,2024-12-20,185.00,-7.71%,3.45,181.55,10.41%,1022,546,30.81%,0.232939,74.32%,1.9%,12.0%,"13:29 ET"
TXN,200.45,2024-11-15,190.00,-5.21%,2.54,187.46,6.93%,2699,916,33.34%,0.249272,73.88%,1.4%,21.5%,"13:17 ET"
UAL,73.13,2025-01-17,65.00,-11.12%,2.28,62.72,16.60%,762,9780,38.35%,0.256407,73.66%,3.6%,15.4%,"14:17 ET"
UAL,73.13,2024-11-15,70.00,-4.28%,1.58,68.42,6.88%,1418,7582,38.21%,0.329285,67.58%,2.3%,36.6%,"14:18 ET"
UAL,73.13,2025-01-17,67.50,-7.70%,3,64.5,13.38%,147,1299,37.10%,0.321745,67.18%,4.7%,19.7%,"10:32 ET"
UAL,73.13,2024-11-01,72.00,-1.55%,1.37,70.63,3.54%,149,1580,39.24%,0.41332,59.98%,1.9%,78.7%,"14:14 ET"
UAL,73.13,2024-11-01,71.00,-2.91%,1.01,69.99,4.49%,171,535,39.46%,0.328706,68.33%,1.4%,58.5%,"14:15 ET"
UAL,73.13,2024-11-01,67.00,-8.38%,0.22,66.78,9.51%,191,892,42.21%,0.098035,90.67%,0.3%,13.4%,"14:09 ET"
UAL,73.13,2024-12-20,70.00,-4.28%,3.1,66.9,9.31%,234,9424,36.65%,0.380275,61.77%,4.6%,29.2%,"14:18 ET"
UAL,73.13,2024-12-20,67.50,-7.70%,2.22,65.28,12.03%,234,537,37.99%,0.295446,70.16%,3.4%,21.4%,"14:07 ET"
UAL,73.13,2024-11-15,65.00,-11.12%,0.51,64.49,13.40%,286,4251,41.99%,0.132883,86.82%,0.8%,12.6%,"14:06 ET"
UAL,73.13,2024-11-01,69.00,-5.65%,0.51,68.49,6.77%,307,624,41.27%,0.192861,81.52%,0.7%,30.2%,"14:15 ET"
UAL,73.13,2024-11-01,70.00,-4.28%,0.73,69.27,5.57%,320,2024,40.30%,0.254823,75.53%,1.1%,42.7%,"14:14 ET"
UAL,73.13,2024-11-15,57.50,-21.37%,0.08,57.42,27.36%,493,6145,48.29%,0.02315,97.63%,0.1%,2.2%,"13:50 ET"
UBER,79.93,2024-11-01,79.00,-1.16%,2.76,76.24,4.84%,171,1505,61.16%,0.451833,54.85%,3.6%,146.8%,"14:13 ET"
UBER,79.93,2025-01-17,60.00,-24.93%,0.58,59.42,34.52%,211,14160,44.35%,0.071799,90.86%,1.0%,4.1%,"11:16 ET"
UBER,79.93,2024-11-01,72.00,-9.92%,0.63,71.37,11.99%,221,3702,63.68%,0.147011,85.20%,0.9%,35.8%,"14:08 ET"
UBER,79.93,2025-01-17,57.50,-28.06%,0.43,57.07,40.06%,342,3459,45.76%,0.053005,93.10%,0.8%,3.2%,"14:13 ET"
UBER,79.93,2024-11-15,67.50,-15.55%,0.47,67.03,19.25%,768,4849,52.78%,0.093343,89.90%,0.7%,11.1%,"14:02 ET"
UBER,79.93,2025-01-17,72.50,-9.30%,2.61,69.89,14.37%,778,4012,38.88%,0.263617,69.74%,3.7%,15.8%,"13:58 ET"
UBER,79.93,2024-12-20,67.50,-15.55%,1.06,66.44,20.30%,8181,3725,43.49%,0.14249,83.52%,1.6%,10.0%,"14:02 ET"
UNH,565.84,2024-12-20,550.00,-2.80%,14.25,535.75,5.62%,103,744,24.94%,0.359777,61.24%,2.7%,16.7%,"14:11 ET"
UNH,565.84,2025-01-17,560.00,-1.03%,22.35,537.65,5.24%,564,1529,24.61%,0.428465,53.46%,4.2%,17.6%,"14:03 ET"
UNH,565.84,2025-01-17,520.00,-8.10%,9.6,510.4,10.86%,605,879,26.30%,0.222149,74.59%,1.9%,8.0%,"12:03 ET"
UPS,131.1,2024-11-15,125.00,-4.65%,2.86,122.14,7.34%,140,3721,41.35%,0.310556,67.69%,2.3%,37.2%,"14:15 ET"
UPS,131.1,2025-01-17,120.00,-8.47%,3.05,116.95,12.10%,269,6527,30.16%,0.250641,72.72%,2.6%,11.1%,"14:09 ET"
UPS,131.1,2024-11-15,120.00,-8.47%,1.55,118.45,10.68%,329,2899,42.38%,0.192618,79.72%,1.3%,20.8%,"14:15 ET"
UPS,131.1,2025-01-17,100.00,-23.72%,0.49,99.51,31.75%,380,7839,35.72%,0.050193,94.08%,0.5%,2.1%,"14:17 ET"
UPS,131.1,2024-11-15,115.00,-12.28%,0.8,114.2,14.80%,476,1588,44.52%,0.112677,87.95%,0.7%,11.1%,"14:12 ET"
UPST,49.43,2024-11-15,35.00,-29.19%,0.95,34.05,45.17%,100,519,127.31%,0.109901,86.00%,2.8%,44.3%,"14:04 ET"
UPST,49.43,2024-12-20,40.00,-19.08%,3.1,36.9,33.96%,260,1250,98.64%,0.231415,70.48%,8.4%,52.9%,"14:18 ET"
URA,31.32,2024-11-15,30.00,-4.21%,0.8,29.2,7.26%,139,692,44.25%,0.338355,65.08%,2.7%,43.5%,"13:41 ET"
URA,31.32,2025-01-17,25.00,-20.18%,0.4,24.6,27.32%,281,4808,44.92%,0.122017,84.93%,1.6%,6.9%,"14:14 ET"
USB,48.1,2024-12-20,45.00,-6.44%,0.78,44.22,8.77%,506,1941,26.68%,0.248858,73.45%,1.8%,11.1%,"12:22 ET"
USO,73.35,2024-12-20,55.00,-25.02%,0.31,54.69,34.12%,100,1397,50.21%,0.058816,92.49%,0.6%,3.6%,"11:08 ET"
USO,73.35,2024-11-15,68.00,-7.29%,0.86,67.14,9.25%,102,606,41.18%,0.214302,76.81%,1.3%,20.3%,"12:06 ET"
USO,73.35,2024-11-15,70.00,-4.57%,1.5,68.5,7.08%,230,16306,41.28%,0.305266,67.41%,2.2%,34.8%,"12:06 ET"
UUP,29.33,2024-12-20,28.00,-4.53%,0.06,27.94,4.97%,243,3430,10.65%,0.100986,86.28%,0.2%,1.4%,"13:51 ET"
UUP,29.33,2024-12-20,29.00,-1.13%,0.24,28.76,1.98%,269,798,10.04%,0.32833,61.13%,0.8%,5.3%,"14:18 ET"
UUP,29.33,2024-11-15,29.00,-1.13%,0.14,28.86,1.63%,536,1302,10.31%,0.293014,66.90%,0.5%,7.7%,"14:17 ET"
UVXY,28.09,2024-11-01,25.50,-9.22%,0.3,25.2,11.47%,101,3926,82.62%,0.156589,77.21%,1.2%,48.3%,"14:15 ET"
UVXY,28.09,2024-11-08,23.00,-18.12%,0.2,22.8,23.20%,161,1101,84.99%,0.086634,86.94%,0.9%,20.0%,"14:16 ET"
UVXY,28.09,2024-11-01,26.50,-5.66%,0.63,25.87,8.58%,216,824,89.76%,0.25271,66.03%,2.4%,98.8%,"14:05 ET"
UVXY,28.09,2024-12-20,23.00,-18.12%,1.64,21.36,31.51%,224,5660,101.78%,0.219869,68.89%,7.7%,48.3%,"14:15 ET"
UVXY,28.09,2024-11-01,26.00,-7.44%,0.44,25.56,9.90%,234,4205,85.76%,0.202653,71.71%,1.7%,69.8%,"14:17 ET"
UVXY,28.09,2024-11-01,25.00,-11.00%,0.2,24.8,13.27%,376,1460,80.40%,0.117058,82.20%,0.8%,32.7%,"14:17 ET"
UVXY,28.09,2024-11-01,24.50,-12.78%,0.12,24.38,15.22%,607,560,78.04%,0.082718,86.78%,0.5%,20.0%,"14:09 ET"
V,284.25,2024-11-15,260.00,-8.53%,1.17,258.83,9.82%,107,2110,30.07%,0.111286,88.13%,0.5%,7.2%,"14:06 ET"
V,284.25,2024-11-01,275.00,-3.25%,2.07,272.93,4.15%,115,1121,30.91%,0.249387,75.23%,0.8%,30.8%,"14:04 ET"
VICI,32.83,2024-12-20,32.50,-1.01%,0.85,31.65,3.73%,160,1305,18.76%,0.442344,55.37%,2.7%,16.9%,"13:50 ET"
VKTX,60.66,2025-01-17,55.00,-9.33%,7.9,47.1,28.79%,164,663,97.20%,0.32383,58.22%,16.8%,71.2%,"13:44 ET"
VLO,131.97,2024-12-20,125.00,-5.28%,4.3,120.7,9.34%,107,856,35.88%,0.32455,64.78%,3.6%,22.4%,"14:06 ET"
VRT,107.99,2024-11-15,90.00,-16.66%,0.7,89.3,20.93%,111,1583,56.92%,0.095756,89.89%,0.8%,12.4%,"14:11 ET"
VRT,107.99,2024-12-20,80.00,-25.92%,0.85,79.15,36.44%,115,872,57.05%,0.076915,90.65%,1.1%,6.8%,"13:21 ET"
VRT,107.99,2025-01-17,90.00,-16.66%,3.5,86.5,24.84%,116,1217,53.80%,0.202428,75.74%,4.0%,17.2%,"13:18 ET"
VRT,107.99,2025-01-17,85.00,-21.29%,2.3,82.7,30.58%,116,1622,53.71%,0.145879,82.07%,2.8%,11.8%,"14:08 ET"
VRT,107.99,2024-12-20,105.00,-2.77%,7.9,97.1,11.22%,125,1759,55.55%,0.410978,55.04%,8.1%,51.2%,"14:14 ET"
VRT,107.99,2024-11-15,85.00,-21.29%,0.3,84.7,27.50%,148,3230,60.06%,0.052106,94.38%,0.4%,5.6%,"13:23 ET"
VRT,107.99,2024-11-15,97.50,-9.71%,2.1,95.4,13.20%,151,1045,56.77%,0.227627,76.33%,2.2%,34.9%,"14:08 ET"
VRT,107.99,2024-11-15,95.00,-12.03%,1.5,93.5,15.50%,213,917,56.74%,0.176262,81.59%,1.6%,25.5%,"14:13 ET"
VRT,107.99,2024-11-15,103.00,-4.62%,4,99,9.08%,224,819,57.40%,0.360164,62.87%,4.0%,64.1%,"13:34 ET"
VRT,107.99,2024-11-15,100.00,-7.40%,2.85,97.15,11.16%,267,1401,57.40%,0.286432,70.31%,2.9%,46.6%,"14:11 ET"
VRT,107.99,2025-01-17,82.50,-23.60%,1.85,80.65,33.90%,301,562,54.46%,0.123692,84.58%,2.3%,9.7%,"14:05 ET"
VRT,107.99,2024-12-20,90.00,-16.66%,2.5,87.5,23.42%,333,561,56.24%,0.179617,79.18%,2.9%,18.0%,"14:04 ET"
VRT,107.99,2025-01-17,100.00,-7.40%,7,93,16.12%,342,1089,53.54%,0.334522,61.63%,7.5%,31.9%,"14:08 ET"
VRT,107.99,2025-01-17,75.00,-30.55%,0.85,74.15,45.64%,362,1120,54.39%,0.064275,91.63%,1.1%,4.9%,"14:09 ET"
VRT,107.99,2025-01-17,95.00,-12.03%,5,90,19.99%,421,913,52.70%,0.263652,69.18%,5.6%,23.6%,"14:11 ET"
VST,125.31,2024-11-15,115.00,-8.23%,4.4,110.6,13.30%,1177,630,71.90%,0.289558,68.29%,4.0%,63.1%,"12:08 ET"
VST,125.31,2025-01-17,110.00,-12.22%,7.3,102.7,22.02%,1521,786,61.89%,0.274991,66.78%,7.1%,30.2%,"14:09 ET"
VXX,54.05,2024-11-15,47.00,-13.04%,0.38,46.62,15.94%,115,630,55.11%,0.110227,84.38%,0.8%,12.9%,"13:54 ET"
VXX,54.05,2024-11-15,50.00,-7.49%,1.22,48.78,10.80%,119,2178,61.26%,0.237634,69.37%,2.5%,39.7%,"14:13 ET"
VXX,54.05,2024-12-20,50.00,-7.49%,3.1,46.9,15.25%,130,563,65.88%,0.301948,61.66%,6.6%,41.6%,"14:17 ET"
VXX,54.05,2024-11-01,50.00,-7.49%,0.24,49.76,8.62%,325,1174,52.63%,0.113559,82.70%,0.5%,19.6%,"14:13 ET"
VZ,42.32,2025-01-17,41.00,-3.12%,0.94,40.06,5.64%,129,2264,18.53%,0.351468,63.77%,2.3%,10.0%,"13:58 ET"
VZ,42.32,2024-12-20,41.00,-3.12%,0.57,40.43,4.67%,173,8071,16.50%,0.309387,68.50%,1.4%,8.9%,"14:15 ET"
VZ,42.32,2024-11-15,40.00,-5.48%,0.15,39.85,6.20%,231,2020,20.98%,0.137916,85.78%,0.4%,6.0%,"13:47 ET"
VZ,42.32,2024-11-15,41.00,-3.12%,0.29,40.71,3.95%,296,2325,19.42%,0.252399,74.21%,0.7%,11.3%,"14:09 ET"
VZ,42.32,2024-11-15,41.50,-1.94%,0.42,41.08,3.02%,423,3571,18.50%,0.330996,66.33%,1.0%,16.2%,"13:44 ET"
VZ,42.32,2025-01-17,40.00,-5.48%,0.65,39.35,7.55%,443,15579,19.15%,0.262396,72.79%,1.7%,7.0%,"13:45 ET"
VZ,42.32,2024-12-20,40.00,-5.48%,0.35,39.65,6.73%,3089,8420,17.67%,0.206477,78.82%,0.9%,5.6%,"14:18 ET"
W,46.4,2024-12-20,45.00,-3.02%,4.55,40.45,14.71%,104,1751,72.61%,0.405443,54.22%,11.2%,70.8%,"13:10 ET"
WDC,66.23,2025-01-17,55.00,-16.96%,1.38,53.62,23.52%,477,3047,45.02%,0.165205,80.24%,2.6%,10.9%,"14:11 ET"
WFC,64.13,2024-12-20,55.00,-14.24%,0.47,54.53,17.61%,151,8202,33.41%,0.1102,87.56%,0.9%,5.4%,"13:51 ET"
WFC,64.13,2024-11-15,63.00,-1.76%,1.6,61.4,4.45%,188,686,32.62%,0.406402,58.59%,2.6%,41.4%,"14:17 ET"
WFC,64.13,2024-11-22,62.00,-3.32%,1.39,60.61,5.81%,192,1257,31.71%,0.343336,64.49%,2.3%,27.9%,"14:14 ET"
WFC,64.13,2024-12-20,60.00,-6.44%,1.26,58.74,9.18%,194,8424,29.35%,0.2636,71.53%,2.1%,13.5%,"14:18 ET"
WFC,64.13,2024-11-15,47.50,-25.93%,0.06,47.44,35.18%,212,5914,59.51%,0.019067,97.78%,0.1%,2.0%,"12:43 ET"
WFC,64.13,2024-12-20,52.50,-18.14%,0.31,52.19,22.88%,213,5125,36.18%,0.071444,91.74%,0.6%,3.7%,"14:13 ET"
WFC,64.13,2024-11-15,60.00,-6.44%,0.69,59.31,8.13%,218,9647,34.65%,0.214811,77.79%,1.2%,18.5%,"14:16 ET"
WFC,64.13,2024-12-20,57.50,-10.34%,0.76,56.74,13.02%,224,6508,30.91%,0.170395,81.21%,1.3%,8.4%,"14:17 ET"
WFC,64.13,2024-12-20,62.50,-2.54%,2.09,60.41,6.16%,235,3896,28.52%,0.387277,58.96%,3.5%,21.8%,"14:06 ET"
WFC,64.13,2025-01-17,55.00,-14.24%,0.82,54.18,18.36%,246,15518,32.92%,0.145237,83.17%,1.5%,6.4%,"14:14 ET"
WFC,64.13,2024-11-15,62.50,-2.54%,1.4,61.1,4.96%,278,6481,32.94%,0.369962,62.22%,2.3%,36.4%,"14:13 ET"
WFC,64.13,2025-01-17,60.00,-6.44%,1.86,58.14,10.30%,377,15404,30.29%,0.294057,67.46%,3.2%,13.6%,"14:17 ET"
WFC,64.13,2024-11-01,62.00,-3.32%,0.34,61.66,4.01%,531,2836,26.75%,0.222019,78.93%,0.6%,22.4%,"14:14 ET"
WFC,64.13,2025-01-17,62.50,-2.54%,2.74,59.76,7.31%,558,2423,29.29%,0.394961,57.18%,4.6%,19.5%,"13:52 ET"
WFC,64.13,2024-11-01,60.00,-6.44%,0.12,59.88,7.10%,900,3408,30.21%,0.084681,91.97%,0.2%,8.1%,"14:08 ET"
WGO,51.81,2025-01-17,40.00,-22.79%,0.55,39.45,31.33%,1641,5917,46.30%,0.098995,87.52%,1.4%,5.9%,"13:42 ET"
WGO,51.81,2025-01-17,50.00,-3.49%,3,47,10.23%,101,6990,40.75%,0.380891,57.13%,6.4%,27.1%,"11:05 ET"
WGO,51.81,2024-11-15,42.50,-17.97%,0.1,42.4,22.19%,164,5107,51.39%,0.053849,93.77%,0.2%,3.7%,"13:48 ET"
WMG,31.79,2025-01-17,25.00,-21.36%,0.15,24.85,27.93%,100,532,36.91%,0.073366,91.01%,0.6%,2.6%,"10:26 ET"
WMT,82.88,2024-12-20,76.67,-7.49%,1.03,75.64,9.57%,119,2343,26.41%,0.20464,77.03%,1.4%,8.6%,"13:59 ET"
WMT,82.88,2024-11-08,79.00,-4.68%,0.37,78.63,5.41%,146,837,24.33%,0.169526,82.67%,0.5%,10.7%,"14:13 ET"
WMT,82.88,2024-11-29,78.00,-5.89%,0.98,77.02,7.61%,162,817,27.45%,0.225315,75.62%,1.3%,12.6%,"13:59 ET"
WMT,82.88,2024-11-01,80.00,-3.47%,0.2,79.8,3.86%,255,1076,20.72%,0.143117,86.15%,0.3%,10.2%,"14:18 ET"
WMT,82.88,2024-12-20,75.00,-9.51%,0.75,74.25,11.62%,264,3834,26.93%,0.15456,82.39%,1.0%,6.4%,"13:34 ET"
WMT,82.88,2025-01-17,75.00,-9.51%,1.02,73.98,12.03%,277,5573,25.32%,0.177741,79.19%,1.4%,5.9%,"13:58 ET"
WMT,82.88,2024-12-20,80.00,-3.47%,1.92,78.08,6.15%,285,5643,25.42%,0.333827,63.65%,2.5%,15.5%,"14:16 ET"
WMT,82.88,2025-01-17,70.00,-15.54%,0.47,69.53,19.20%,295,7715,28.05%,0.087533,89.26%,0.7%,2.9%,"14:07 ET"
WMT,82.88,2024-12-20,70.00,-15.54%,0.29,69.71,18.89%,345,10194,29.97%,0.066177,92.13%,0.4%,2.6%,"13:35 ET"
WMT,82.88,2024-11-01,81.00,-2.27%,0.36,80.64,2.78%,350,1146,19.96%,0.239209,76.80%,0.4%,18.1%,"14:15 ET"
WMT,82.88,2024-11-15,77.50,-6.49%,0.33,77.17,7.40%,444,8812,24.47%,0.130173,86.27%,0.4%,6.8%,"13:50 ET"
WMT,82.88,2025-01-17,80.00,-3.47%,2.31,77.69,6.68%,532,6463,24.00%,0.342014,61.93%,3.0%,12.6%,"14:17 ET"
WMT,82.88,2024-11-15,81.00,-2.27%,1.03,79.97,3.64%,603,613,22.49%,0.332176,65.78%,1.3%,20.4%,"14:06 ET"
WMT,82.88,2024-11-15,75.00,-9.51%,0.16,74.84,10.74%,1025,16069,27.20%,0.06682,92.83%,0.2%,3.4%,"14:08 ET"
WMT,82.88,2024-11-15,80.00,-3.47%,0.74,79.26,4.57%,1220,7539,22.82%,0.258919,73.15%,0.9%,14.8%,"14:13 ET"
WMT,82.88,2024-11-15,72.50,-12.52%,0.09,72.41,14.46%,1556,40696,30.76%,0.038003,95.85%,0.1%,2.0%,"14:10 ET"
WMT,82.88,2024-11-01,82.00,-1.06%,0.66,81.34,1.89%,1739,1126,19.63%,0.374283,63.54%,0.8%,32.9%,"14:18 ET"
WMT,82.88,2024-11-15,78.00,-5.89%,0.38,77.62,6.78%,2155,2272,24.00%,0.149308,84.31%,0.5%,7.8%,"13:30 ET"
WYNN,98.14,2024-11-15,95.00,-3.20%,2.16,92.84,5.71%,119,1413,36.57%,0.34741,63.84%,2.3%,36.9%,"14:16 ET"
X,39.37,2024-11-15,30.00,-23.80%,0.25,29.75,32.34%,229,15828,82.36%,0.077725,90.57%,0.8%,13.3%,"13:36 ET"
X,39.37,2024-11-15,38.00,-3.48%,1.76,36.24,8.64%,236,4020,63.18%,0.380584,58.84%,4.9%,77.1%,"11:58 ET"
X,39.37,2024-11-15,36.00,-8.56%,1.25,34.75,13.30%,347,2643,71.85%,0.278175,69.01%,3.6%,57.1%,"14:05 ET"
X,39.37,2025-01-17,30.00,-23.80%,1.46,28.54,37.95%,501,71230,73.59%,0.168576,77.66%,5.1%,21.7%,"13:21 ET"
X,39.37,2024-11-15,35.00,-11.10%,1,34,15.79%,713,8354,72.28%,0.229249,74.17%,2.9%,46.7%,"13:46 ET"
X,39.37,2024-11-01,35.00,-11.10%,0.13,34.87,12.91%,1417,2267,57.99%,0.092397,90.18%,0.4%,15.1%,"14:08 ET"
X,39.37,2025-01-17,25.00,-36.50%,0.58,24.42,61.22%,2136,86459,77.16%,0.077807,88.73%,2.4%,10.1%,"14:15 ET"
XBI,96.5,2024-11-15,94.00,-2.59%,1.83,92.17,4.70%,807,10853,30.60%,0.357003,63.37%,2.0%,31.5%,"14:12 ET"
XBI,96.5,2025-01-17,90.00,-6.74%,2.19,87.81,9.90%,851,8474,27.87%,0.266028,69.69%,2.5%,10.6%,"12:25 ET"
XBI,96.5,2024-11-15,90.00,-6.74%,0.83,89.17,8.22%,1525,1223,32.73%,0.189523,80.20%,0.9%,14.8%,"12:21 ET"
XBI,96.5,2024-12-20,95.00,-1.55%,3.25,91.75,5.18%,254,1591,27.43%,0.413981,55.70%,3.5%,22.3%,"13:26 ET"
XBI,96.5,2024-11-15,95.00,-1.55%,2.19,92.81,3.98%,297,5846,29.72%,0.408146,58.32%,2.4%,37.4%,"13:13 ET"
XBI,96.5,2024-12-20,85.00,-11.92%,0.82,84.18,14.64%,343,2492,31.20%,0.133728,84.62%,1.0%,6.1%,"12:45 ET"
XBI,96.5,2024-11-08,91.00,-5.70%,0.6,90.4,6.75%,619,2794,32.45%,0.19111,80.61%,0.7%,15.1%,"13:45 ET"
XHB,117.76,2025-01-17,85.00,-27.82%,0.3,84.7,39.03%,101,2482,39.66%,0.034535,95.48%,0.4%,1.5%,"12:44 ET"
XLC,90.17,2025-01-17,80.00,-11.28%,0.65,79.35,13.64%,125,6855,23.74%,0.121507,85.05%,0.8%,3.5%,"12:31 ET"
XLE,89.63,2025-01-17,84.00,-6.28%,1.6,82.4,8.77%,106,5781,23.37%,0.252857,71.63%,1.9%,8.2%,"11:39 ET"
XLE,89.63,2024-12-20,84.00,-6.28%,1.02,82.98,8.01%,122,7373,22.58%,0.215864,76.45%,1.2%,7.7%,"13:47 ET"
XLE,89.63,2025-01-17,85.00,-5.17%,1.88,83.12,7.83%,163,12076,23.23%,0.287001,68.10%,2.3%,9.6%,"14:17 ET"
XLE,89.63,2024-12-20,86.00,-4.05%,1.52,84.48,6.10%,210,24536,22.01%,0.296778,68.13%,1.8%,11.3%,"14:01 ET"
XLE,89.63,2024-11-15,87.00,-2.93%,0.99,86.01,4.21%,224,6068,22.92%,0.300907,69.76%,1.2%,18.3%,"14:16 ET"
XLE,89.63,2025-01-17,86.00,-4.05%,2.2,83.8,6.96%,313,2525,23.05%,0.322859,64.41%,2.6%,11.1%,"13:43 ET"
XLE,89.63,2024-12-20,87.00,-2.93%,1.84,85.16,5.25%,618,50607,21.81%,0.343738,63.40%,2.2%,13.6%,"14:06 ET"
XLE,89.63,2024-12-20,88.00,-1.82%,2.21,85.79,4.48%,709,4528,21.59%,0.393426,58.44%,2.6%,16.2%,"14:13 ET"
XLE,89.63,2024-11-15,83.00,-7.40%,0.26,82.74,8.33%,1340,20762,24.15%,0.100723,89.76%,0.3%,5.0%,"14:11 ET"
XLE,89.63,2024-11-15,85.00,-5.17%,0.52,84.48,6.10%,1414,14200,23.38%,0.181261,81.69%,0.6%,9.8%,"14:17 ET"
XLF,47.04,2024-11-15,45.00,-4.34%,0.34,44.66,5.33%,681,66628,23.00%,0.217219,77.87%,0.8%,12.1%,"14:06 ET"
XLF,47.04,2025-01-17,42.00,-10.71%,0.38,41.62,13.02%,700,50428,23.45%,0.135952,84.03%,0.9%,3.9%,"13:36 ET"
XLF,47.04,2024-11-08,45.00,-4.34%,0.26,44.74,5.14%,1011,8449,24.48%,0.194509,80.65%,0.6%,13.3%,"13:32 ET"
XLF,47.04,2025-01-17,45.00,-4.34%,0.78,44.22,6.38%,7603,76220,19.03%,0.282582,68.44%,1.8%,7.5%,"14:11 ET"
XLF,47.04,2024-11-22,46.50,-1.15%,0.77,45.73,2.86%,116,1586,18.99%,0.409233,58.40%,1.7%,20.5%,"14:16 ET"
XLF,47.04,2024-11-15,46.00,-2.21%,0.55,45.45,3.50%,127,19432,21.08%,0.333526,66.37%,1.2%,19.2%,"14:17 ET"
XLF,47.04,2025-01-17,41.00,-12.84%,0.31,40.69,15.61%,149,86366,25.22%,0.10987,86.92%,0.8%,3.2%,"14:15 ET"
XLF,47.04,2024-12-20,45.00,-4.34%,0.61,44.39,5.97%,320,71409,19.87%,0.265262,71.21%,1.4%,8.6%,"14:05 ET"
XLI,136.49,2024-12-20,130.00,-4.75%,1.59,128.41,6.29%,172,2577,20.00%,0.247314,72.94%,1.2%,7.8%,"14:14 ET"
XLI,136.49,2024-11-15,135.00,-1.09%,2.03,132.97,2.65%,399,10138,19.80%,0.412872,58.74%,1.5%,24.2%,"14:16 ET"
XLI,136.49,2024-12-20,127.00,-6.95%,1.13,125.87,8.44%,563,620,21.60%,0.18066,79.87%,0.9%,5.6%,"13:19 ET"
XLI,136.49,2024-12-20,135.00,-1.09%,2.87,132.13,3.30%,4003,507,17.62%,0.41455,56.21%,2.2%,13.7%,"14:09 ET"
XLK,227.07,2024-12-20,210.00,-7.52%,3.4,206.6,9.91%,114,5301,28.61%,0.218424,75.34%,1.6%,10.4%,"14:15 ET"
XLP,81.87,2024-11-15,80.00,-2.28%,0.45,79.55,2.92%,3061,8767,14.30%,0.252877,74.01%,0.6%,9.0%,"13:56 ET"
XLU,81.77,2025-01-17,80.00,-2.16%,1.97,78.03,4.79%,244,1474,18.82%,0.372445,59.46%,2.5%,10.7%,"14:13 ET"
XLU,81.77,2024-12-20,75.00,-8.28%,0.53,74.47,9.80%,366,12718,21.94%,0.144567,83.85%,0.7%,4.5%,"12:59 ET"
XLY,193.65,2025-01-17,185.00,-4.47%,3.9,181.1,6.93%,171,3245,21.79%,0.296486,66.72%,2.2%,9.1%,"13:48 ET"
XLY,193.65,2025-01-17,163.00,-15.83%,1.03,161.97,19.56%,200,3938,28.41%,0.086226,89.42%,0.6%,2.7%,"10:42 ET"
XLY,193.65,2025-01-17,175.00,-9.63%,1.97,173.03,11.92%,230,2904,24.14%,0.165047,80.62%,1.1%,4.8%,"14:05 ET"
XLY,193.65,2024-12-20,180.00,-7.05%,1.96,178.04,8.77%,400,3425,23.85%,0.1982,77.90%,1.1%,6.9%,"11:14 ET"
XOM,119.98,2024-11-01,116.00,-3.32%,0.73,115.27,4.09%,113,717,28.25%,0.237219,77.65%,0.6%,25.7%,"13:11 ET"
XOM,119.98,2024-11-15,115.00,-4.15%,1.51,113.49,5.72%,118,8773,28.77%,0.277391,72.14%,1.3%,21.1%,"13:53 ET"
XOM,119.98,2024-12-20,105.00,-12.49%,0.66,104.34,14.99%,128,5958,27.60%,0.103428,88.72%,0.6%,4.0%,"14:16 ET"
XOM,119.98,2024-11-15,110.00,-8.32%,0.56,109.44,9.63%,192,5450,30.22%,0.124644,87.39%,0.5%,8.1%,"13:57 ET"
XOM,119.98,2025-01-17,110.00,-8.32%,1.87,108.13,10.96%,209,16039,24.96%,0.216491,76.33%,1.7%,7.3%,"14:16 ET"
XOM,119.98,2025-01-17,105.00,-12.49%,1.05,103.95,15.42%,221,14179,26.22%,0.131651,85.27%,1.0%,4.3%,"14:11 ET"
XOP,132.53,2025-01-17,130.00,-1.91%,5.95,124.05,6.84%,118,5047,29.96%,0.406521,55.27%,4.8%,20.4%,"14:03 ET"
XOP,132.53,2025-01-17,120.00,-9.45%,2.68,117.32,12.96%,859,8190,31.27%,0.220753,74.36%,2.3%,9.7%,"12:00 ET"
XPO,109.06,2024-11-15,95.00,-12.89%,1.6,93.4,16.77%,155,1063,63.34%,0.1662,80.73%,1.7%,27.2%,"11:54 ET"
YETI,35.78,2024-11-15,32.50,-9.17%,1.15,31.35,14.13%,121,601,72.98%,0.267594,70.02%,3.7%,58.2%,"13:51 ET"
YINN,34.3,2024-12-20,32.00,-6.71%,3.9,28.1,22.06%,103,1710,96.93%,0.35273,57.13%,13.9%,87.3%,"12:25 ET"
YINN,34.3,2024-11-01,30.00,-12.54%,0.6,29.4,16.67%,120,643,102.27%,0.18525,79.79%,2.0%,82.8%,"14:06 ET"
YUM,134.21,2024-11-15,125.00,-6.86%,0.7,124.3,7.97%,1209,886,26.93%,0.146043,85.35%,0.6%,8.9%,"11:53 ET"
ZTO,24.98,2024-11-15,24.00,-3.92%,0.5,23.5,6.30%,200,1023,36.25%,0.321706,67.00%,2.1%,33.8%,"09:31 ET"
"Downloaded from Barchart.com as of 10-23-2024 01:49pm CDT"
