Symbol,Price~,"Exp Date",Strike,Moneyness,Bid,"BE (Bid)",BE%,Volume,"Open Int",IV,Delta,"OTM Prob","Ptnl Rtn","Ann Rtn",Time
AA,42.19,2025-01-17,40.00,-5.19%,2.63,37.37,12.90%,1743,9582,47.60%,0.35313,59.07%,7.0%,29.5%,"14:54 ET"
AA,42.19,2025-01-17,35.00,-17.04%,1.1,33.9,24.45%,224,9868,50.40%,0.180074,77.61%,3.2%,13.6%,"15:06 ET"
AA,42.19,2024-12-20,40.00,-5.19%,2.01,37.99,11.06%,160,2148,47.17%,0.344012,61.07%,5.3%,32.7%,"15:33 ET"
AA,42.19,2024-11-15,40.00,-5.19%,1.13,38.87,8.54%,141,4306,50.61%,0.312357,65.94%,2.9%,44.2%,"11:53 ET"
AAPL,235.7,2024-11-08,225.00,-4.54%,1.88,223.12,5.64%,222,2256,29.55%,0.213469,76.68%,0.8%,18.1%,"15:36 ET"
AAPL,235.7,2024-12-20,140.00,-40.60%,0.09,139.91,68.47%,240,7050,53.55%,0.005227,99.22%,0.1%,0.4%,"13:59 ET"
AAPL,235.7,2024-11-01,210.00,-10.90%,0.16,209.84,12.32%,627,4615,37.54%,0.027864,96.84%,0.1%,2.8%,"15:35 ET"
AAPL,235.7,2025-01-17,195.00,-17.27%,0.99,194.01,21.49%,624,23675,28.55%,0.066468,91.31%,0.5%,2.1%,"14:20 ET"
AAPL,235.7,2025-01-17,200.00,-15.15%,1.28,198.72,18.61%,264,108846,27.37%,0.085097,89.05%,0.6%,2.7%,"15:30 ET"
AAPL,235.7,2024-11-08,220.00,-6.66%,1.1,218.9,7.67%,599,3951,30.99%,0.136273,84.86%,0.5%,10.8%,"15:41 ET"
AAPL,235.7,2024-11-08,215.00,-8.78%,0.65,214.35,9.96%,191,2711,32.50%,0.084143,90.50%,0.3%,6.5%,"15:34 ET"
AAPL,235.7,2024-12-20,190.00,-19.39%,0.5,189.5,24.38%,187,26794,32.77%,0.039581,94.91%,0.3%,1.6%,"14:59 ET"
AAPL,235.7,2024-12-20,205.00,-13.03%,1.13,203.87,15.61%,593,8021,28.19%,0.08861,89.09%,0.6%,3.4%,"15:30 ET"
AAPL,235.7,2024-11-15,205.00,-13.03%,0.46,204.54,15.23%,299,15238,35.00%,0.051179,94.00%,0.2%,3.4%,"15:31 ET"
AAPL,235.7,2024-11-08,210.00,-10.90%,0.4,209.6,12.45%,103,1349,34.55%,0.053068,93.92%,0.2%,4.1%,"15:31 ET"
AAPL,235.7,2024-11-15,195.00,-17.27%,0.25,194.75,21.03%,165,9316,40.08%,0.027087,96.74%,0.1%,2.0%,"14:27 ET"
AAPL,235.7,2025-01-17,215.00,-8.78%,2.94,212.06,11.15%,314,21450,24.60%,0.182465,77.80%,1.4%,5.8%,"15:24 ET"
AAPL,235.7,2024-11-01,227.50,-3.48%,1.55,225.95,4.32%,576,2058,30.37%,0.224223,75.94%,0.7%,25.0%,"15:38 ET"
AAPL,235.7,2025-01-17,135.00,-42.72%,0.12,134.88,74.75%,338,19768,49.02%,0.006355,99.01%,0.1%,0.4%,"13:22 ET"
AAPL,235.7,2024-11-15,210.00,-10.90%,0.65,209.35,12.59%,571,24031,32.66%,0.072626,91.60%,0.3%,4.7%,"15:40 ET"
AAPL,235.7,2024-11-15,180.00,-23.63%,0.13,179.87,31.04%,133,17131,48.62%,0.012249,98.47%,0.1%,1.1%,"14:38 ET"
AAPL,235.7,2024-11-01,200.00,-15.15%,0.08,199.92,17.90%,549,3683,46.27%,0.013828,98.40%,0.0%,1.5%,"15:39 ET"
AAPL,235.7,2024-11-22,220.00,-6.66%,1.77,218.23,8.01%,126,561,27.72%,0.173552,80.33%,0.8%,9.5%,"15:23 ET"
AAPL,235.7,2024-11-22,230.00,-2.42%,4.05,225.95,4.32%,124,527,25.49%,0.339579,62.91%,1.8%,21.1%,"15:36 ET"
AAPL,235.7,2025-01-17,180.00,-23.63%,0.51,179.49,31.32%,498,64633,32.66%,0.033245,95.45%,0.3%,1.2%,"13:07 ET"
AAPL,235.7,2024-12-20,230.00,-2.42%,5.55,224.45,5.01%,504,13575,23.50%,0.355546,60.22%,2.5%,15.3%,"15:41 ET"
AAPL,235.7,2025-01-17,230.00,-2.42%,6.65,223.35,5.53%,505,19021,22.52%,0.361642,58.81%,3.0%,12.5%,"15:39 ET"
AAPL,235.7,2024-12-20,215.00,-8.78%,2.14,212.86,10.73%,660,9998,26.04%,0.159816,81.00%,1.0%,6.2%,"15:31 ET"
AAPL,235.7,2024-12-20,195.00,-17.27%,0.64,194.36,21.27%,705,7938,30.99%,0.05046,93.59%,0.3%,2.0%,"15:24 ET"
AAPL,235.7,2025-01-17,220.00,-6.66%,3.85,216.15,9.04%,729,33201,23.90%,0.233038,72.27%,1.8%,7.5%,"15:26 ET"
AAPL,235.7,2024-11-15,215.00,-8.78%,0.97,214.03,10.12%,753,15557,30.70%,0.106539,87.85%,0.5%,6.9%,"15:40 ET"
AAPL,235.7,2024-11-15,220.00,-6.66%,1.51,218.49,7.88%,961,29812,29.15%,0.158888,82.18%,0.7%,10.5%,"15:42 ET"
AAPL,235.7,2024-12-20,210.00,-10.90%,1.55,208.45,13.07%,968,23443,27.06%,0.119161,85.57%,0.7%,4.6%,"15:32 ET"
AAPL,235.7,2024-11-15,230.00,-2.42%,3.7,226.3,4.15%,1008,14273,26.86%,0.333669,63.89%,1.6%,24.9%,"15:42 ET"
AAPL,235.7,2024-12-20,220.00,-6.66%,2.96,217.04,8.60%,1049,12805,25.03%,0.211547,75.33%,1.4%,8.4%,"15:37 ET"
AAPL,235.7,2025-01-17,225.00,-4.54%,5.1,219.9,7.19%,1116,12806,23.30%,0.293084,65.85%,2.3%,9.7%,"15:29 ET"
AAPL,235.7,2024-12-20,225.00,-4.54%,4.05,220.95,6.68%,1129,13021,24.12%,0.276411,68.41%,1.8%,11.3%,"15:36 ET"
AAPL,235.7,2024-11-01,220.00,-6.66%,0.52,219.48,7.39%,1261,5966,32.23%,0.089105,90.18%,0.2%,8.6%,"15:42 ET"
AAPL,235.7,2024-11-01,222.50,-5.60%,0.75,221.75,6.29%,1273,2942,31.30%,0.121691,86.70%,0.3%,12.3%,"15:37 ET"
AAPL,235.7,2024-11-08,230.00,-2.42%,3.1,226.9,3.88%,1318,2507,28.59%,0.322183,65.42%,1.4%,29.3%,"15:36 ET"
AAPL,235.7,2024-11-01,232.50,-1.36%,3,229.5,2.70%,1352,1584,29.79%,0.370872,60.92%,1.3%,47.7%,"15:41 ET"
AAPL,235.7,2024-11-15,200.00,-15.15%,0.34,199.66,18.05%,1381,29389,37.59%,0.037224,95.58%,0.2%,2.6%,"15:32 ET"
AAPL,235.7,2024-11-15,225.00,-4.54%,2.38,222.62,5.88%,1600,23459,27.92%,0.234237,74.18%,1.1%,16.3%,"15:41 ET"
AAPL,235.7,2024-12-20,200.00,-15.15%,0.84,199.16,18.35%,1674,18702,29.57%,0.066811,91.64%,0.4%,2.6%,"15:30 ET"
AAPL,235.7,2024-11-01,215.00,-8.78%,0.27,214.73,9.77%,1688,2759,34.39%,0.047509,94.68%,0.1%,4.6%,"15:40 ET"
AAPL,235.7,2024-11-01,225.00,-4.54%,1.08,223.92,5.26%,2125,6618,30.65%,0.16613,82.01%,0.5%,17.6%,"15:42 ET"
AAPL,235.7,2024-11-01,230.00,-2.42%,2.19,227.81,3.46%,2656,7005,29.95%,0.292186,68.93%,1.0%,35.1%,"15:40 ET"
AAPL,235.7,2025-01-17,210.00,-10.90%,2.21,207.79,13.43%,2744,24803,25.40%,0.14185,82.41%,1.1%,4.5%,"15:27 ET"
AAPL,235.7,2024-12-20,170.00,-27.87%,0.23,169.77,38.83%,10144,8930,40.75%,0.01701,97.69%,0.1%,0.8%,"15:34 ET"
ABBV,188.65,2024-11-15,180.00,-4.59%,2.65,177.35,6.37%,735,3695,32.85%,0.26518,71.13%,1.5%,22.7%,"15:08 ET"
ABBV,188.65,2025-01-17,155.00,-17.84%,0.74,154.26,22.29%,201,2647,28.71%,0.065361,91.95%,0.5%,2.0%,"10:37 ET"
ABNB,135.47,2024-11-22,132.00,-2.56%,5.25,126.75,6.88%,196,640,45.83%,0.387262,57.70%,4.1%,48.8%,"15:25 ET"
ABNB,135.47,2024-12-20,125.00,-7.73%,3.95,121.05,11.91%,286,881,41.19%,0.271248,68.64%,3.3%,20.2%,"15:27 ET"
ABT,116.21,2024-12-20,105.00,-9.65%,0.48,104.52,11.18%,261,584,21.77%,0.105122,87.67%,0.5%,2.8%,"15:37 ET"
ABT,116.21,2024-12-20,115.00,-1.04%,2.56,112.44,3.35%,168,565,18.32%,0.409661,55.65%,2.3%,14.1%,"15:29 ET"
ABT,116.21,2024-12-20,110.00,-5.34%,1.12,108.88,6.73%,1591,5314,19.89%,0.21797,75.39%,1.0%,6.4%,"15:05 ET"
ADBE,492.66,2024-11-15,475.00,-3.58%,6.85,468.15,5.24%,161,662,29.18%,0.290154,68.72%,1.5%,22.3%,"14:56 ET"
ADBE,492.66,2024-11-15,470.00,-4.60%,5.55,464.45,6.07%,136,1007,29.57%,0.24604,73.27%,1.2%,18.2%,"15:38 ET"
ADBE,492.66,2024-12-20,480.00,-2.57%,19.65,460.35,7.02%,532,1439,34.65%,0.383954,57.41%,4.3%,26.4%,"15:35 ET"
ADI,225.01,2024-12-20,210.00,-6.67%,6.1,203.9,10.35%,335,1456,36.73%,0.286259,67.99%,3.0%,18.5%,"11:34 ET"
ADM,55.96,2025-01-17,50.00,-10.65%,0.8,49.2,13.74%,268,1976,28.95%,0.183854,78.72%,1.6%,6.8%,"15:12 ET"
AEM,88.12,2024-11-15,85.00,-3.54%,2,83,6.17%,128,842,38.57%,0.336736,64.22%,2.4%,36.6%,"15:18 ET"
AEM,88.12,2024-11-15,80.00,-9.21%,0.8,79.2,11.26%,114,2098,40.72%,0.162057,82.27%,1.0%,15.4%,"14:54 ET"
AFRM,43.88,2024-11-15,35.00,-20.24%,0.88,34.12,28.60%,218,3567,95.56%,0.144638,82.19%,2.6%,39.2%,"14:15 ET"
AFRM,43.88,2024-11-01,40.00,-8.84%,0.48,39.52,11.03%,197,942,66.03%,0.179068,80.15%,1.2%,44.3%,"15:19 ET"
ALAB,67.99,2024-11-15,50.00,-26.46%,0.5,49.5,37.35%,144,1736,92.37%,0.072885,90.28%,1.0%,15.4%,"15:42 ET"
ALAB,67.99,2024-11-15,65.00,-4.40%,3.9,61.1,11.28%,1001,1268,82.59%,0.359431,58.41%,6.4%,97.1%,"11:32 ET"
ALB,96.46,2024-12-20,65.00,-32.61%,0.58,64.42,49.74%,127,988,66.25%,0.050598,93.08%,0.9%,5.6%,"13:22 ET"
ALLY,34.83,2024-11-15,34.00,-2.38%,0.9,33.1,5.23%,552,1389,36.49%,0.377064,60.17%,2.7%,41.4%,"13:57 ET"
AMAT,183.62,2024-11-15,165.00,-10.14%,2.64,162.36,13.09%,184,1001,52.48%,0.188601,78.66%,1.6%,24.7%,"15:36 ET"
AMAT,183.62,2024-11-15,170.00,-7.42%,3.85,166.15,10.51%,138,1084,51.95%,0.252639,71.86%,2.3%,35.2%,"15:33 ET"
AMAT,183.62,2024-11-08,155.00,-15.59%,0.46,154.54,18.82%,132,1324,51.83%,0.055853,93.51%,0.3%,6.4%,"15:06 ET"
AMAT,183.62,2024-11-15,180.00,-1.97%,7.4,172.6,6.38%,492,4132,50.47%,0.405552,56.11%,4.3%,65.2%,"15:42 ET"
AMD,154.31,2024-11-22,135.00,-12.51%,2.55,132.45,16.50%,228,520,55.31%,0.178099,79.66%,1.9%,22.7%,"15:31 ET"
AMD,154.31,2025-01-17,120.00,-22.23%,2.2,117.8,30.99%,235,19071,48.67%,0.112325,85.51%,1.9%,7.8%,"15:34 ET"
AMD,154.31,2024-11-08,145.00,-6.03%,3.9,141.1,9.36%,242,2666,59.82%,0.291655,68.51%,2.8%,59.3%,"15:25 ET"
AMD,154.31,2025-01-17,140.00,-9.27%,6.85,133.15,15.89%,242,18031,46.57%,0.282157,66.57%,5.1%,21.6%,"15:38 ET"
AMD,154.31,2024-11-22,130.00,-15.75%,1.71,128.29,20.28%,209,8606,56.37%,0.127489,85.16%,1.3%,15.7%,"14:46 ET"
AMD,154.31,2024-11-22,150.00,-2.79%,7.3,142.7,8.14%,606,663,53.75%,0.393729,57.18%,5.1%,60.2%,"15:39 ET"
AMD,154.31,2024-12-20,105.00,-31.96%,0.48,104.52,47.64%,260,24242,56.08%,0.032493,95.61%,0.5%,2.8%,"15:09 ET"
AMD,154.31,2024-11-01,120.00,-22.23%,0.16,119.84,28.76%,195,741,77.81%,0.022036,97.46%,0.1%,4.9%,"15:10 ET"
AMD,154.31,2024-11-01,125.00,-18.99%,0.27,124.73,23.72%,193,555,73.11%,0.036125,95.91%,0.2%,7.9%,"15:37 ET"
AMD,154.31,2025-01-17,125.00,-18.99%,3,122,26.48%,283,13827,47.88%,0.145729,81.62%,2.5%,10.3%,"15:10 ET"
AMD,154.31,2025-01-17,130.00,-15.75%,4,126,22.47%,284,22161,47.17%,0.185088,77.17%,3.2%,13.3%,"15:31 ET"
AMD,154.31,2024-12-20,125.00,-18.99%,2.06,122.94,25.52%,179,8247,50.65%,0.122427,84.95%,1.7%,10.4%,"14:54 ET"
AMD,154.31,2024-11-08,150.00,-2.79%,5.75,144.25,6.97%,293,1811,59.33%,0.387277,58.76%,4.0%,85.6%,"15:36 ET"
AMD,154.31,2024-11-08,135.00,-12.51%,1.58,133.42,15.66%,172,727,62.03%,0.14271,84.10%,1.2%,25.4%,"15:39 ET"
AMD,154.31,2024-12-20,130.00,-15.75%,2.9,127.1,21.41%,320,6408,49.92%,0.163293,80.35%,2.3%,14.1%,"15:41 ET"
AMD,154.31,2024-11-08,140.00,-9.27%,2.53,137.47,12.25%,325,1051,61.05%,0.209867,76.99%,1.8%,39.5%,"15:38 ET"
AMD,154.31,2025-01-17,145.00,-6.03%,8.7,136.3,13.21%,341,10617,46.21%,0.336475,60.87%,6.4%,26.8%,"15:33 ET"
AMD,154.31,2024-11-15,115.00,-25.47%,0.36,114.64,34.60%,149,4213,66.42%,0.034451,95.79%,0.3%,4.8%,"15:19 ET"
AMD,154.31,2024-11-01,115.00,-25.47%,0.1,114.9,34.30%,145,573,83.38%,0.014039,98.34%,0.1%,3.2%,"14:10 ET"
AMD,154.31,2024-11-08,130.00,-15.75%,0.97,129.03,19.59%,365,579,63.67%,0.093562,89.39%,0.8%,16.1%,"15:39 ET"
AMD,154.31,2024-11-15,125.00,-18.99%,0.84,124.16,24.28%,372,7830,60.72%,0.075125,91.19%,0.7%,10.3%,"15:21 ET"
AMD,154.31,2025-01-17,110.00,-28.71%,1.16,108.84,41.78%,142,17751,50.89%,0.063884,91.35%,1.1%,4.5%,"14:21 ET"
AMD,154.31,2024-11-15,120.00,-22.23%,0.55,119.45,29.18%,384,13051,63.18%,0.050393,93.97%,0.5%,7.0%,"15:24 ET"
AMD,154.31,2025-01-17,115.00,-25.47%,1.6,113.4,36.08%,137,11329,49.62%,0.085094,88.76%,1.4%,5.9%,"15:11 ET"
AMD,154.31,2025-01-17,135.00,-12.51%,5.3,129.7,18.97%,137,12133,47.02%,0.231892,71.99%,4.1%,17.1%,"15:00 ET"
AMD,154.31,2024-11-15,100.00,-35.20%,0.11,99.89,54.48%,131,4569,77.17%,0.010798,98.58%,0.1%,1.7%,"11:48 ET"
AMD,154.31,2024-11-15,130.00,-15.75%,1.32,128.68,19.92%,459,19230,58.62%,0.110534,87.30%,1.0%,15.6%,"15:32 ET"
AMD,154.31,2024-12-20,115.00,-25.47%,1,114,35.36%,122,4553,52.91%,0.064889,91.66%,0.9%,5.4%,"15:16 ET"
AMD,154.31,2024-12-20,150.00,-2.79%,9.25,140.75,9.63%,535,10150,48.29%,0.395256,55.80%,6.6%,40.7%,"15:40 ET"
AMD,154.31,2024-11-29,140.00,-9.27%,4.05,135.95,13.51%,110,1350,51.65%,0.24711,72.04%,3.0%,28.6%,"15:38 ET"
AMD,154.31,2024-12-20,120.00,-22.23%,1.44,118.56,30.15%,512,7348,51.62%,0.089765,88.72%,1.2%,7.5%,"15:20 ET"
AMD,154.31,2024-11-01,130.00,-15.75%,0.48,129.52,19.14%,659,1520,69.13%,0.060391,93.30%,0.4%,13.5%,"15:34 ET"
AMD,154.31,2024-12-20,140.00,-9.27%,5.4,134.6,14.64%,685,11515,48.85%,0.267924,68.99%,4.0%,24.8%,"15:34 ET"
AMD,154.31,2025-01-17,90.00,-41.68%,0.32,89.68,72.07%,700,16341,58.27%,0.019235,97.10%,0.4%,1.5%,"11:54 ET"
AMD,154.31,2025-01-17,85.00,-44.92%,0.23,84.77,82.03%,750,13449,60.60%,0.014099,97.81%,0.3%,1.1%,"11:53 ET"
AMD,154.31,2024-12-20,145.00,-6.03%,7.15,137.85,11.94%,768,10764,48.37%,0.329453,62.55%,5.2%,32.1%,"15:35 ET"
AMD,154.31,2024-11-01,152.50,-1.17%,5.65,146.85,5.08%,796,934,64.57%,0.437189,54.40%,3.8%,140.4%,"15:39 ET"
AMD,154.31,2024-12-20,135.00,-12.51%,4,131,17.79%,998,12973,49.34%,0.212069,74.98%,3.1%,18.9%,"15:40 ET"
AMD,154.31,2024-11-01,135.00,-12.51%,0.88,134.12,15.05%,1001,1757,66.93%,0.104195,88.62%,0.7%,23.9%,"15:34 ET"
AMD,154.31,2024-11-01,145.00,-6.03%,2.82,142.18,8.53%,1006,3073,65.30%,0.265993,71.76%,2.0%,72.4%,"15:34 ET"
AMD,154.31,2024-11-01,140.00,-9.27%,1.62,138.38,11.51%,1047,2811,65.71%,0.17241,81.45%,1.2%,42.7%,"15:41 ET"
AMD,154.31,2024-11-15,135.00,-12.51%,2.04,132.96,16.06%,1263,8094,57.18%,0.160347,81.91%,1.5%,23.3%,"15:32 ET"
AMD,154.31,2024-11-15,140.00,-9.27%,3.1,136.9,12.72%,1341,15895,56.63%,0.226491,74.86%,2.3%,34.4%,"15:37 ET"
AMD,154.31,2024-11-15,145.00,-6.03%,4.6,140.4,9.91%,1422,10690,56.12%,0.30453,66.73%,3.3%,49.8%,"15:42 ET"
AMD,154.31,2024-11-01,150.00,-2.79%,4.55,145.45,6.09%,1558,2645,64.79%,0.377354,60.42%,3.1%,114.2%,"15:42 ET"
AMD,154.31,2024-11-15,150.00,-2.79%,6.5,143.5,7.53%,1739,11064,55.10%,0.390734,57.95%,4.5%,68.9%,"15:37 ET"
AMD,154.31,2025-01-17,150.00,-2.79%,10.9,139.1,10.93%,2457,13527,45.97%,0.393917,55.02%,7.8%,32.9%,"15:33 ET"
AMGN,319.64,2025-01-17,270.00,-15.53%,5.1,264.9,20.66%,100,2913,39.02%,0.152066,81.22%,1.9%,8.1%,"12:49 ET"
AMGN,319.64,2025-01-17,300.00,-6.14%,12.85,287.15,11.31%,339,2565,37.76%,0.314531,63.46%,4.5%,18.8%,"12:55 ET"
AMGN,319.64,2024-12-20,310.00,-3.02%,15.7,294.3,8.61%,567,2967,42.09%,0.37948,57.18%,5.3%,33.0%,"15:42 ET"
AMGN,319.64,2024-12-20,290.00,-9.27%,8.65,281.35,13.61%,391,558,43.00%,0.244965,71.33%,3.1%,19.0%,"13:33 ET"
AMZN,189.62,2024-11-08,170.00,-10.35%,1.22,168.78,12.35%,228,1697,46.82%,0.124382,86.02%,0.7%,15.5%,"15:21 ET"
AMZN,189.62,2024-11-15,155.00,-18.26%,0.38,154.62,22.64%,229,6175,47.16%,0.039795,95.22%,0.2%,3.7%,"15:20 ET"
AMZN,189.62,2024-12-20,165.00,-12.98%,1.97,163.03,16.31%,630,9905,35.62%,0.137163,83.42%,1.2%,7.5%,"15:28 ET"
AMZN,189.62,2024-11-01,165.00,-12.98%,0.39,164.61,15.19%,207,2226,54.22%,0.053704,93.94%,0.2%,8.6%,"15:42 ET"
AMZN,189.62,2024-11-15,135.00,-28.80%,0.09,134.91,40.55%,256,5683,58.38%,0.009015,98.84%,0.1%,1.0%,"15:29 ET"
AMZN,189.62,2024-11-29,180.00,-5.07%,4.3,175.7,7.92%,193,545,35.97%,0.293047,67.31%,2.4%,23.5%,"15:38 ET"
AMZN,189.62,2025-01-17,180.00,-5.07%,6.4,173.6,9.23%,191,22163,31.43%,0.316709,63.28%,3.7%,15.5%,"15:36 ET"
AMZN,189.62,2024-12-20,150.00,-20.89%,0.68,149.32,26.99%,303,10869,38.90%,0.052116,93.30%,0.5%,2.8%,"14:43 ET"
AMZN,189.62,2024-11-01,150.00,-20.89%,0.08,149.92,26.48%,308,884,63.88%,0.011229,98.67%,0.1%,1.9%,"15:38 ET"
AMZN,189.62,2024-12-20,155.00,-18.26%,0.97,154.03,23.11%,582,6170,37.60%,0.072384,90.89%,0.6%,3.9%,"15:09 ET"
AMZN,189.62,2024-11-22,170.00,-10.35%,1.79,168.21,12.73%,156,1608,39.87%,0.151151,82.64%,1.1%,12.5%,"15:16 ET"
AMZN,189.62,2025-01-17,185.00,-2.44%,8.25,176.75,7.28%,151,17542,31.02%,0.383173,56.47%,4.7%,19.6%,"14:33 ET"
AMZN,189.62,2024-11-01,172.50,-9.03%,1.05,171.45,10.60%,570,992,52.23%,0.124359,86.31%,0.6%,22.4%,"15:34 ET"
AMZN,189.62,2025-01-17,100.00,-47.26%,0.11,99.89,89.83%,149,30225,56.79%,0.006457,98.95%,0.1%,0.5%,"15:14 ET"
AMZN,189.62,2024-11-08,175.00,-7.71%,2.04,172.96,9.63%,148,938,46.04%,0.189694,79.03%,1.2%,25.3%,"15:13 ET"
AMZN,189.62,2024-11-01,170.00,-10.35%,0.76,169.24,12.04%,361,5427,52.66%,0.094683,89.49%,0.4%,16.4%,"15:40 ET"
AMZN,189.62,2024-11-15,187.50,-1.12%,6.5,181,4.76%,137,502,40.41%,0.42638,54.32%,3.6%,54.6%,"15:05 ET"
AMZN,189.62,2024-11-08,180.00,-5.07%,3.25,176.75,7.28%,125,3549,45.29%,0.273268,70.29%,1.8%,39.5%,"15:37 ET"
AMZN,189.62,2024-12-20,175.00,-7.71%,3.9,171.1,10.82%,546,9134,34.15%,0.241032,72.05%,2.3%,14.1%,"15:42 ET"
AMZN,189.62,2024-11-08,185.00,-2.44%,5,180,5.34%,121,630,45.24%,0.373728,59.97%,2.8%,59.6%,"15:37 ET"
AMZN,189.62,2024-12-20,115.00,-39.35%,0.1,114.9,65.03%,121,1548,53.73%,0.006985,98.97%,0.1%,0.5%,"14:22 ET"
AMZN,189.62,2024-12-20,140.00,-26.17%,0.35,139.65,35.78%,121,7650,42.18%,0.02754,96.32%,0.3%,1.6%,"15:19 ET"
AMZN,189.62,2025-01-17,170.00,-10.35%,3.65,166.35,13.99%,474,18443,32.41%,0.20222,75.50%,2.2%,9.2%,"15:37 ET"
AMZN,189.62,2024-12-20,110.00,-41.99%,0.08,109.92,72.51%,120,1089,56.44%,0.00544,99.18%,0.1%,0.5%,"11:43 ET"
AMZN,189.62,2024-12-20,160.00,-15.62%,1.38,158.62,19.54%,480,17771,36.33%,0.099229,87.75%,0.9%,5.4%,"15:14 ET"
AMZN,189.62,2024-11-15,145.00,-23.53%,0.18,144.82,30.94%,115,4638,52.45%,0.01853,97.70%,0.1%,1.9%,"15:41 ET"
AMZN,189.62,2024-11-01,177.50,-6.39%,1.95,175.55,8.01%,511,1423,52.31%,0.205632,77.72%,1.1%,40.5%,"15:34 ET"
AMZN,189.62,2024-11-01,182.50,-3.75%,3.35,179.15,5.84%,685,832,52.51%,0.308981,67.02%,1.9%,68.3%,"15:26 ET"
AMZN,189.62,2024-11-15,175.00,-7.71%,2.41,172.59,9.87%,705,12451,41.67%,0.202697,77.37%,1.4%,21.2%,"15:42 ET"
AMZN,189.62,2024-11-15,165.00,-12.98%,0.94,164.06,15.58%,759,14816,43.55%,0.092003,89.35%,0.6%,8.7%,"15:36 ET"
AMZN,189.62,2024-11-01,160.00,-15.62%,0.21,159.79,18.67%,761,4555,57.19%,0.031716,96.36%,0.1%,4.8%,"15:31 ET"
AMZN,189.62,2025-01-17,150.00,-20.89%,1.09,148.91,27.34%,876,21905,36.10%,0.069522,90.82%,0.7%,3.1%,"14:10 ET"
AMZN,189.62,2024-12-20,180.00,-5.07%,5.35,174.65,8.57%,1057,9248,33.59%,0.307788,65.01%,3.1%,19.0%,"15:42 ET"
AMZN,189.62,2024-11-01,175.00,-7.71%,1.44,173.56,9.25%,1087,4937,52.14%,0.161461,82.37%,0.8%,30.3%,"15:39 ET"
AMZN,189.62,2024-11-01,180.00,-5.07%,2.59,177.41,6.88%,1240,4259,52.30%,0.254619,72.62%,1.5%,53.3%,"15:40 ET"
AMZN,189.62,2024-11-15,185.00,-2.44%,5.45,179.55,5.61%,1294,11105,40.85%,0.376808,59.31%,3.0%,46.2%,"15:36 ET"
AMZN,189.62,2024-12-20,170.00,-10.35%,2.8,167.2,13.41%,1375,11274,34.74%,0.18337,78.29%,1.7%,10.4%,"15:41 ET"
AMZN,189.62,2024-11-01,185.00,-2.44%,4.25,180.75,4.91%,1461,5198,52.57%,0.366324,61.16%,2.4%,85.8%,"15:40 ET"
AMZN,189.62,2024-11-15,160.00,-15.62%,0.59,159.41,18.95%,1478,30350,45.01%,0.059866,92.94%,0.4%,5.6%,"15:36 ET"
AMZN,189.62,2024-11-15,170.00,-10.35%,1.51,168.49,12.54%,1484,17700,42.46%,0.13888,84.21%,0.9%,13.6%,"15:33 ET"
AMZN,189.62,2024-12-20,185.00,-2.44%,7.2,177.8,6.65%,1783,6465,33.10%,0.382761,57.35%,4.0%,25.1%,"15:37 ET"
AMZN,189.62,2025-01-17,175.00,-7.71%,4.85,170.15,11.44%,1790,14141,31.95%,0.256086,69.65%,2.9%,12.0%,"14:51 ET"
AMZN,189.62,2024-11-15,180.00,-5.07%,3.7,176.3,7.56%,2348,14750,41.22%,0.283513,68.88%,2.1%,31.9%,"15:42 ET"
AMZN,189.62,2024-11-01,187.50,-1.12%,5.35,182.15,4.10%,5661,2051,52.22%,0.425608,55.18%,2.9%,107.2%,"15:42 ET"
ANF,155.68,2025-01-17,115.00,-26.13%,3.5,111.5,39.62%,226,1516,64.78%,0.127326,83.09%,3.1%,13.2%,"13:36 ET"
ANF,155.68,2025-01-17,135.00,-13.28%,8.3,126.7,22.87%,631,2438,61.22%,0.258113,68.33%,6.6%,27.5%,"15:19 ET"
ANF,155.68,2024-11-08,143.00,-8.14%,2.25,140.75,10.61%,101,503,53.57%,0.214802,76.88%,1.6%,34.3%,"14:59 ET"
ANF,155.68,2024-11-15,140.00,-10.07%,2.4,137.6,13.14%,327,655,53.29%,0.198122,78.14%,1.7%,26.5%,"15:38 ET"
APA,25.26,2024-11-15,22.50,-10.93%,0.34,22.16,13.99%,1314,24606,52.55%,0.1784,80.47%,1.5%,23.3%,"15:36 ET"
APH,67.18,2024-11-15,65.00,-3.25%,1.8,63.2,6.30%,140,8776,41.59%,0.359026,62.15%,2.8%,43.3%,"15:42 ET"
APH,67.18,2024-11-15,57.50,-14.41%,0.3,57.2,17.45%,466,3660,47.14%,0.088849,90.10%,0.5%,8.0%,"15:30 ET"
APH,67.18,2024-11-15,60.00,-10.69%,0.45,59.55,12.81%,113,3621,44.20%,0.145912,84.07%,0.8%,11.5%,"15:36 ET"
APLS,27.83,2024-11-15,25.00,-10.17%,1.05,23.95,16.20%,180,1781,79.02%,0.274417,70.17%,4.4%,66.7%,"15:16 ET"
APP,159.19,2024-11-15,125.00,-21.48%,1.8,123.2,29.21%,124,712,82.58%,0.104885,87.32%,1.5%,22.2%,"14:22 ET"
APTV,69.76,2024-11-15,65.00,-6.82%,1.4,63.6,9.69%,479,3346,48.36%,0.26045,71.56%,2.2%,33.5%,"14:37 ET"
ARCC,21.62,2024-12-20,21.00,-2.87%,0.35,20.65,4.70%,121,6253,17.81%,0.355307,65.77%,1.7%,10.5%,"15:13 ET"
ARKK,47.2,2024-12-20,44.00,-6.78%,1.21,42.79,10.31%,202,2784,35.77%,0.274695,68.73%,2.8%,17.5%,"11:36 ET"
ARKK,47.2,2024-12-20,43.00,-8.90%,0.96,42.04,12.27%,200,1943,36.55%,0.227682,73.70%,2.3%,14.1%,"11:22 ET"
ARKK,47.2,2024-11-01,46.50,-1.48%,0.66,45.84,2.97%,855,855,31.96%,0.378473,61.12%,1.4%,52.6%,"13:08 ET"
ARM,152.64,2024-12-20,145.00,-5.01%,12.1,132.9,14.85%,213,1945,67.68%,0.366797,57.48%,9.1%,56.3%,"15:02 ET"
ARM,152.64,2024-11-15,135.00,-11.56%,5.15,129.85,17.55%,373,3181,82.99%,0.24588,71.81%,4.0%,60.3%,"15:39 ET"
ASHR,27.99,2024-11-01,27.50,-1.75%,0.46,27.04,3.51%,260,1903,36.94%,0.375699,61.36%,1.7%,62.1%,"13:57 ET"
ASHR,27.99,2024-12-20,27.00,-3.54%,1.02,25.98,7.74%,262,1183,35.90%,0.360885,59.85%,3.9%,24.3%,"14:22 ET"
ASHR,27.99,2025-01-17,23.00,-17.83%,0.12,22.88,22.33%,140,46778,29.25%,0.065189,91.55%,0.5%,2.2%,"12:07 ET"
ASHR,27.99,2024-11-15,27.00,-3.54%,0.59,26.41,5.98%,2056,16275,36.89%,0.329007,64.83%,2.2%,34.0%,"15:23 ET"
ASHR,27.99,2024-11-15,26.00,-7.11%,0.28,25.72,8.83%,2165,6167,36.51%,0.197362,78.46%,1.1%,16.6%,"15:12 ET"
ASHR,27.99,2024-11-15,25.00,-10.68%,0.1,24.9,12.41%,13876,20477,35.57%,0.096449,89.22%,0.4%,6.1%,"15:41 ET"
ASML,719.18,2025-01-17,640.00,-11.01%,18,622,15.62%,612,1273,37.60%,0.221161,73.74%,2.9%,12.1%,"14:56 ET"
ASML,719.18,2024-12-20,700.00,-2.67%,32.5,667.5,7.74%,114,546,37.97%,0.389054,57.03%,4.9%,30.1%,"14:52 ET"
ASTS,27.72,2024-11-15,25.00,-9.81%,1.9,23.1,20.00%,149,19151,119.80%,0.308244,63.16%,8.2%,125.1%,"15:37 ET"
AVGO,179.56,2024-12-20,97.00,-45.98%,0.1,96.9,85.30%,100,636,67.10%,0.007499,98.88%,0.1%,0.6%,"11:49 ET"
AVGO,179.56,2025-01-17,150.00,-16.46%,4,146,22.99%,224,5421,45.73%,0.172038,78.98%,2.7%,11.5%,"15:21 ET"
AVGO,179.56,2024-12-20,160.00,-10.89%,5.05,154.95,15.88%,212,6845,46.85%,0.23387,72.98%,3.3%,20.2%,"15:20 ET"
AVGO,179.56,2024-11-01,170.00,-5.32%,1.53,168.47,6.58%,252,1865,42.34%,0.210594,78.25%,0.9%,33.1%,"15:39 ET"
AVGO,179.56,2024-11-22,160.00,-10.89%,2.32,157.68,13.88%,268,667,45.61%,0.172764,80.72%,1.5%,17.3%,"14:48 ET"
AVGO,179.56,2024-11-15,168.00,-6.44%,3.4,164.6,9.09%,269,1846,44.50%,0.259759,72.01%,2.1%,31.4%,"15:34 ET"
AVGO,179.56,2024-11-15,166.00,-7.55%,2.9,163.1,10.09%,298,803,45.07%,0.229256,75.16%,1.8%,27.0%,"14:26 ET"
AVGO,179.56,2024-11-15,165.00,-8.11%,2.67,162.33,10.61%,298,2425,45.34%,0.214891,76.65%,1.6%,25.0%,"15:27 ET"
AVGO,179.56,2024-11-01,177.50,-1.15%,3.9,173.6,3.43%,299,540,41.18%,0.424394,56.72%,2.2%,82.0%,"15:09 ET"
AVGO,179.56,2024-11-01,175.00,-2.54%,2.93,172.07,4.35%,309,1676,41.41%,0.345537,64.63%,1.7%,62.2%,"15:24 ET"
AVGO,179.56,2024-11-01,165.00,-8.11%,0.75,164.25,9.32%,329,1049,43.81%,0.116656,87.82%,0.5%,16.7%,"15:29 ET"
AVGO,179.56,2024-11-01,160.00,-10.89%,0.36,159.64,12.48%,151,1107,45.90%,0.061054,93.55%,0.2%,8.2%,"14:46 ET"
AVGO,179.56,2025-01-17,176.00,-1.98%,12.55,163.45,9.86%,139,1269,43.14%,0.410757,53.79%,7.7%,32.2%,"14:16 ET"
AVGO,179.56,2024-12-20,146.00,-18.69%,2.3,143.7,24.95%,131,1290,49.15%,0.121848,85.25%,1.6%,9.9%,"12:57 ET"
AVGO,179.56,2024-12-20,170.00,-5.32%,8.25,161.75,11.01%,126,3686,45.73%,0.341685,61.70%,5.1%,31.6%,"15:36 ET"
AVGO,179.56,2024-11-15,176.00,-1.98%,6.15,169.85,5.72%,126,532,43.18%,0.405567,57.18%,3.6%,55.1%,"15:32 ET"
AVGO,179.56,2024-11-08,160.00,-10.89%,1.16,158.84,13.04%,119,1545,48.22%,0.123184,86.61%,0.7%,15.7%,"15:21 ET"
AVGO,179.56,2024-11-15,155.00,-13.68%,1.11,153.89,16.68%,113,2688,47.76%,0.102655,88.51%,0.7%,11.0%,"14:04 ET"
AVGO,179.56,2025-01-17,100.00,-44.31%,0.27,99.73,80.05%,100,3634,59.37%,0.014339,97.83%,0.3%,1.1%,"13:44 ET"
AVGO,179.56,2024-11-29,150.00,-16.46%,1.32,148.68,20.77%,104,2906,46.53%,0.099225,88.45%,0.9%,8.5%,"15:31 ET"
AVGO,179.56,2024-11-15,156.00,-13.12%,1.22,154.78,16.01%,110,1758,47.52%,0.111291,87.58%,0.8%,12.0%,"13:49 ET"
AVGO,179.56,2025-01-17,170.00,-5.32%,9.95,160.05,12.19%,103,2730,43.51%,0.347941,60.16%,6.2%,26.1%,"13:57 ET"
AVGO,179.56,2024-11-15,160.00,-10.89%,1.74,158.26,13.46%,595,4235,46.40%,0.15077,83.38%,1.1%,16.7%,"15:30 ET"
AVGO,179.56,2024-12-20,142.00,-20.92%,1.8,140.2,28.07%,648,2182,49.80%,0.098178,87.94%,1.3%,7.9%,"14:51 ET"
AVGO,179.56,2024-12-20,140.00,-22.03%,1.59,138.41,29.73%,1045,4681,50.22%,0.088006,89.11%,1.1%,7.1%,"14:48 ET"
AVGO,179.56,2024-12-20,144.00,-19.80%,2.03,141.97,26.48%,1186,1398,49.29%,0.108848,86.73%,1.4%,8.8%,"15:37 ET"
AVGO,179.56,2024-11-15,175.00,-2.54%,5.75,169.25,6.09%,1203,2453,43.40%,0.386023,59.14%,3.4%,51.7%,"15:37 ET"
AXP,272.24,2024-12-20,250.00,-8.17%,2.91,247.09,10.18%,159,2960,26.43%,0.179326,78.87%,1.2%,7.3%,"15:42 ET"
AXP,272.24,2024-11-15,240.00,-11.84%,0.6,239.4,13.72%,167,977,33.47%,0.060425,92.90%,0.3%,3.8%,"15:15 ET"
AXP,272.24,2025-01-17,260.00,-4.50%,6.8,253.2,7.52%,119,814,24.96%,0.305251,64.71%,2.7%,11.3%,"15:38 ET"
AXP,272.24,2025-01-17,250.00,-8.17%,4.3,245.7,10.80%,121,1296,26.01%,0.209814,74.90%,1.8%,7.3%,"14:37 ET"
AZN,77.28,2025-01-17,75.00,-2.95%,2.27,72.73,6.26%,188,2057,23.28%,0.358441,60.39%,3.1%,13.1%,"14:01 ET"
AZN,77.28,2024-11-15,73.00,-5.54%,0.9,72.1,7.18%,109,650,33.41%,0.235031,74.70%,1.2%,19.0%,"14:45 ET"
BA,159.9,2025-01-17,120.00,-24.95%,1,119,34.37%,160,2969,41.47%,0.066085,92.19%,0.8%,3.5%,"14:46 ET"
BA,159.9,2024-11-01,150.00,-6.19%,1.74,148.26,7.85%,525,3986,50.15%,0.220991,77.93%,1.2%,42.8%,"15:42 ET"
BA,159.9,2024-12-20,155.00,-3.06%,7.4,147.6,8.33%,330,1660,37.64%,0.396151,58.15%,5.0%,31.0%,"15:41 ET"
BA,159.9,2024-11-01,155.00,-3.06%,3.2,151.8,5.34%,510,1549,49.43%,0.35263,64.82%,2.1%,76.9%,"15:42 ET"
BA,159.9,2025-01-17,130.00,-18.70%,2.01,127.99,24.93%,165,7799,39.26%,0.122557,85.99%,1.6%,6.6%,"15:36 ET"
BA,159.9,2024-11-08,140.00,-12.45%,0.77,139.23,14.85%,113,606,48.10%,0.097088,89.98%,0.6%,11.9%,"15:42 ET"
BA,159.9,2024-12-20,130.00,-18.70%,1.27,128.73,24.21%,236,1831,41.63%,0.096429,89.19%,1.0%,6.1%,"15:39 ET"
BA,159.9,2024-12-20,140.00,-12.45%,2.78,137.22,16.53%,146,1573,39.91%,0.186692,79.63%,2.0%,12.5%,"15:39 ET"
BA,159.9,2024-12-20,150.00,-6.19%,5.5,144.5,10.66%,141,1808,38.54%,0.318524,66.00%,3.8%,23.5%,"15:42 ET"
BA,159.9,2024-11-01,135.00,-15.57%,0.17,134.83,18.59%,187,4407,55.47%,0.032114,96.74%,0.1%,4.6%,"15:35 ET"
BA,159.9,2024-11-01,140.00,-12.45%,0.39,139.61,14.53%,238,1662,53.39%,0.065797,93.37%,0.3%,10.2%,"15:39 ET"
BA,159.9,2024-11-01,152.50,-4.63%,2.34,150.16,6.49%,132,535,49.72%,0.282994,71.76%,1.6%,56.9%,"15:42 ET"
BA,159.9,2024-11-01,145.00,-9.32%,0.83,144.17,10.91%,409,1392,50.78%,0.122307,87.77%,0.6%,21.0%,"15:41 ET"
BA,159.9,2024-11-15,130.00,-18.70%,0.37,129.63,23.35%,598,4009,48.46%,0.044587,95.21%,0.3%,4.3%,"15:42 ET"
BA,159.9,2024-12-20,120.00,-24.95%,0.55,119.45,33.86%,127,2308,44.15%,0.045663,94.71%,0.5%,2.8%,"15:38 ET"
BA,159.9,2024-11-15,135.00,-15.57%,0.66,134.34,19.03%,256,5950,46.76%,0.074594,92.10%,0.5%,7.5%,"15:42 ET"
BA,159.9,2024-11-01,130.00,-18.70%,0.09,129.91,23.09%,249,3208,60.29%,0.018389,98.10%,0.1%,2.5%,"15:40 ET"
BA,159.9,2024-11-15,155.00,-3.06%,4.85,150.15,6.49%,777,3720,42.98%,0.379508,61.12%,3.2%,49.1%,"15:38 ET"
BA,159.9,2024-11-15,140.00,-12.45%,1.14,138.86,15.15%,792,11791,45.21%,0.120132,87.42%,0.8%,12.5%,"15:42 ET"
BA,159.9,2024-11-15,150.00,-6.19%,3.2,146.8,8.92%,809,10112,43.56%,0.275129,71.64%,2.2%,33.2%,"15:42 ET"
BA,159.9,2024-12-20,135.00,-15.57%,1.91,133.09,20.14%,954,1972,40.64%,0.135842,84.99%,1.4%,8.9%,"15:42 ET"
BA,159.9,2024-11-15,145.00,-9.32%,1.94,143.06,11.77%,1357,11956,44.16%,0.186751,80.62%,1.4%,20.6%,"15:42 ET"
BABA,100.31,2024-11-15,95.00,-5.29%,2.11,92.89,7.99%,999,13053,42.39%,0.292696,69.16%,2.3%,34.5%,"15:12 ET"
BABA,100.31,2024-11-01,90.00,-10.28%,0.16,89.84,11.65%,1097,4126,42.37%,0.058115,93.90%,0.2%,6.5%,"15:37 ET"
BABA,100.31,2024-12-20,82.50,-17.75%,0.7,81.8,22.63%,1102,2438,38.78%,0.093392,89.50%,0.9%,5.3%,"12:31 ET"
BABA,100.31,2024-12-20,85.00,-15.26%,1,84,19.42%,1178,2205,37.73%,0.123776,86.26%,1.2%,7.4%,"13:57 ET"
BABA,100.31,2025-01-17,95.00,-5.29%,4.25,90.75,10.53%,316,7984,34.40%,0.344823,62.70%,4.7%,19.6%,"15:21 ET"
BABA,100.31,2024-11-08,95.00,-5.29%,1.44,93.56,7.21%,349,547,41.33%,0.259643,72.90%,1.5%,33.0%,"15:23 ET"
BABA,100.31,2024-11-15,90.00,-10.28%,0.88,89.12,12.56%,494,6451,42.37%,0.148579,84.09%,1.0%,15.0%,"15:40 ET"
BABA,100.31,2024-11-01,95.00,-5.29%,0.69,94.31,6.36%,213,3875,38.41%,0.190551,80.39%,0.7%,26.7%,"15:38 ET"
BABA,100.31,2024-11-01,87.00,-13.27%,0.09,86.91,15.42%,240,779,47.12%,0.031819,96.60%,0.1%,3.8%,"10:15 ET"
BABA,100.31,2025-01-17,90.00,-10.28%,2.54,87.46,14.69%,426,9177,34.53%,0.236713,74.00%,2.9%,12.2%,"15:37 ET"
BABA,100.31,2024-11-01,97.00,-3.30%,1.21,95.79,4.72%,266,3215,39.30%,0.295485,69.70%,1.3%,46.1%,"15:34 ET"
BABA,100.31,2025-01-17,85.00,-15.26%,1.39,83.61,19.97%,443,6845,34.91%,0.148148,83.44%,1.7%,7.0%,"15:24 ET"
BABA,100.31,2024-12-20,97.50,-2.80%,4.65,92.85,8.03%,125,2764,37.41%,0.398692,57.49%,5.0%,31.0%,"14:12 ET"
BABA,100.31,2024-12-20,90.00,-10.28%,1.97,88.03,13.95%,536,4772,37.16%,0.214715,76.60%,2.2%,13.8%,"15:23 ET"
BABA,100.31,2024-11-15,97.50,-2.80%,3.05,94.45,6.20%,108,8660,42.70%,0.379892,60.24%,3.2%,49.1%,"15:38 ET"
BAC,42.28,2024-11-15,37.00,-12.49%,0.09,36.91,14.55%,162,23249,35.17%,0.058849,93.04%,0.2%,3.7%,"15:41 ET"
BAC,42.28,2025-01-17,39.00,-7.76%,0.76,38.24,10.56%,164,32037,26.53%,0.227404,73.35%,2.0%,8.3%,"15:31 ET"
BAC,42.28,2024-11-08,39.00,-7.76%,0.13,38.87,8.77%,112,788,30.93%,0.098366,88.68%,0.3%,7.2%,"11:04 ET"
BAC,42.28,2024-11-08,38.00,-10.12%,0.08,37.92,11.50%,311,767,34.30%,0.064002,92.53%,0.2%,4.5%,"14:13 ET"
BAC,42.28,2024-12-20,37.00,-12.49%,0.26,36.74,15.08%,309,11091,29.15%,0.105975,87.25%,0.7%,4.4%,"13:53 ET"
BAC,42.28,2024-11-15,40.00,-5.39%,0.31,39.69,6.53%,507,8472,27.12%,0.188447,78.73%,0.8%,11.9%,"15:32 ET"
BAC,42.28,2024-11-15,35.00,-17.22%,0.06,34.94,21.01%,506,11252,41.89%,0.032382,96.07%,0.2%,2.6%,"15:01 ET"
BAC,42.28,2024-11-01,39.50,-6.58%,0.06,39.44,7.20%,113,785,28.89%,0.066322,92.25%,0.2%,5.6%,"14:28 ET"
BAC,42.28,2024-12-20,38.00,-10.12%,0.35,37.65,12.30%,220,8704,27.50%,0.141305,83.28%,0.9%,5.8%,"14:41 ET"
BAC,42.28,2024-11-01,40.00,-5.39%,0.08,39.92,5.91%,234,1743,27.56%,0.097084,88.79%,0.2%,7.3%,"14:32 ET"
BAC,42.28,2024-11-15,39.00,-7.76%,0.19,38.81,8.94%,235,7545,29.08%,0.121202,86.06%,0.5%,7.4%,"15:09 ET"
BAC,42.28,2024-11-15,41.00,-3.03%,0.53,40.47,4.47%,354,4730,26.10%,0.292565,67.70%,1.3%,19.9%,"15:41 ET"
BAC,42.28,2024-12-20,36.00,-14.85%,0.2,35.8,18.10%,175,8255,30.87%,0.079808,90.25%,0.6%,3.5%,"14:40 ET"
BAC,42.28,2024-11-15,38.00,-10.12%,0.13,37.87,11.65%,383,9403,32.24%,0.084374,90.16%,0.3%,5.2%,"13:02 ET"
BAC,42.28,2024-12-20,35.00,-17.22%,0.16,34.84,21.35%,297,17019,33.48%,0.06475,91.98%,0.5%,2.8%,"15:40 ET"
BAC,42.28,2024-11-01,41.00,-3.03%,0.16,40.84,3.53%,139,2363,22.98%,0.184306,79.05%,0.4%,14.3%,"15:21 ET"
BAC,42.28,2024-12-20,41.00,-3.03%,1,40,5.70%,180,2769,24.84%,0.339219,62.09%,2.5%,15.5%,"15:24 ET"
BAC,42.28,2024-12-20,32.00,-24.31%,0.09,31.91,32.50%,270,2297,40.73%,0.034364,95.55%,0.3%,1.7%,"13:23 ET"
BAC,42.28,2025-01-17,40.00,-5.39%,1.01,38.99,8.44%,193,16759,25.82%,0.286893,67.00%,2.6%,10.9%,"15:32 ET"
BAC,42.28,2025-01-17,33.00,-21.95%,0.19,32.81,28.86%,101,10803,35.11%,0.057251,92.59%,0.6%,2.4%,"14:46 ET"
BAC,42.28,2025-01-17,38.00,-10.12%,0.58,37.42,12.99%,458,28334,27.57%,0.17933,78.61%,1.5%,6.5%,"15:26 ET"
BAC,42.28,2024-11-01,41.50,-1.84%,0.26,41.24,2.52%,461,876,22.29%,0.275338,69.31%,0.6%,23.0%,"15:39 ET"
BAC,42.28,2025-01-17,37.00,-12.49%,0.44,36.56,15.65%,730,40299,28.42%,0.138446,83.18%,1.2%,5.0%,"15:42 ET"
BAC,42.28,2025-01-17,41.00,-3.03%,1.33,39.67,6.58%,812,17956,25.22%,0.355344,59.86%,3.4%,14.1%,"15:25 ET"
BAC,42.28,2025-01-17,30.00,-29.04%,0.13,29.87,41.55%,866,85390,42.69%,0.036781,95.01%,0.4%,1.8%,"15:30 ET"
BAC,42.28,2024-11-15,41.50,-1.84%,0.68,40.82,3.58%,944,1254,25.38%,0.354664,61.26%,1.7%,25.3%,"15:39 ET"
BAC,42.28,2024-12-20,39.00,-7.76%,0.5,38.5,9.82%,1155,3604,26.47%,0.192831,77.60%,1.3%,8.0%,"15:15 ET"
BAC,42.28,2024-12-20,40.00,-5.39%,0.71,39.29,7.61%,3793,7835,25.56%,0.258704,70.52%,1.8%,11.2%,"15:20 ET"
BIDU,91.85,2025-01-17,75.00,-18.35%,1.23,73.77,24.51%,1983,3148,41.17%,0.12433,84.33%,1.7%,7.0%,"12:23 ET"
BIDU,91.85,2024-12-20,90.00,-2.01%,5.1,84.9,8.19%,105,2528,43.07%,0.408863,54.68%,6.0%,37.2%,"15:36 ET"
BIIB,186.35,2025-01-17,180.00,-3.41%,8.2,171.8,8.47%,113,881,33.61%,0.368481,58.37%,4.8%,20.0%,"13:46 ET"
BITX,31.66,2024-11-01,25.00,-21.04%,0.15,24.85,27.40%,103,1137,111.37%,0.086467,89.99%,0.6%,22.0%,"15:42 ET"
BMY,52.79,2025-01-17,47.00,-10.97%,0.78,46.22,14.21%,118,7487,29.27%,0.181531,79.19%,1.7%,7.1%,"15:22 ET"
BMY,52.79,2024-11-01,52.00,-1.50%,0.84,51.16,3.19%,107,598,36.07%,0.376964,59.97%,1.6%,59.9%,"15:01 ET"
BMY,52.79,2024-12-20,48.00,-9.07%,0.64,47.36,11.47%,673,1819,28.88%,0.183481,79.37%,1.4%,8.4%,"15:42 ET"
BMY,52.79,2025-01-17,50.00,-5.29%,1.51,48.49,8.87%,1822,12076,27.98%,0.311086,65.45%,3.1%,13.1%,"15:35 ET"
BNS,52.61,2025-01-17,40.00,-23.97%,0.1,39.9,31.85%,200,1090,33.65%,0.040269,95.24%,0.3%,1.1%,"15:32 ET"
BRK.B,461.64,2024-11-15,445.00,-3.60%,3.3,441.7,4.51%,158,561,21.41%,0.223771,74.81%,0.7%,11.4%,"14:55 ET"
BRK.B,461.64,2024-11-15,450.00,-2.52%,4.35,445.65,3.59%,152,1644,20.63%,0.283153,68.54%,1.0%,14.8%,"15:22 ET"
BRK.B,461.64,2024-12-20,410.00,-11.19%,1.68,408.32,13.06%,113,961,23.54%,0.083148,89.49%,0.4%,2.5%,"14:56 ET"
BRK.B,461.64,2024-12-20,440.00,-4.69%,5,435,6.12%,107,1205,19.80%,0.231162,72.67%,1.1%,7.1%,"15:26 ET"
BRK.B,461.64,2024-11-15,440.00,-4.69%,2.52,437.48,5.52%,123,1448,22.22%,0.175312,80.03%,0.6%,8.8%,"13:56 ET"
BSX,87.91,2024-11-15,72.50,-17.53%,0.2,72.3,21.59%,180,8628,50.81%,0.058108,93.05%,0.3%,4.2%,"15:32 ET"
BSX,87.91,2024-11-15,77.50,-11.84%,0.45,77.05,14.09%,203,3063,42.11%,0.105171,87.84%,0.6%,8.9%,"15:20 ET"
BUD,64.58,2025-01-17,62.50,-3.22%,1.6,60.9,6.04%,168,1536,21.26%,0.346303,62.38%,2.6%,11.0%,"13:05 ET"
BX,168.09,2024-11-15,165.00,-1.84%,3.75,161.25,4.24%,221,803,31.92%,0.380691,58.97%,2.3%,35.4%,"14:09 ET"
BX,168.09,2024-12-20,155.00,-7.79%,2.91,152.09,10.52%,128,855,31.20%,0.225245,74.09%,1.9%,11.8%,"13:41 ET"
BZH,30.76,2024-11-15,30.00,-2.47%,1.25,28.75,6.99%,133,949,52.18%,0.396474,57.42%,4.3%,66.1%,"14:14 ET"
C,63.29,2025-01-17,60.00,-5.20%,1.84,58.16,8.82%,229,31996,28.13%,0.308289,65.12%,3.2%,13.3%,"14:18 ET"
C,63.29,2024-11-01,62.00,-2.04%,0.47,61.53,2.86%,336,709,25.41%,0.283131,68.78%,0.8%,27.9%,"15:38 ET"
C,63.29,2025-01-17,62.50,-1.25%,2.81,59.69,6.03%,236,9619,27.54%,0.419262,53.72%,4.7%,19.8%,"15:42 ET"
C,63.29,2024-11-01,60.00,-5.20%,0.16,59.84,5.77%,143,688,28.63%,0.113879,87.00%,0.3%,9.8%,"14:15 ET"
C,63.29,2024-12-20,62.50,-1.25%,2.3,60.2,5.13%,237,3684,28.07%,0.417369,54.43%,3.8%,23.6%,"15:38 ET"
C,63.29,2024-11-15,60.00,-5.20%,0.84,59.16,6.98%,138,15694,34.27%,0.245742,72.82%,1.4%,21.6%,"14:48 ET"
C,63.29,2025-01-17,55.00,-13.10%,0.75,54.25,16.66%,181,33373,30.51%,0.145152,82.70%,1.4%,5.8%,"14:35 ET"
C,63.29,2024-11-15,50.00,-21.00%,0.06,49.94,26.73%,126,7840,46.96%,0.020455,97.49%,0.1%,1.8%,"13:30 ET"
C,63.29,2024-12-20,57.50,-9.15%,0.8,56.7,11.62%,126,10800,29.83%,0.184177,78.81%,1.4%,8.7%,"15:40 ET"
C,63.29,2025-01-17,57.50,-9.15%,1.18,56.32,12.38%,204,12962,29.14%,0.21542,75.00%,2.1%,8.8%,"15:09 ET"
C,63.29,2024-12-20,60.00,-5.20%,1.38,58.62,7.97%,858,11058,28.73%,0.287462,67.80%,2.4%,14.6%,"15:37 ET"
C,63.29,2024-11-15,57.50,-9.15%,0.4,57.1,10.84%,1057,7611,36.22%,0.132646,84.92%,0.7%,10.7%,"15:39 ET"
C,63.29,2024-12-20,55.00,-13.10%,0.47,54.53,16.06%,1901,35010,31.76%,0.114929,86.42%,0.9%,5.3%,"15:37 ET"
CAG,29.44,2024-12-20,27.00,-8.29%,0.15,26.85,9.65%,103,1255,21.77%,0.14486,83.86%,0.6%,3.5%,"12:06 ET"
CAR,79.22,2024-11-15,60.00,-24.26%,1.25,58.75,34.84%,116,1744,104.10%,0.117346,85.11%,2.1%,32.4%,"15:05 ET"
CARR,80.64,2024-11-15,77.50,-3.89%,1.65,75.85,6.32%,259,658,37.98%,0.31756,65.83%,2.2%,33.1%,"14:04 ET"
CART,44.09,2024-11-15,35.00,-20.62%,0.15,34.85,26.51%,1527,1497,61.86%,0.062161,92.72%,0.4%,6.5%,"11:59 ET"
CAT,389.23,2024-11-15,350.00,-10.08%,2.29,347.71,11.94%,301,2006,37.45%,0.120013,86.57%,0.7%,10.0%,"15:38 ET"
CAT,389.23,2024-11-15,370.00,-4.94%,5.8,364.2,6.87%,274,881,35.11%,0.264776,71.32%,1.6%,24.2%,"14:18 ET"
CAVA,135.93,2024-11-15,120.00,-11.72%,3.8,116.2,16.98%,137,1210,77.37%,0.230777,73.51%,3.3%,49.7%,"15:34 ET"
CCJ,56.71,2024-11-15,47.00,-17.12%,0.31,46.69,21.46%,160,1399,56.51%,0.085155,90.25%,0.7%,10.1%,"14:01 ET"
CCJ,56.71,2024-11-15,46.00,-18.89%,0.24,45.76,23.93%,523,8891,57.41%,0.067046,92.25%,0.5%,8.0%,"14:55 ET"
CCJ,56.71,2025-01-17,50.00,-11.83%,2.04,47.96,18.24%,104,6954,46.31%,0.242131,71.12%,4.3%,17.8%,"15:32 ET"
CCJ,56.71,2024-12-20,55.00,-3.02%,3.25,51.75,9.58%,116,893,46.49%,0.391586,56.51%,6.3%,38.9%,"15:18 ET"
CCJ,56.71,2024-11-15,55.00,-3.02%,2.17,52.83,7.34%,245,1519,52.00%,0.383196,59.08%,4.1%,62.5%,"15:34 ET"
CCJ,56.71,2024-11-08,55.00,-3.02%,1.89,53.11,6.78%,539,2643,55.40%,0.37776,60.11%,3.6%,76.4%,"14:52 ET"
CCJ,56.71,2024-11-15,45.00,-20.65%,0.19,44.81,26.56%,203,6731,59.16%,0.054441,93.63%,0.4%,6.4%,"13:19 ET"
CCJ,56.71,2024-11-15,51.00,-10.07%,0.88,50.12,13.15%,643,2612,53.22%,0.198201,78.16%,1.8%,26.7%,"15:37 ET"
CCK,96.03,2024-11-15,92.50,-3.68%,0.85,91.65,4.78%,209,1044,24.55%,0.243773,72.41%,0.9%,14.1%,"15:36 ET"
CCL,21.4,2024-11-01,20.50,-4.21%,0.25,20.25,5.68%,2802,3140,43.93%,0.264364,72.27%,1.2%,45.1%,"15:38 ET"
CDNS,251.63,2024-11-15,240.00,-4.62%,6.7,233.3,7.86%,308,831,47.87%,0.321629,65.01%,2.9%,43.7%,"15:39 ET"
CEG,267.11,2024-11-15,220.00,-17.64%,2.3,217.7,22.70%,115,841,65.16%,0.105778,87.72%,1.1%,16.1%,"14:37 ET"
CEG,267.11,2024-11-15,210.00,-21.38%,1.4,208.6,28.05%,108,5048,67.44%,0.069192,91.79%,0.7%,10.2%,"14:00 ET"
CELH,31.97,2024-11-15,27.50,-13.98%,1.03,26.47,20.78%,160,2683,88.69%,0.223657,74.61%,3.9%,59.2%,"15:37 ET"
CELH,31.97,2024-11-15,25.00,-21.80%,0.48,24.52,30.38%,321,10658,89.45%,0.120727,85.82%,2.0%,29.8%,"15:13 ET"
CELH,31.97,2024-11-15,22.50,-29.62%,0.2,22.3,43.36%,330,24298,94.68%,0.060105,92.60%,0.9%,13.6%,"14:44 ET"
CELH,31.97,2024-11-01,30.00,-6.16%,0.65,29.35,8.93%,332,2449,67.63%,0.281981,71.50%,2.2%,80.8%,"15:41 ET"
CELH,31.97,2024-11-01,29.00,-9.29%,0.39,28.61,11.74%,152,8162,67.59%,0.18927,80.83%,1.4%,49.8%,"15:37 ET"
CELH,31.97,2024-11-15,30.00,-6.16%,1.96,28.04,14.02%,368,12592,89.24%,0.353592,60.95%,7.0%,106.3%,"15:15 ET"
CELH,31.97,2024-11-01,28.00,-12.42%,0.21,27.79,15.04%,428,1221,68.39%,0.118653,87.93%,0.8%,27.6%,"15:38 ET"
CHD,102.81,2024-11-15,100.00,-2.73%,1.8,98.2,4.69%,366,1728,30.94%,0.336955,63.66%,1.8%,27.9%,"15:15 ET"
CHWY,28.27,2024-11-15,25.00,-11.57%,0.38,24.62,14.83%,297,2173,53.77%,0.175312,81.37%,1.5%,23.5%,"15:36 ET"
CIVI,50.79,2024-11-15,50.00,-1.56%,1.75,48.25,5.26%,301,726,39.42%,0.441054,56.16%,3.6%,55.2%,"14:33 ET"
CL,99.84,2024-11-15,95.00,-4.85%,0.8,94.2,5.99%,145,977,26.34%,0.210409,76.90%,0.8%,12.9%,"15:19 ET"
CMCSA,41.58,2025-01-17,40.00,-3.80%,1.3,38.7,7.44%,501,16007,26.85%,0.338653,61.62%,3.4%,14.1%,"14:30 ET"
CMCSA,41.58,2025-01-17,32.50,-21.84%,0.18,32.32,28.65%,202,4212,35.86%,0.061948,92.03%,0.6%,2.3%,"11:14 ET"
CMCSA,41.58,2024-11-15,35.00,-15.82%,0.12,34.88,19.21%,3317,12105,45.72%,0.059114,92.91%,0.3%,5.2%,"13:48 ET"
CME,225.87,2024-11-15,200.00,-11.45%,0.25,199.75,13.08%,367,1375,27.51%,0.038165,95.77%,0.1%,1.9%,"15:40 ET"
CME,225.87,2025-01-17,200.00,-11.45%,2,198,14.08%,134,747,25.63%,0.140148,83.45%,1.0%,4.2%,"15:06 ET"
CMG,59.99,2024-11-01,58.00,-3.32%,1.35,56.65,5.90%,323,586,57.25%,0.339313,63.91%,2.4%,87.0%,"15:10 ET"
CMG,59.99,2025-01-17,55.00,-8.32%,1.6,53.4,12.34%,160,12767,34.16%,0.253989,69.87%,3.0%,12.6%,"12:06 ET"
CMG,59.99,2024-11-01,52.00,-13.32%,0.25,51.75,15.92%,328,1715,64.92%,0.081584,90.83%,0.5%,17.6%,"14:13 ET"
CMG,59.99,2024-11-01,59.00,-1.65%,1.75,57.25,4.79%,360,598,57.54%,0.407937,56.94%,3.1%,111.6%,"15:21 ET"
CMG,59.99,2024-11-22,54.00,-9.98%,0.75,53.25,12.66%,400,665,44.20%,0.181644,79.30%,1.4%,16.6%,"14:29 ET"
CMG,59.99,2024-12-20,55.50,-7.48%,1.4,54.1,10.89%,132,1221,36.85%,0.259951,70.03%,2.6%,16.0%,"13:21 ET"
CMG,59.99,2025-01-17,53.00,-11.65%,1.15,51.85,15.70%,419,8925,35.28%,0.194022,76.40%,2.2%,9.3%,"13:59 ET"
CMG,59.99,2025-01-17,46.00,-23.32%,0.35,45.65,31.41%,745,3991,41.02%,0.069603,90.76%,0.8%,3.2%,"12:00 ET"
CMG,59.99,2024-12-20,52.00,-13.32%,0.7,51.3,16.94%,2020,6527,38.35%,0.146996,82.31%,1.4%,8.4%,"15:00 ET"
CMG,59.99,2024-12-20,50.00,-16.65%,0.5,49.5,21.19%,3221,8067,40.13%,0.10501,87.05%,1.0%,6.2%,"15:13 ET"
CMG,59.99,2024-11-15,55.00,-8.32%,0.9,54.1,10.89%,3534,5239,47.10%,0.211343,76.39%,1.7%,25.3%,"15:32 ET"
CMG,59.99,2024-11-15,50.00,-16.65%,0.25,49.75,20.58%,9038,1713,51.79%,0.072239,91.49%,0.5%,7.6%,"15:16 ET"
CNC,61.14,2024-12-20,60.00,-1.86%,2.95,57.05,7.17%,125,125809,38.75%,0.40514,54.81%,5.2%,32.0%,"15:37 ET"
CNI,111.75,2024-11-15,105.00,-6.04%,0.65,104.35,7.09%,118,598,27.65%,0.169191,81.02%,0.6%,9.5%,"15:34 ET"
CNK,28.67,2024-11-15,26.00,-9.31%,0.35,25.65,11.77%,7014,1256,46.83%,0.193374,79.22%,1.4%,20.8%,"15:38 ET"
CNQ,35.44,2025-01-17,33.75,-4.77%,1.1,32.65,8.55%,126,1569,28.82%,0.335941,63.58%,3.4%,14.1%,"13:12 ET"
COIN,211.77,2024-12-20,150.00,-29.17%,4.7,145.3,45.75%,112,2330,84.17%,0.117305,84.59%,3.2%,20.0%,"15:26 ET"
COIN,211.77,2024-11-01,180.00,-15.00%,2.28,177.72,19.16%,148,1366,91.89%,0.134264,85.74%,1.3%,46.8%,"15:31 ET"
COIN,211.77,2024-11-15,170.00,-19.72%,4.8,165.2,28.19%,121,2074,95.87%,0.158757,81.43%,2.9%,44.2%,"15:37 ET"
COIN,211.77,2024-11-15,190.00,-10.28%,10.35,179.65,17.88%,115,1068,93.47%,0.289675,67.46%,5.8%,87.6%,"15:13 ET"
COIN,211.77,2025-01-17,110.00,-48.06%,1.58,108.42,95.32%,378,2074,86.57%,0.038366,93.94%,1.5%,6.1%,"11:18 ET"
COIN,211.77,2024-11-15,200.00,-5.56%,14.4,185.6,14.10%,139,2617,93.02%,0.366801,59.47%,7.8%,118.0%,"15:24 ET"
COIN,211.77,2024-11-01,160.00,-24.45%,0.54,159.46,32.80%,138,906,99.60%,0.040262,95.55%,0.3%,12.4%,"15:04 ET"
COIN,211.77,2024-11-01,200.00,-5.56%,7.45,192.55,9.98%,331,508,89.01%,0.336628,65.10%,3.9%,141.2%,"15:40 ET"
COIN,211.77,2024-11-01,170.00,-19.72%,1.18,168.82,25.44%,157,1154,95.78%,0.076587,91.71%,0.7%,25.5%,"15:32 ET"
COIN,211.77,2025-01-17,180.00,-15.00%,15.65,164.35,28.85%,416,2487,77.10%,0.265386,66.71%,9.5%,40.0%,"15:28 ET"
COIN,211.77,2024-12-20,180.00,-15.00%,12.4,167.6,26.35%,264,3495,81.31%,0.254791,69.05%,7.4%,45.8%,"15:36 ET"
COIN,211.77,2024-11-15,150.00,-29.17%,1.97,148.03,43.06%,644,2684,100.59%,0.073533,90.94%,1.3%,20.2%,"15:37 ET"
COIN,211.77,2024-11-15,180.00,-15.00%,7.15,172.85,22.52%,729,3093,94.37%,0.219132,74.91%,4.1%,62.9%,"15:26 ET"
COIN,211.77,2024-11-01,110.00,-48.06%,0.07,109.93,92.64%,1518,1941,163.20%,0.005573,99.23%,0.1%,2.3%,"14:27 ET"
COR,234.52,2025-01-17,230.00,-1.93%,6.4,223.6,4.88%,173,1960,20.84%,0.376248,57.59%,2.9%,12.0%,"14:08 ET"
COR,234.52,2025-01-17,210.00,-10.46%,1.85,208.15,12.67%,111,615,23.71%,0.138278,83.00%,0.9%,3.7%,"12:46 ET"
COST,892.1,2024-11-01,855.00,-4.16%,1.32,853.68,4.50%,227,554,20.32%,0.094813,89.67%,0.2%,5.6%,"15:41 ET"
COST,892.1,2024-11-15,850.00,-4.72%,5.8,844.2,5.67%,149,878,23.62%,0.192278,78.76%,0.7%,10.4%,"15:41 ET"
COST,892.1,2024-11-15,855.00,-4.16%,6.75,848.25,5.17%,147,1197,23.30%,0.217071,76.14%,0.8%,12.1%,"15:41 ET"
CPB,47.35,2024-11-15,45.00,-4.96%,0.25,44.75,5.81%,112,1388,23.89%,0.183983,79.70%,0.6%,8.5%,"11:23 ET"
CPRI,41.94,2025-01-17,30.00,-28.47%,3.8,26.2,60.08%,112,42508,132.07%,0.19615,69.83%,14.5%,60.8%,"14:44 ET"
CPRI,41.94,2024-11-15,27.50,-34.43%,2.55,24.95,68.10%,228,2645,228.07%,0.154561,76.47%,10.2%,155.4%,"15:11 ET"
CPRI,41.94,2024-12-20,25.00,-40.39%,2.1,22.9,83.14%,171,3655,159.71%,0.127991,78.98%,9.2%,56.7%,"10:22 ET"
CPRI,41.94,2024-11-15,40.00,-4.63%,6.7,33.3,25.95%,585,2424,187.38%,0.366277,53.93%,20.1%,306.0%,"15:09 ET"
CPRI,41.94,2024-12-20,27.50,-34.43%,2.9,24.6,70.49%,215,1219,156.57%,0.160018,74.87%,11.8%,72.9%,"13:01 ET"
CPRI,41.94,2024-12-20,22.50,-46.35%,1.2,21.3,96.90%,209,2229,150.00%,0.089446,84.91%,5.6%,34.9%,"10:57 ET"
CPRI,41.94,2024-11-15,25.00,-40.39%,1.7,23.3,80.00%,808,19124,222.58%,0.116048,81.77%,7.3%,111.0%,"14:09 ET"
CPRI,41.94,2024-11-15,22.50,-46.35%,1.1,21.4,95.98%,1083,14334,217.52%,0.080965,86.79%,5.1%,78.2%,"15:29 ET"
CPRT,51.99,2025-01-17,50.00,-3.83%,1.45,48.55,7.09%,150,540,25.66%,0.326733,62.23%,3.0%,12.5%,"13:57 ET"
CRBG,31.2,2024-11-15,30.00,-3.85%,0.6,29.4,6.12%,531,5084,39.04%,0.31402,65.24%,2.0%,31.0%,"13:33 ET"
CRH,92.02,2024-11-01,90.00,-2.20%,0.75,89.25,3.10%,1000,2000,27.78%,0.300234,68.54%,0.8%,30.7%,"11:36 ET"
CRM,288.35,2024-11-15,280.00,-2.90%,4.3,275.7,4.59%,489,1539,27.78%,0.316163,66.00%,1.6%,23.7%,"15:37 ET"
CRM,288.35,2024-12-20,230.00,-20.24%,1.17,228.83,26.01%,269,3006,38.97%,0.059167,92.55%,0.5%,3.2%,"15:27 ET"
CRS,157.33,2024-11-15,150.00,-4.66%,4.7,145.3,8.28%,111,1179,52.19%,0.333088,63.93%,3.2%,49.2%,"15:14 ET"
CRTO,40.68,2024-11-15,35.00,-13.96%,0.3,34.7,17.23%,215,6014,54.37%,0.118197,85.96%,0.9%,13.1%,"12:44 ET"
CRWD,308.5,2024-11-01,300.00,-2.76%,4.25,295.75,4.31%,251,1283,39.00%,0.324041,66.74%,1.4%,52.5%,"15:31 ET"
CRWD,308.5,2024-11-15,300.00,-2.76%,9.1,290.9,6.05%,508,1165,42.34%,0.374584,60.15%,3.1%,47.6%,"15:16 ET"
CRWD,308.5,2024-11-15,280.00,-9.24%,3.6,276.4,11.61%,175,1680,44.60%,0.18016,80.17%,1.3%,19.8%,"15:40 ET"
CRWD,308.5,2025-01-17,270.00,-12.48%,10.35,259.65,18.81%,186,1458,46.60%,0.23106,72.10%,4.0%,16.7%,"12:56 ET"
CRWD,308.5,2024-11-01,295.00,-4.38%,2.88,292.12,5.61%,122,1001,39.35%,0.238334,75.40%,1.0%,36.0%,"15:39 ET"
CSCO,56.72,2025-01-17,45.00,-20.66%,0.15,44.85,26.47%,167,17659,29.64%,0.044957,94.51%,0.3%,1.4%,"13:38 ET"
CSCO,56.72,2024-12-20,45.00,-20.66%,0.08,44.92,26.27%,161,777,31.38%,0.027909,96.67%,0.2%,1.1%,"13:38 ET"
CSCO,56.72,2024-11-15,55.00,-3.03%,0.83,54.17,4.71%,421,2845,27.05%,0.31794,67.14%,1.5%,23.3%,"15:15 ET"
CSCO,56.72,2024-12-20,50.00,-11.85%,0.29,49.71,14.10%,208,3709,25.84%,0.09973,88.76%,0.6%,3.6%,"15:36 ET"
CSCO,56.72,2025-01-17,52.50,-7.44%,0.86,51.64,9.84%,186,8745,23.18%,0.221151,75.27%,1.7%,7.0%,"14:39 ET"
CSCO,56.72,2024-12-20,52.50,-7.44%,0.59,51.91,9.27%,201,3420,24.01%,0.192975,78.85%,1.1%,7.0%,"15:26 ET"
CSCO,56.72,2024-11-01,56.00,-1.27%,0.34,55.66,1.90%,561,1230,16.81%,0.332265,67.69%,0.6%,22.3%,"15:35 ET"
CSCO,56.72,2024-12-20,55.00,-3.03%,1.21,53.79,5.45%,745,3462,22.28%,0.342621,63.45%,2.2%,13.9%,"14:20 ET"
CSGP,76.92,2024-11-15,75.00,-2.50%,2.6,72.4,6.24%,1663,964,46.00%,0.38692,58.48%,3.6%,54.6%,"15:42 ET"
CVNA,197.45,2024-11-15,140.00,-29.10%,1.6,138.4,42.67%,101,745,99.19%,0.067721,91.18%,1.2%,17.6%,"14:50 ET"
CVNA,197.45,2024-11-01,175.00,-11.37%,5.15,169.85,16.25%,130,898,112.07%,0.22567,74.24%,3.0%,110.7%,"15:14 ET"
CVNA,197.45,2024-11-15,195.00,-1.24%,15.25,179.75,9.85%,123,506,84.38%,0.428482,52.30%,8.5%,129.0%,"14:57 ET"
CVNA,197.45,2024-11-01,140.00,-29.10%,0.63,139.37,41.67%,314,513,126.72%,0.039796,94.94%,0.5%,16.5%,"15:17 ET"
CVS,56.9,2025-01-17,55.00,-3.34%,2.33,52.67,8.03%,330,8250,30.31%,0.371481,59.08%,4.4%,18.6%,"14:54 ET"
CVS,56.9,2024-11-15,50.00,-12.13%,0.34,49.66,14.58%,340,8422,43.87%,0.110561,87.47%,0.7%,10.4%,"15:31 ET"
CVS,56.9,2024-11-01,56.00,-1.58%,0.62,55.38,2.74%,137,2139,28.47%,0.344426,63.25%,1.1%,40.9%,"15:19 ET"
CVS,56.9,2024-11-15,55.00,-3.34%,1.34,53.66,6.04%,826,12387,38.47%,0.339188,63.47%,2.5%,38.0%,"15:37 ET"
CVX,151.07,2024-12-20,140.00,-7.33%,2,138,9.47%,150,5206,25.83%,0.215625,76.82%,1.4%,9.0%,"15:26 ET"
CVX,151.07,2024-12-20,135.00,-10.64%,1.15,133.85,12.87%,168,5113,27.08%,0.137977,84.92%,0.9%,5.3%,"15:27 ET"
CVX,151.07,2024-12-20,145.00,-4.02%,3.35,141.65,6.65%,401,5251,25.13%,0.323147,65.76%,2.4%,14.6%,"14:58 ET"
CVX,151.07,2025-01-17,140.00,-7.33%,2.66,137.34,10.00%,182,15231,24.40%,0.239809,73.86%,1.9%,8.1%,"13:50 ET"
CVX,151.07,2024-11-01,140.00,-7.33%,0.23,139.77,8.08%,115,516,31.08%,0.068695,93.05%,0.2%,6.0%,"14:37 ET"
CVX,151.07,2025-01-17,145.00,-4.02%,4.1,140.9,7.22%,176,7990,23.46%,0.335786,63.98%,2.9%,12.2%,"15:05 ET"
DAL,54.77,2025-01-17,40.00,-26.97%,0.28,39.72,37.89%,165,16301,44.14%,0.05343,92.76%,0.7%,3.0%,"10:28 ET"
DAL,54.77,2025-01-17,52.50,-4.14%,2.61,49.89,9.78%,107,4895,37.28%,0.354969,59.20%,5.2%,21.9%,"13:38 ET"
DAL,54.77,2024-11-15,50.00,-8.71%,0.45,49.55,10.53%,512,10852,38.69%,0.157552,82.08%,0.9%,13.8%,"15:26 ET"
DAL,54.77,2024-12-20,52.50,-4.14%,2.03,50.47,8.52%,200,764,37.34%,0.344433,61.10%,4.0%,24.9%,"15:05 ET"
DAL,54.77,2024-11-15,48.00,-12.36%,0.23,47.77,14.65%,111,2905,40.98%,0.089657,89.54%,0.5%,7.3%,"15:29 ET"
DAL,54.77,2024-11-01,50.00,-8.71%,0.1,49.9,9.76%,115,5565,38.88%,0.068878,92.16%,0.2%,7.3%,"14:59 ET"
DASH,152.8,2025-01-17,130.00,-14.92%,3.15,126.85,20.46%,690,620,42.33%,0.173489,78.29%,2.5%,10.4%,"13:44 ET"
DD,84.63,2024-11-15,70.00,-17.29%,0.15,69.85,21.16%,172,683,50.79%,0.059924,92.75%,0.2%,3.3%,"09:56 ET"
DDOG,124.64,2024-12-20,110.00,-11.75%,3.05,106.95,16.54%,528,779,46.28%,0.214848,74.90%,2.9%,17.6%,"15:20 ET"
DDOG,124.64,2024-11-01,122.00,-2.12%,2.13,119.87,3.98%,936,805,40.03%,0.366855,62.67%,1.8%,64.9%,"13:14 ET"
DELL,121.02,2025-01-17,115.00,-4.97%,7.45,107.55,12.52%,109,3710,45.86%,0.359156,59.01%,6.9%,29.1%,"15:23 ET"
DELL,121.02,2024-11-15,105.00,-13.24%,0.83,104.17,16.18%,266,2937,48.07%,0.112841,87.53%,0.8%,12.1%,"15:38 ET"
DELL,121.02,2024-12-20,115.00,-4.97%,6.5,108.5,11.54%,205,2942,49.82%,0.356743,60.05%,6.0%,37.1%,"15:43 ET"
DELL,121.02,2025-01-17,100.00,-17.37%,2.7,97.3,24.38%,182,6857,47.79%,0.169179,79.33%,2.8%,11.6%,"12:34 ET"
DELL,121.02,2024-12-20,110.00,-9.11%,4.65,105.35,14.87%,104,1429,50.40%,0.279029,68.12%,4.4%,27.3%,"15:39 ET"
DELL,121.02,2024-11-15,100.00,-17.37%,0.44,99.56,21.55%,237,2647,50.66%,0.062792,92.90%,0.4%,6.7%,"14:14 ET"
DELL,121.02,2024-11-15,110.00,-9.11%,1.59,108.41,11.63%,535,3705,45.88%,0.192738,79.15%,1.5%,22.3%,"15:28 ET"
DELL,121.02,2024-11-15,115.00,-4.97%,2.89,112.11,7.95%,371,2034,44.81%,0.309134,67.15%,2.6%,39.2%,"15:34 ET"
DG,80.6,2024-11-15,70.00,-13.15%,0.36,69.64,15.74%,114,7651,42.99%,0.086321,89.96%,0.5%,7.9%,"15:36 ET"
DHI,180.22,2024-11-15,170.00,-5.67%,3.2,166.8,8.05%,311,4905,42.41%,0.268033,70.43%,1.9%,29.2%,"15:34 ET"
DHI,180.22,2024-11-15,165.00,-8.45%,2.1,162.9,10.63%,138,1199,43.81%,0.192436,78.39%,1.3%,19.6%,"14:50 ET"
DHI,180.22,2024-11-01,175.00,-2.90%,2.9,172.1,4.72%,294,940,44.80%,0.324572,65.41%,1.7%,61.5%,"15:41 ET"
DHI,180.22,2024-11-15,150.00,-16.77%,0.6,149.4,20.63%,711,1415,49.47%,0.062362,92.60%,0.4%,6.1%,"15:32 ET"
DIA,429.74,2024-12-20,380.00,-11.57%,1.25,378.75,13.46%,3500,1524,22.92%,0.071894,90.90%,0.3%,2.0%,"14:59 ET"
DIA,429.74,2024-12-20,375.00,-12.74%,1.1,373.9,14.93%,3501,2319,23.88%,0.06116,92.21%,0.3%,1.8%,"14:59 ET"
DIA,429.74,2024-11-15,425.00,-1.10%,4.2,420.8,2.12%,122,1616,15.71%,0.357198,60.85%,1.0%,15.2%,"14:59 ET"
DIA,429.74,2024-11-01,420.00,-2.27%,0.81,419.19,2.52%,101,646,14.71%,0.154362,82.68%,0.2%,7.1%,"15:32 ET"
DIA,429.74,2024-11-01,424.00,-1.34%,1.37,422.63,1.68%,273,1096,13.35%,0.245766,72.86%,0.3%,11.8%,"15:10 ET"
DIS,96.68,2024-12-20,95.00,-1.74%,3.85,91.15,6.07%,158,7039,31.90%,0.40745,55.44%,4.2%,26.1%,"15:23 ET"
DIS,96.68,2024-11-01,91.00,-5.88%,0.14,90.86,6.41%,133,728,27.32%,0.083523,90.97%,0.2%,5.6%,"14:15 ET"
DIS,96.68,2025-01-17,90.00,-6.91%,2.59,87.41,10.61%,593,20550,30.52%,0.274351,68.46%,3.0%,12.4%,"15:31 ET"
DIS,96.68,2024-11-15,95.00,-1.74%,3,92,5.09%,272,8463,39.96%,0.405058,56.79%,3.3%,49.6%,"14:37 ET"
DIS,96.68,2024-12-20,80.00,-17.25%,0.56,79.44,21.70%,117,7992,36.74%,0.082406,90.01%,0.7%,4.4%,"15:35 ET"
DIS,96.68,2024-11-01,93.00,-3.81%,0.34,92.66,4.34%,106,720,25.19%,0.16521,82.40%,0.4%,13.4%,"14:50 ET"
DIS,96.68,2024-11-15,90.00,-6.91%,1.42,88.58,9.14%,137,7854,41.82%,0.229756,74.78%,1.6%,24.4%,"15:35 ET"
DIS,96.68,2024-12-20,85.00,-12.08%,1.11,83.89,15.25%,155,8822,34.52%,0.151092,82.32%,1.3%,8.2%,"14:20 ET"
DIS,96.68,2025-01-17,80.00,-17.25%,0.81,79.19,22.09%,1517,13998,33.87%,0.101862,87.40%,1.0%,4.3%,"14:56 ET"
DIS,96.68,2024-12-20,90.00,-6.91%,2.14,87.86,10.04%,2564,7493,33.05%,0.261093,70.50%,2.4%,15.1%,"15:27 ET"
DJT,34.32,2024-11-01,30.00,-12.59%,1.75,28.25,21.49%,984,1464,165.92%,0.275743,68.79%,6.2%,226.1%,"15:42 ET"
DJT,34.32,2024-11-01,25.00,-27.16%,0.5,24.5,40.08%,1239,2281,165.73%,0.103687,87.60%,2.0%,74.5%,"15:42 ET"
DJT,34.32,2024-12-20,24.00,-30.07%,5.85,18.15,89.09%,1819,779,231.08%,0.198853,64.99%,32.2%,199.4%,"15:22 ET"
DJT,34.32,2024-11-08,30.00,-12.59%,6.5,23.5,46.04%,2319,687,310.14%,0.300263,57.96%,27.7%,593.9%,"15:37 ET"
DJT,34.32,2024-11-15,26.00,-24.24%,5.2,20.8,65.00%,477,1640,290.13%,0.231025,64.55%,25.0%,380.2%,"15:29 ET"
DJT,34.32,2024-11-08,25.00,-27.16%,4,21,63.43%,328,1089,315.86%,0.213584,67.90%,19.0%,409.0%,"15:40 ET"
DJT,34.32,2024-11-15,30.00,-12.59%,7.2,22.8,50.53%,568,7135,289.99%,0.293615,57.18%,31.6%,480.3%,"15:40 ET"
DJT,34.32,2024-11-15,25.00,-27.16%,4.7,20.3,69.06%,355,3868,289.80%,0.215265,66.51%,23.2%,352.1%,"15:37 ET"
DJT,34.32,2024-11-01,23.00,-32.98%,0.28,22.72,51.06%,307,631,169.77%,0.062493,92.28%,1.2%,45.0%,"15:20 ET"
DJT,34.32,2024-11-15,21.00,-38.81%,3,18,90.67%,169,688,297.19%,0.154735,74.04%,16.7%,253.5%,"15:30 ET"
DJT,34.32,2024-12-20,25.00,-27.16%,6.35,18.65,84.02%,118,983,228.85%,0.211702,63.47%,34.0%,210.6%,"15:29 ET"
DJT,34.32,2024-11-01,21.00,-38.81%,0.17,20.83,64.76%,183,697,178.91%,0.037726,95.14%,0.8%,29.8%,"15:11 ET"
DJT,34.32,2024-12-20,30.00,-12.59%,9.1,20.9,64.21%,301,3537,229.55%,0.273308,55.79%,43.5%,269.4%,"14:56 ET"
DJT,34.32,2024-11-01,20.50,-40.27%,0.14,20.36,68.57%,162,1225,186.47%,0.03625,95.25%,0.7%,25.1%,"15:33 ET"
DJT,34.32,2025-01-17,30.00,-12.59%,10,20,71.60%,110,2218,205.13%,0.263224,55.34%,50.0%,209.8%,"15:24 ET"
DJT,34.32,2024-11-01,26.00,-24.24%,0.66,25.34,35.44%,299,650,163.20%,0.129041,84.80%,2.6%,95.1%,"15:40 ET"
DJT,34.32,2024-11-01,27.00,-21.33%,0.85,26.15,31.24%,298,627,164.32%,0.162003,81.11%,3.3%,118.6%,"15:34 ET"
DJT,34.32,2024-11-01,28.00,-18.41%,1.11,26.89,27.63%,314,736,163.76%,0.196424,77.36%,4.1%,150.7%,"15:27 ET"
DKNG,37.66,2024-11-15,33.00,-12.37%,0.79,32.21,16.92%,259,1193,69.27%,0.197238,77.15%,2.5%,37.3%,"15:07 ET"
DKNG,37.66,2024-11-01,35.00,-7.06%,0.25,34.75,8.37%,149,1811,47.56%,0.160553,82.39%,0.7%,26.3%,"14:55 ET"
DKNG,37.66,2024-11-15,32.00,-15.03%,0.59,31.41,19.90%,162,584,70.49%,0.15618,81.62%,1.9%,28.6%,"14:07 ET"
DKNG,37.66,2024-11-08,35.00,-7.06%,1.19,33.81,11.39%,1010,640,75.45%,0.292307,67.36%,3.5%,75.6%,"14:53 ET"
DLTR,66.03,2024-12-20,65.00,-1.56%,5.65,59.35,11.26%,1261,927,62.82%,0.412014,52.48%,9.5%,58.9%,"15:40 ET"
DLTR,66.03,2024-11-15,60.00,-9.13%,0.84,59.16,11.61%,129,15974,51.33%,0.202086,76.65%,1.4%,21.6%,"15:23 ET"
DLTR,66.03,2024-11-15,65.00,-1.56%,2.56,62.44,5.75%,178,3502,48.89%,0.40957,54.99%,4.1%,62.4%,"14:32 ET"
DLTR,66.03,2025-01-17,60.00,-9.13%,4.15,55.85,18.23%,225,3230,58.51%,0.301547,63.13%,7.4%,31.2%,"15:24 ET"
DOCS,42.24,2024-11-15,37.50,-11.22%,1.25,36.25,16.52%,2019,3608,78.97%,0.238201,72.17%,3.4%,52.4%,"15:30 ET"
DOCS,42.24,2024-11-15,32.50,-23.06%,0.3,32.2,31.18%,2070,3627,80.39%,0.081056,89.82%,0.9%,14.2%,"15:30 ET"
DOCU,70.93,2024-11-15,65.00,-8.36%,0.48,64.52,9.93%,1048,3067,38.02%,0.157915,81.48%,0.7%,11.3%,"14:11 ET"
DOCU,70.93,2024-11-15,60.00,-15.41%,0.13,59.87,18.47%,1482,3183,44.05%,0.055986,93.08%,0.2%,3.3%,"14:52 ET"
DOCU,70.93,2025-01-17,57.50,-18.93%,0.85,56.65,25.21%,454,784,43.02%,0.121418,84.12%,1.5%,6.3%,"15:33 ET"
DT,53.64,2024-11-15,50.00,-6.79%,1,49,9.47%,336,1508,45.43%,0.252761,72.68%,2.0%,31.0%,"15:00 ET"
DT,53.64,2024-11-15,52.50,-2.13%,1.85,50.65,5.90%,443,855,45.06%,0.402769,57.37%,3.7%,55.5%,"15:17 ET"
DVN,40.31,2025-01-17,37.50,-6.97%,1.28,36.22,11.29%,126,9221,33.05%,0.298202,67.28%,3.5%,14.8%,"15:37 ET"
DVN,40.31,2025-01-17,35.00,-13.17%,0.71,34.29,17.56%,136,7437,34.75%,0.179265,79.75%,2.1%,8.7%,"13:12 ET"
DXCM,72.48,2024-12-20,70.00,-3.42%,5.1,64.9,11.68%,212,739,59.37%,0.381795,55.80%,7.9%,48.6%,"12:31 ET"
DXCM,72.48,2024-11-15,65.00,-10.32%,2.15,62.85,15.32%,306,1226,75.96%,0.247317,71.20%,3.4%,52.0%,"15:30 ET"
EBAY,63.29,2024-11-15,55.00,-13.10%,0.26,54.74,15.62%,105,5735,42.53%,0.08455,90.10%,0.5%,7.2%,"14:37 ET"
EDR,29.2,2025-01-17,25.00,-14.38%,0.1,24.9,17.27%,606,99279,23.34%,0.065774,91.36%,0.4%,1.7%,"14:55 ET"
EEM,45.53,2024-11-15,45.00,-1.16%,0.65,44.35,2.66%,164,53198,19.98%,0.390945,59.04%,1.5%,22.3%,"13:39 ET"
EEM,45.53,2024-11-15,42.00,-7.75%,0.13,41.87,8.74%,250,57864,24.85%,0.093481,89.74%,0.3%,4.7%,"15:18 ET"
EEM,45.53,2024-12-20,37.00,-18.73%,0.08,36.92,23.32%,250,43872,32.54%,0.046421,94.36%,0.2%,1.3%,"15:38 ET"
EEM,45.53,2024-11-15,43.50,-4.46%,0.27,43.23,5.32%,393,7945,21.85%,0.193474,79.22%,0.6%,9.5%,"13:30 ET"
EEM,45.53,2024-11-15,43.00,-5.56%,0.21,42.79,6.40%,504,81313,22.62%,0.149751,83.79%,0.5%,7.5%,"15:30 ET"
EEM,45.53,2025-01-17,43.00,-5.56%,0.72,42.28,7.69%,1025,218955,20.97%,0.253984,71.17%,1.7%,7.1%,"12:12 ET"
EEM,45.53,2025-01-17,39.00,-14.34%,0.2,38.8,17.35%,2011,76516,25.13%,0.085371,89.65%,0.5%,2.2%,"12:26 ET"
EEM,45.53,2025-01-17,41.00,-9.95%,0.37,40.63,12.06%,2694,24770,22.51%,0.144689,82.98%,0.9%,3.8%,"15:34 ET"
EEM,45.53,2024-11-15,41.50,-8.85%,0.1,41.4,9.98%,9516,56404,25.77%,0.072705,91.96%,0.2%,3.7%,"12:57 ET"
EEM,45.53,2024-11-15,44.00,-3.36%,0.37,43.63,4.35%,9925,48850,21.05%,0.246974,73.68%,0.8%,12.9%,"15:18 ET"
EEM,45.53,2025-01-17,44.00,-3.36%,0.99,43.01,5.86%,12011,159058,20.33%,0.328014,63.47%,2.3%,9.7%,"12:54 ET"
EEM,45.53,2025-01-17,38.00,-16.54%,0.15,37.85,20.29%,37823,121848,26.18%,0.063833,92.13%,0.4%,1.7%,"12:54 ET"
EFA,80.56,2024-11-22,78.00,-3.18%,0.56,77.44,4.03%,222,1555,17.70%,0.259581,73.44%,0.7%,8.5%,"14:16 ET"
EL,87.89,2024-11-15,85.00,-3.29%,3.8,81.2,8.24%,100,2180,58.08%,0.385581,58.88%,4.7%,71.2%,"15:25 ET"
ELF,106.96,2025-01-17,100.00,-6.51%,10.9,89.1,20.04%,103,712,73.12%,0.349207,57.48%,12.2%,51.3%,"13:32 ET"
ELF,106.96,2024-11-01,95.00,-11.18%,0.75,94.25,13.49%,146,2001,65.95%,0.127799,86.13%,0.8%,29.0%,"15:36 ET"
ELV,418.74,2025-01-17,400.00,-4.48%,10.5,389.5,7.51%,480,1034,25.23%,0.309758,64.49%,2.7%,11.3%,"10:31 ET"
ELV,418.74,2025-01-17,410.00,-2.09%,14,396,5.74%,486,685,24.52%,0.383012,56.99%,3.5%,14.8%,"14:54 ET"
ENPH,92.36,2025-01-17,80.00,-13.38%,5.7,74.3,24.31%,105,2806,66.92%,0.263611,66.99%,7.7%,32.2%,"15:37 ET"
ENPH,92.36,2024-11-08,75.00,-18.80%,1.66,73.34,25.93%,115,800,104.31%,0.147781,82.25%,2.3%,48.6%,"15:41 ET"
ENPH,92.36,2024-12-20,70.00,-24.21%,2.08,67.92,35.98%,124,1276,73.70%,0.134099,82.52%,3.1%,18.9%,"15:36 ET"
ENPH,92.36,2025-01-17,70.00,-24.21%,2.81,67.19,37.46%,139,2687,69.22%,0.154043,79.39%,4.2%,17.5%,"15:09 ET"
ENPH,92.36,2024-11-01,90.00,-2.56%,4.65,85.35,8.21%,148,905,98.45%,0.402702,56.31%,5.4%,198.9%,"15:35 ET"
ENPH,92.36,2025-01-17,90.00,-2.56%,10,80,15.45%,197,1845,65.90%,0.394392,53.21%,12.5%,52.4%,"15:41 ET"
ENPH,92.36,2024-12-20,65.00,-29.62%,1.29,63.71,44.97%,260,957,75.07%,0.090391,87.78%,2.0%,12.5%,"15:40 ET"
ENPH,92.36,2024-11-15,85.00,-7.97%,5.45,79.55,16.10%,306,1662,97.21%,0.319887,63.05%,6.9%,104.2%,"15:39 ET"
ENPH,92.36,2024-12-20,80.00,-13.38%,4.7,75.3,22.66%,320,739,72.64%,0.254487,68.86%,6.2%,38.6%,"15:29 ET"
ENPH,92.36,2024-11-15,80.00,-13.38%,3.65,76.35,20.97%,348,1962,97.65%,0.238991,71.69%,4.8%,72.7%,"15:42 ET"
ENPH,92.36,2024-12-20,90.00,-2.56%,8.9,81.1,13.88%,365,1828,71.66%,0.399674,53.58%,11.0%,67.9%,"15:35 ET"
ENPH,92.36,2024-11-15,90.00,-2.56%,7.7,82.3,12.22%,424,2295,96.24%,0.405917,54.18%,9.4%,142.3%,"15:41 ET"
ENPH,92.36,2024-12-20,75.00,-18.80%,3.2,71.8,28.64%,444,1428,72.86%,0.189308,76.14%,4.5%,27.6%,"15:06 ET"
ENPH,92.36,2024-11-08,80.00,-13.38%,2.84,77.16,19.70%,472,593,103.66%,0.222892,73.96%,3.7%,79.0%,"15:33 ET"
ENPH,92.36,2024-11-15,75.00,-18.80%,2.23,72.77,26.92%,502,1522,97.52%,0.16637,79.75%,3.1%,46.6%,"15:40 ET"
ENPH,92.36,2025-01-17,85.00,-7.97%,7.65,77.35,19.41%,582,2043,66.45%,0.327781,60.10%,9.9%,41.5%,"15:17 ET"
ENPH,92.36,2024-11-15,70.00,-24.21%,1.3,68.7,34.44%,585,912,99.83%,0.110908,86.06%,1.9%,28.8%,"15:40 ET"
ENPH,92.36,2024-11-15,65.00,-29.62%,0.73,64.27,43.71%,700,1625,100.85%,0.06698,91.28%,1.1%,17.3%,"15:42 ET"
ENPH,92.36,2025-01-17,75.00,-18.80%,4.05,70.95,30.18%,703,1674,67.94%,0.20514,73.49%,5.7%,23.9%,"15:32 ET"
ENPH,92.36,2025-01-17,60.00,-35.04%,1.19,58.81,57.05%,2282,3617,71.96%,0.075876,89.02%,2.0%,8.5%,"15:00 ET"
EQT,36.18,2025-01-17,33.00,-8.79%,1.07,31.93,13.31%,104,2314,35.66%,0.262367,70.14%,3.4%,14.1%,"14:52 ET"
ETN,344.06,2024-11-15,300.00,-12.81%,1.15,298.85,15.13%,391,981,38.91%,0.074472,91.52%,0.4%,5.9%,"15:38 ET"
ETN,344.06,2024-11-15,330.00,-4.09%,6.3,323.7,6.29%,553,1020,36.48%,0.304167,67.22%,1.9%,29.6%,"15:38 ET"
ETN,344.06,2024-11-15,290.00,-15.71%,0.6,289.4,18.89%,658,700,41.10%,0.045141,94.76%,0.2%,3.2%,"15:38 ET"
ETSY,49.41,2024-11-15,45.00,-8.93%,1.74,43.26,14.22%,111,1448,74.43%,0.274396,68.79%,4.0%,61.2%,"14:40 ET"
ETSY,49.41,2024-11-01,40.00,-19.04%,0.31,39.69,24.49%,117,964,97.96%,0.082015,90.37%,0.8%,28.5%,"15:24 ET"
EW,69.22,2024-11-15,60.00,-13.32%,0.6,59.4,16.53%,4015,7333,53.76%,0.128248,85.01%,1.0%,15.4%,"15:27 ET"
EW,69.22,2024-11-15,65.00,-6.10%,1.75,63.25,9.44%,4036,1248,52.64%,0.287113,67.94%,2.8%,42.1%,"15:39 ET"
EWJ,68.06,2024-11-15,60.00,-11.84%,0.15,59.85,13.72%,112,2869,35.27%,0.070738,91.83%,0.3%,3.8%,"14:00 ET"
EWW,53.13,2024-11-15,51.00,-4.01%,0.9,50.1,6.05%,151,12332,34.98%,0.299743,67.58%,1.8%,27.3%,"15:41 ET"
EWW,53.13,2024-11-15,52.00,-2.13%,1.2,50.8,4.59%,488,699,33.60%,0.375602,59.85%,2.4%,35.9%,"14:56 ET"
EWW,53.13,2024-11-15,50.00,-5.89%,0.65,49.35,7.66%,2907,43742,36.01%,0.233398,74.46%,1.3%,20.0%,"15:13 ET"
EWZ,28.08,2024-11-01,27.00,-3.85%,0.09,26.91,4.35%,1044,10728,25.15%,0.159527,82.70%,0.3%,12.2%,"13:45 ET"
EWZ,28.08,2024-12-20,26.00,-7.41%,0.55,25.45,10.33%,2036,82982,32.37%,0.245805,72.29%,2.2%,13.4%,"15:00 ET"
EWZ,28.08,2024-12-20,25.00,-10.97%,0.32,24.68,13.78%,2597,58930,33.08%,0.165747,80.88%,1.3%,8.0%,"15:10 ET"
EWZ,28.08,2025-01-17,25.00,-10.97%,0.43,24.57,14.29%,30014,99173,29.75%,0.180995,78.81%,1.8%,7.3%,"15:23 ET"
EWZ,28.08,2024-11-29,26.50,-5.63%,0.28,26.22,7.09%,176,631,25.51%,0.217838,75.91%,1.1%,10.3%,"14:36 ET"
EWZ,28.08,2024-11-01,27.50,-2.07%,0.18,27.32,2.78%,384,2001,23.45%,0.276796,70.46%,0.7%,24.0%,"14:57 ET"
EWZ,28.08,2024-11-15,27.00,-3.85%,0.3,26.7,5.17%,498,15467,26.44%,0.260132,71.85%,1.1%,17.1%,"15:29 ET"
EWZ,28.08,2024-11-08,27.00,-3.85%,0.23,26.77,4.89%,555,502,28.17%,0.240755,74.05%,0.9%,18.4%,"13:11 ET"
EXEL,28.86,2025-01-17,26.00,-9.91%,0.65,25.35,13.85%,292,1077,35.09%,0.225866,72.88%,2.6%,10.8%,"11:14 ET"
FAST,76.79,2025-01-17,64.62,-15.85%,0.4,64.22,19.57%,200,1902,27.59%,0.080648,89.99%,0.6%,2.6%,"11:01 ET"
FCX,48.65,2024-12-20,40.00,-17.78%,0.3,39.7,22.54%,121,6722,38.35%,0.082316,89.79%,0.8%,4.7%,"15:40 ET"
FCX,48.65,2024-12-20,48.00,-1.34%,2.23,45.77,6.29%,140,666,35.34%,0.418339,53.77%,4.9%,30.1%,"15:41 ET"
FCX,48.65,2025-01-17,47.00,-3.39%,2.29,44.71,8.81%,159,4420,34.95%,0.368751,58.01%,5.1%,21.5%,"14:30 ET"
FCX,48.65,2025-01-17,45.00,-7.50%,1.53,43.47,11.92%,164,15456,35.19%,0.277606,67.50%,3.5%,14.8%,"15:33 ET"
FCX,48.65,2024-11-15,47.00,-3.39%,1.05,45.95,5.88%,181,7072,37.92%,0.331773,63.87%,2.3%,34.8%,"15:39 ET"
FCX,48.65,2024-12-20,41.00,-15.72%,0.4,40.6,19.83%,202,2167,38.25%,0.108967,86.70%,1.0%,6.1%,"15:33 ET"
FCX,48.65,2025-01-17,40.00,-17.78%,0.49,39.51,23.13%,239,16924,37.08%,0.110715,86.03%,1.2%,5.2%,"15:33 ET"
FCX,48.65,2024-11-15,46.00,-5.45%,0.77,45.23,7.56%,240,1469,38.58%,0.258703,71.44%,1.7%,25.9%,"15:33 ET"
FCX,48.65,2024-11-15,43.00,-11.61%,0.26,42.74,13.83%,282,4013,41.15%,0.10505,87.90%,0.6%,9.3%,"15:41 ET"
FCX,48.65,2024-11-15,45.00,-7.50%,0.5,44.5,9.33%,2101,8215,38.42%,0.191289,78.57%,1.1%,17.1%,"15:42 ET"
FCX,48.65,2024-11-15,48.00,-1.34%,1.44,46.56,4.49%,2152,10492,37.22%,0.412941,55.60%,3.1%,47.0%,"15:25 ET"
FDX,270.83,2024-12-20,250.00,-7.69%,5.5,244.5,10.77%,420,869,33.34%,0.242981,72.48%,2.2%,13.9%,"13:03 ET"
FDX,270.83,2024-11-15,250.00,-7.69%,1.02,248.98,8.78%,546,1428,27.40%,0.115082,87.27%,0.4%,6.2%,"14:37 ET"
FERG,196.51,2024-12-20,180.00,-8.40%,3.4,176.6,11.27%,279,844,32.79%,0.225931,74.72%,1.9%,11.9%,"10:46 ET"
FIVE,90.51,2024-11-15,75.00,-17.14%,0.6,74.4,21.65%,171,2508,58.66%,0.089401,89.43%,0.8%,12.3%,"14:34 ET"
FLR,53.75,2024-11-15,52.50,-2.33%,1.9,50.6,6.23%,134,1022,47.28%,0.387089,57.69%,3.8%,57.1%,"15:05 ET"
FND,104.44,2024-11-15,85.00,-18.61%,0.65,84.35,23.82%,130,4793,66.03%,0.090503,88.81%,0.8%,11.7%,"11:42 ET"
FSLR,202.09,2025-01-17,150.00,-25.78%,5.3,144.7,39.66%,108,2262,67.40%,0.137376,81.75%,3.7%,15.4%,"13:29 ET"
FSLR,202.09,2024-11-01,200.00,-1.03%,7.9,192.1,5.20%,179,539,66.59%,0.448182,53.76%,4.1%,150.1%,"15:40 ET"
FSLR,202.09,2025-01-17,160.00,-20.83%,7.45,152.55,32.47%,215,8192,66.11%,0.182362,76.53%,4.9%,20.5%,"14:12 ET"
FSLR,202.09,2024-11-15,150.00,-25.78%,2.02,147.98,36.57%,357,1016,93.75%,0.08707,89.25%,1.4%,20.8%,"13:45 ET"
FSLR,202.09,2025-01-17,180.00,-10.93%,13.7,166.3,21.52%,519,4177,64.38%,0.292804,64.37%,8.2%,34.6%,"11:46 ET"
FSLR,202.09,2024-11-15,170.00,-15.88%,5.65,164.35,22.96%,931,1626,91.11%,0.196179,77.04%,3.4%,52.3%,"15:30 ET"
FSLR,202.09,2024-11-15,180.00,-10.93%,8.55,171.45,17.87%,1139,979,89.87%,0.269064,69.23%,5.0%,75.8%,"15:14 ET"
FSLR,202.09,2025-01-17,200.00,-1.03%,22.65,177.35,13.95%,4010,8702,63.25%,0.418789,51.34%,12.8%,53.6%,"13:28 ET"
FUTU,93.17,2024-11-01,90.00,-3.40%,2.49,87.51,6.47%,331,1502,65.41%,0.353358,62.54%,2.8%,103.9%,"13:12 ET"
FXI,32.01,2024-11-15,31.00,-3.16%,0.71,30.29,5.68%,183,56932,36.15%,0.344739,63.53%,2.3%,35.6%,"15:01 ET"
FXI,32.01,2024-11-01,31.00,-3.16%,0.36,30.64,4.47%,309,1920,36.59%,0.287824,70.17%,1.2%,42.9%,"15:40 ET"
FXI,32.01,2025-01-17,29.85,-6.75%,0.96,28.89,10.80%,533,7151,31.71%,0.289433,67.41%,3.3%,13.9%,"13:22 ET"
FXI,32.01,2024-11-01,31.50,-1.59%,0.53,30.97,3.36%,682,1480,37.16%,0.385216,60.30%,1.7%,62.5%,"15:35 ET"
FXI,32.01,2024-11-01,30.50,-4.72%,0.23,30.27,5.75%,1380,5067,36.72%,0.204494,78.67%,0.8%,27.7%,"15:24 ET"
FXI,32.01,2024-12-20,30.00,-6.28%,0.85,29.15,9.81%,3080,75956,34.61%,0.289674,67.94%,2.9%,18.0%,"15:34 ET"
FXI,32.01,2024-12-20,28.00,-12.53%,0.34,27.66,15.73%,7581,50003,34.66%,0.146987,83.16%,1.2%,7.6%,"15:34 ET"
FXI,32.01,2024-12-20,29.00,-9.40%,0.54,28.46,12.47%,10570,70803,34.21%,0.210131,76.36%,1.9%,11.7%,"15:34 ET"
FXI,32.01,2024-12-20,31.00,-3.16%,1.26,29.74,7.63%,11005,28814,35.58%,0.376949,58.87%,4.2%,26.2%,"15:34 ET"
FXI,32.01,2024-11-15,28.00,-12.53%,0.12,27.88,14.81%,23038,85383,39.53%,0.084027,90.67%,0.4%,6.5%,"14:26 ET"
FXI,32.01,2024-11-15,30.00,-6.28%,0.4,29.6,8.14%,25695,111567,36.36%,0.226701,75.66%,1.4%,20.6%,"15:31 ET"
FYBR,35.58,2024-11-15,32.50,-8.66%,0.15,32.35,9.98%,1533,2824,35.56%,0.144405,83.97%,0.5%,7.1%,"12:31 ET"
FYBR,35.58,2024-11-15,35.00,-1.63%,0.55,34.45,3.28%,308,3525,23.15%,0.368727,60.91%,1.6%,24.3%,"15:41 ET"
GAP,21.68,2024-11-15,21.00,-3.14%,0.81,20.19,7.38%,457,1475,52.10%,0.377566,59.43%,4.0%,61.0%,"15:09 ET"
GCT,26.66,2024-11-15,25.00,-6.23%,1.1,23.9,11.55%,228,3616,69.91%,0.32997,64.01%,4.6%,70.0%,"15:29 ET"
GDX,44.04,2024-11-15,41.50,-5.77%,0.65,40.85,7.81%,103,1223,38.03%,0.248183,72.88%,1.6%,24.2%,"15:02 ET"
GDX,44.04,2024-11-01,43.00,-2.36%,0.54,42.46,3.72%,110,632,34.60%,0.324323,66.18%,1.3%,46.4%,"14:51 ET"
GDX,44.04,2024-11-15,43.50,-1.23%,1.37,42.13,4.53%,139,2122,37.57%,0.422331,55.10%,3.3%,49.5%,"15:31 ET"
GDX,44.04,2025-01-17,35.00,-20.53%,0.23,34.77,26.66%,141,38322,34.59%,0.066182,91.32%,0.7%,2.8%,"14:05 ET"
GDX,44.04,2025-01-17,42.00,-4.63%,1.81,40.19,9.58%,198,2901,34.69%,0.339173,61.03%,4.5%,18.9%,"15:12 ET"
GDX,44.04,2024-11-01,43.50,-1.23%,0.73,42.77,2.97%,209,833,34.19%,0.399217,58.63%,1.7%,62.3%,"15:31 ET"
GDX,44.04,2024-11-15,38.00,-13.71%,0.13,37.87,16.29%,217,24556,40.42%,0.067107,92.27%,0.3%,5.2%,"14:56 ET"
GDX,44.04,2024-11-15,43.00,-2.36%,1.15,41.85,5.23%,269,2724,37.63%,0.375796,59.78%,2.7%,41.8%,"15:01 ET"
GDX,44.04,2025-01-17,43.00,-2.36%,2.25,40.75,8.07%,346,2281,35.10%,0.392833,55.55%,5.5%,23.2%,"15:11 ET"
GDX,44.04,2024-12-20,40.00,-9.17%,0.75,39.25,12.20%,398,7539,34.08%,0.207062,75.87%,1.9%,11.8%,"15:42 ET"
GDX,44.04,2024-12-20,35.00,-20.53%,0.11,34.89,26.23%,398,7193,35.94%,0.043718,94.41%,0.3%,2.0%,"13:57 ET"
GDX,44.04,2024-11-01,41.50,-5.77%,0.19,41.31,6.61%,750,1973,35.47%,0.146452,84.42%,0.5%,16.8%,"15:34 ET"
GDX,44.04,2024-11-01,41.00,-6.90%,0.13,40.87,7.76%,809,1166,36.83%,0.112324,87.97%,0.3%,11.6%,"15:33 ET"
GDX,44.04,2024-11-01,42.50,-3.50%,0.39,42.11,4.58%,852,1487,34.35%,0.253083,73.43%,0.9%,33.8%,"15:35 ET"
GDX,44.04,2024-11-15,42.00,-4.63%,0.8,41.2,6.89%,1065,2984,38.16%,0.289299,68.61%,1.9%,29.5%,"15:34 ET"
GDX,44.04,2025-01-17,39.00,-11.44%,0.84,38.16,15.41%,1208,2122,34.65%,0.195169,76.38%,2.2%,9.2%,"15:17 ET"
GDX,44.04,2025-01-17,40.00,-9.17%,1.11,38.89,13.24%,1422,7958,34.84%,0.240372,71.42%,2.9%,12.0%,"15:10 ET"
GDX,44.04,2024-11-01,42.00,-4.63%,0.28,41.72,5.56%,1426,682,34.81%,0.194184,79.48%,0.7%,24.5%,"15:33 ET"
GDX,44.04,2024-11-15,41.00,-6.90%,0.53,40.47,8.82%,1593,3190,38.17%,0.211154,76.76%,1.3%,19.9%,"15:41 ET"
GDX,44.04,2024-11-15,37.00,-15.99%,0.08,36.92,19.28%,2457,9865,42.75%,0.047916,94.40%,0.2%,3.3%,"15:08 ET"
GDX,44.04,2024-12-20,36.00,-18.26%,0.17,35.83,22.91%,3039,7993,35.44%,0.062622,92.14%,0.5%,2.9%,"14:05 ET"
GDX,44.04,2024-11-15,40.00,-9.17%,0.33,39.67,11.02%,12627,40851,38.67%,0.148516,83.40%,0.8%,12.7%,"15:31 ET"
GDXJ,55.28,2024-11-15,52.00,-5.93%,1.03,50.97,8.46%,152,954,42.90%,0.264038,71.09%,2.0%,30.7%,"15:33 ET"
GDXJ,55.28,2024-11-01,52.00,-5.93%,0.29,51.71,6.90%,159,661,38.92%,0.160642,82.88%,0.6%,20.5%,"14:50 ET"
GDXJ,55.28,2024-11-15,53.00,-4.12%,1.35,51.65,7.03%,353,787,42.68%,0.323144,64.98%,2.6%,39.8%,"15:29 ET"
GE,178.09,2024-11-08,170.00,-4.54%,1.86,168.14,5.92%,196,602,33.98%,0.248427,73.69%,1.1%,23.8%,"15:39 ET"
GE,178.09,2025-01-17,170.00,-4.54%,5.85,164.15,8.49%,235,1182,29.53%,0.328736,62.64%,3.6%,15.0%,"15:42 ET"
GE,178.09,2025-01-17,160.00,-10.16%,3.25,156.75,13.61%,240,1156,31.27%,0.203539,75.86%,2.1%,8.7%,"15:20 ET"
GE,178.09,2024-11-15,160.00,-10.16%,0.83,159.17,11.89%,245,1174,36.75%,0.115182,87.22%,0.5%,7.9%,"15:37 ET"
GE,178.09,2024-12-20,150.00,-15.77%,1.11,148.89,19.61%,266,535,35.27%,0.093651,88.70%,0.7%,4.6%,"15:41 ET"
GE,178.09,2024-11-15,155.00,-12.97%,0.52,154.48,15.28%,303,779,38.15%,0.068933,92.21%,0.3%,5.1%,"15:31 ET"
GE,178.09,2025-01-17,140.00,-21.39%,0.94,139.06,28.07%,379,2171,36.08%,0.066575,91.41%,0.7%,2.8%,"15:38 ET"
GE,178.09,2024-12-20,165.00,-7.35%,3.25,161.75,10.10%,414,666,31.09%,0.238155,72.93%,2.0%,12.4%,"15:29 ET"
GE,178.09,2024-12-20,160.00,-10.16%,2.28,157.72,12.92%,442,1337,32.12%,0.175368,79.65%,1.4%,8.9%,"15:42 ET"
GE,178.09,2024-12-20,175.00,-1.74%,6.3,168.7,5.57%,640,974,29.02%,0.403444,55.96%,3.7%,23.1%,"15:40 ET"
GE,178.09,2024-12-20,170.00,-4.54%,4.55,165.45,7.64%,819,1545,29.93%,0.313776,65.04%,2.8%,17.0%,"15:34 ET"
GE,178.09,2024-11-15,165.00,-7.35%,1.54,163.46,8.95%,956,2721,34.69%,0.179197,80.46%,0.9%,14.3%,"15:39 ET"
GE,178.09,2025-01-17,175.00,-1.74%,7.65,167.35,6.42%,1101,1116,28.69%,0.404489,54.97%,4.6%,19.2%,"15:39 ET"
GE,178.09,2024-11-15,175.00,-1.74%,4.15,170.85,4.24%,1548,943,32.37%,0.39503,58.35%,2.4%,36.9%,"15:42 ET"
GE,178.09,2024-11-15,170.00,-4.54%,2.59,167.41,6.38%,2113,2098,33.42%,0.274017,70.63%,1.5%,23.5%,"15:37 ET"
GEHC,89.25,2025-01-17,85.00,-4.76%,2.6,82.4,8.31%,2002,1585,28.45%,0.313032,63.73%,3.2%,13.2%,"15:32 ET"
GEV,276.07,2024-11-15,210.00,-23.93%,0.55,209.45,31.81%,153,1501,62.52%,0.034949,95.60%,0.3%,4.0%,"14:17 ET"
GILD,87.94,2025-01-17,70.00,-20.40%,0.29,69.71,26.15%,110,3690,31.54%,0.055497,93.08%,0.4%,1.7%,"12:46 ET"
GILD,87.94,2024-11-15,85.00,-3.34%,1.41,83.59,5.20%,289,1491,30.91%,0.308414,66.61%,1.7%,25.7%,"15:28 ET"
GLD,253.77,2024-11-15,251.00,-1.09%,3.1,247.9,2.37%,100,1934,17.80%,0.380491,59.50%,1.3%,19.0%,"15:37 ET"
GLD,253.77,2024-11-01,244.00,-3.85%,0.31,243.69,4.14%,103,1166,18.00%,0.087925,90.62%,0.1%,4.6%,"14:46 ET"
GLD,253.77,2024-11-01,240.00,-5.43%,0.15,239.85,5.80%,109,1364,20.32%,0.045079,95.14%,0.1%,2.3%,"15:25 ET"
GLD,253.77,2024-12-20,215.00,-15.28%,0.15,214.85,18.12%,115,1487,21.05%,0.018677,97.50%,0.1%,0.4%,"15:24 ET"
GLD,253.77,2024-11-15,249.00,-1.88%,2.41,246.59,2.91%,117,677,17.87%,0.315384,66.06%,1.0%,14.9%,"15:42 ET"
GLD,253.77,2024-12-31,240.00,-5.43%,1.7,238.3,6.49%,118,1696,15.99%,0.174188,78.71%,0.7%,3.7%,"15:20 ET"
GLD,253.77,2024-11-15,246.00,-3.06%,1.61,244.39,3.84%,124,655,18.24%,0.23161,74.69%,0.7%,10.0%,"15:42 ET"
GLD,253.77,2025-01-17,240.00,-5.43%,2.06,237.94,6.65%,126,2813,15.77%,0.188671,76.56%,0.9%,3.6%,"15:11 ET"
GLD,253.77,2024-12-20,245.00,-3.46%,2.59,242.41,4.69%,126,3095,16.29%,0.254664,70.44%,1.1%,6.6%,"15:41 ET"
GLD,253.77,2024-11-15,242.00,-4.64%,0.91,241.09,5.26%,131,901,18.72%,0.144581,83.88%,0.4%,5.7%,"15:34 ET"
GLD,253.77,2024-11-01,242.50,-4.44%,0.23,242.27,4.75%,147,510,18.87%,0.068064,92.71%,0.1%,3.5%,"12:46 ET"
GLD,253.77,2024-11-15,235.00,-7.40%,0.35,234.65,8.15%,150,7559,20.38%,0.061616,92.93%,0.1%,2.3%,"15:40 ET"
GLD,253.77,2025-01-17,231.00,-8.97%,0.9,230.1,10.29%,152,3334,16.52%,0.092099,87.81%,0.4%,1.6%,"13:54 ET"
GLD,253.77,2024-12-20,235.00,-7.40%,0.9,234.1,8.40%,157,20571,17.10%,0.106347,86.81%,0.4%,2.4%,"15:37 ET"
GLD,253.77,2024-11-15,243.00,-4.24%,1.05,241.95,4.89%,178,1131,18.49%,0.162334,81.98%,0.4%,6.6%,"15:31 ET"
GLD,253.77,2024-11-15,232.00,-8.58%,0.25,231.75,9.50%,183,3740,21.37%,0.04394,94.91%,0.1%,1.6%,"15:16 ET"
GLD,253.77,2024-11-15,248.00,-2.27%,2.12,245.88,3.21%,186,1519,18.03%,0.285925,69.06%,0.9%,13.1%,"15:30 ET"
GLD,253.77,2024-12-20,240.00,-5.43%,1.53,238.47,6.42%,188,2236,16.58%,0.167406,79.87%,0.6%,4.0%,"15:41 ET"
GLD,253.77,2024-12-20,238.00,-6.21%,1.24,236.76,7.18%,192,1479,16.82%,0.140782,82.87%,0.5%,3.2%,"14:41 ET"
GLD,253.77,2024-11-15,247.00,-2.67%,1.84,245.16,3.51%,194,2268,18.10%,0.257551,71.99%,0.8%,11.4%,"15:35 ET"
GLD,253.77,2024-11-15,241.00,-5.03%,0.79,240.21,5.65%,202,587,18.90%,0.127982,85.66%,0.3%,5.0%,"15:38 ET"
GLD,253.77,2025-01-17,220.00,-13.31%,0.36,219.64,15.54%,231,8594,18.19%,0.038662,94.60%,0.2%,0.7%,"14:37 ET"
GLD,253.77,2024-11-01,245.00,-3.46%,0.38,244.62,3.74%,231,1050,17.55%,0.10637,88.70%,0.2%,5.7%,"15:27 ET"
GLD,253.77,2024-11-01,242.00,-4.64%,0.21,241.79,4.95%,239,4647,18.94%,0.060534,93.51%,0.1%,3.2%,"14:44 ET"
GLD,253.77,2024-12-20,230.00,-9.37%,0.54,229.46,10.59%,352,6699,17.86%,0.067123,91.46%,0.2%,1.5%,"15:32 ET"
GLD,253.77,2025-01-17,250.00,-1.49%,5,245,3.58%,373,3644,15.72%,0.369991,57.73%,2.0%,8.6%,"15:34 ET"
GLD,253.77,2024-11-01,241.00,-5.03%,0.18,240.82,5.38%,389,501,19.68%,0.052535,94.35%,0.1%,2.7%,"12:53 ET"
GLD,253.77,2024-11-15,240.00,-5.43%,0.69,239.31,6.04%,407,14874,19.22%,0.1145,87.12%,0.3%,4.4%,"15:38 ET"
GLD,253.77,2024-12-20,250.00,-1.49%,4.2,245.8,3.24%,433,919,16.18%,0.365759,59.10%,1.7%,10.6%,"15:39 ET"
GLD,253.77,2024-12-31,235.00,-7.40%,1.02,233.98,8.46%,434,862,16.48%,0.113581,85.64%,0.4%,2.3%,"14:42 ET"
GLD,253.77,2024-11-15,250.00,-1.49%,2.74,247.26,2.63%,435,17537,17.80%,0.347171,62.85%,1.1%,16.9%,"15:40 ET"
GLD,253.77,2024-11-08,233.00,-8.18%,0.16,232.84,8.99%,441,1159,22.55%,0.035182,96.03%,0.1%,1.5%,"13:01 ET"
GLD,253.77,2024-12-20,221.00,-12.91%,0.24,220.76,14.95%,451,518,19.62%,0.030164,96.02%,0.1%,0.7%,"12:11 ET"
GLD,253.77,2024-11-15,226.00,-10.94%,0.13,225.87,12.35%,688,1952,23.35%,0.022504,97.35%,0.1%,0.9%,"13:53 ET"
GLD,253.77,2024-11-01,250.00,-1.49%,1.16,248.84,1.98%,1316,2794,16.24%,0.277507,71.12%,0.5%,17.0%,"15:41 ET"
GLD,253.77,2025-01-17,235.00,-7.40%,1.29,233.71,8.58%,1385,4537,16.11%,0.12761,83.57%,0.6%,2.3%,"15:20 ET"
GLD,253.77,2024-11-15,230.00,-9.37%,0.2,229.8,10.43%,1395,19990,21.97%,0.034716,95.96%,0.1%,1.3%,"15:21 ET"
GLD,253.77,2025-01-17,225.00,-11.34%,0.53,224.47,13.05%,1749,12565,17.38%,0.057135,92.19%,0.2%,1.0%,"14:22 ET"
GLD,253.77,2024-11-15,245.00,-3.46%,1.4,243.6,4.17%,3038,2789,18.31%,0.20651,77.31%,0.6%,8.7%,"15:42 ET"
GLD,253.77,2025-01-17,230.00,-9.37%,0.82,229.18,10.73%,3071,15248,16.78%,0.086628,88.50%,0.4%,1.5%,"14:48 ET"
GLD,253.77,2024-11-22,240.00,-5.43%,0.84,239.16,6.11%,4797,19372,18.05%,0.125748,85.56%,0.4%,4.1%,"14:19 ET"
GLD,253.77,2024-12-20,225.00,-11.34%,0.35,224.65,12.96%,7922,27995,18.97%,0.044231,94.26%,0.2%,1.0%,"15:40 ET"
GM,54.03,2024-11-15,52.50,-2.83%,1.14,51.36,5.20%,646,576,33.64%,0.352776,63.04%,2.2%,33.8%,"15:28 ET"
GM,54.03,2025-01-17,48.00,-11.16%,0.98,47.02,14.91%,770,1953,32.58%,0.193869,77.15%,2.1%,8.7%,"15:37 ET"
GM,54.03,2024-11-15,50.00,-7.46%,0.53,49.47,9.22%,839,7615,36.21%,0.188202,79.81%,1.1%,16.3%,"15:33 ET"
GM,54.03,2024-11-15,48.00,-11.16%,0.28,47.72,13.22%,1329,2286,38.51%,0.105408,88.46%,0.6%,8.9%,"15:23 ET"
GM,54.03,2024-12-20,46.00,-14.86%,0.44,45.56,18.59%,1615,2601,35.88%,0.112227,86.77%,1.0%,6.0%,"15:34 ET"
GM,54.03,2025-01-17,47.00,-13.01%,0.8,46.2,16.95%,1734,1130,33.18%,0.163084,80.52%,1.7%,7.3%,"15:10 ET"
GM,54.03,2024-12-20,50.00,-7.46%,1.11,48.89,10.51%,1886,1378,32.90%,0.248417,72.11%,2.3%,14.0%,"15:25 ET"
GM,54.03,2025-01-17,40.00,-25.97%,0.21,39.79,35.79%,105,16633,40.14%,0.047665,93.75%,0.5%,2.2%,"13:50 ET"
GM,54.03,2024-12-20,45.00,-16.71%,0.35,44.65,21.01%,137,3697,37.17%,0.092587,88.95%,0.8%,4.8%,"15:36 ET"
GM,54.03,2025-01-17,42.00,-22.27%,0.3,41.7,29.57%,158,6657,37.57%,0.066509,91.51%,0.7%,3.0%,"12:50 ET"
GM,54.03,2024-12-20,49.00,-9.31%,0.88,48.12,12.28%,166,2875,33.23%,0.204385,76.77%,1.8%,11.3%,"15:25 ET"
GM,54.03,2025-01-17,43.00,-20.41%,0.36,42.64,26.71%,214,3868,36.60%,0.079908,89.94%,0.8%,3.5%,"13:38 ET"
GM,54.03,2024-12-20,40.00,-25.97%,0.13,39.87,35.52%,234,2086,43.92%,0.03484,95.57%,0.3%,2.0%,"15:34 ET"
GM,54.03,2024-11-15,45.00,-16.71%,0.12,44.88,20.39%,240,9526,43.87%,0.045976,94.80%,0.3%,4.1%,"14:49 ET"
GM,54.03,2025-01-17,45.00,-16.71%,0.53,44.47,21.50%,266,3240,34.38%,0.112435,86.21%,1.2%,5.0%,"14:37 ET"
GM,54.03,2024-11-15,43.00,-20.41%,0.07,42.93,25.86%,273,4767,48.80%,0.029355,96.60%,0.2%,2.5%,"15:19 ET"
GM,54.03,2024-11-15,44.00,-18.56%,0.09,43.91,23.05%,344,5624,45.62%,0.034596,96.04%,0.2%,3.1%,"15:40 ET"
GM,54.03,2025-01-17,50.00,-7.46%,1.45,48.55,11.29%,350,2770,31.59%,0.26776,69.24%,3.0%,12.5%,"15:04 ET"
GM,54.03,2024-12-20,43.00,-20.41%,0.22,42.78,26.30%,357,1177,39.80%,0.06272,92.32%,0.5%,3.2%,"15:40 ET"
GM,54.03,2024-11-15,46.00,-14.86%,0.15,45.85,17.84%,421,1678,42.14%,0.060973,93.18%,0.3%,5.0%,"15:08 ET"
GM,54.03,2024-11-15,47.00,-13.01%,0.2,46.8,15.45%,444,3409,40.73%,0.08219,90.90%,0.4%,6.5%,"15:24 ET"
GM,54.03,2025-01-17,46.00,-14.86%,0.65,45.35,19.14%,450,1369,33.99%,0.137288,83.38%,1.4%,6.0%,"15:36 ET"
GM,54.03,2025-01-17,44.00,-18.56%,0.43,43.57,24.01%,451,941,35.12%,0.092899,88.45%,1.0%,4.1%,"14:31 ET"
GM,54.03,2024-12-20,42.00,-22.27%,0.18,41.82,29.20%,457,3017,41.33%,0.052255,93.52%,0.4%,2.7%,"12:50 ET"
GM,54.03,2025-01-17,49.00,-9.31%,1.19,47.81,13.01%,461,1417,32.09%,0.229018,73.36%,2.5%,10.4%,"15:11 ET"
GME,20.87,2024-11-01,20.50,-1.77%,0.34,20.16,3.52%,598,941,39.32%,0.391933,60.83%,1.7%,61.6%,"15:33 ET"
GOLD,21.24,2024-11-15,21.00,-1.13%,0.65,20.35,4.37%,109,1850,36.18%,0.43296,54.87%,3.2%,48.6%,"14:29 ET"
GOLD,21.24,2024-12-20,21.00,-1.13%,1.01,19.99,6.25%,500,1963,34.48%,0.433057,53.27%,5.1%,31.3%,"15:36 ET"
GOOG,166.4,2024-12-20,145.00,-12.86%,1.34,143.66,15.83%,138,3270,32.38%,0.120244,85.48%,0.9%,5.8%,"15:19 ET"
GOOG,166.4,2025-01-17,155.00,-6.85%,3.95,151.05,10.16%,139,2971,28.79%,0.261309,69.32%,2.6%,11.0%,"14:36 ET"
GOOG,166.4,2024-12-20,140.00,-15.87%,0.85,139.15,19.58%,139,3857,33.63%,0.081469,89.93%,0.6%,3.8%,"15:09 ET"
GOOG,166.4,2024-11-15,150.00,-9.86%,1.12,148.88,11.77%,142,7546,38.81%,0.131292,85.14%,0.8%,11.4%,"15:39 ET"
GOOG,166.4,2024-11-01,155.00,-6.85%,1.11,153.89,8.13%,148,1396,46.14%,0.162534,82.37%,0.7%,26.3%,"15:40 ET"
GOOG,166.4,2024-12-20,150.00,-9.86%,2.08,147.92,12.49%,154,6192,31.42%,0.174627,79.43%,1.4%,8.7%,"15:39 ET"
GOOG,166.4,2024-11-15,145.00,-12.86%,0.64,144.36,15.27%,162,8197,40.59%,0.080498,90.70%,0.4%,6.7%,"15:33 ET"
GOOG,166.4,2025-01-17,150.00,-9.86%,2.75,147.25,13.01%,168,7350,29.48%,0.195492,76.45%,1.9%,7.8%,"15:31 ET"
GOOG,166.4,2024-12-20,160.00,-3.85%,4.7,155.3,7.15%,171,6116,30.25%,0.332591,62.64%,3.0%,18.7%,"15:35 ET"
GOOG,166.4,2024-11-01,150.00,-9.86%,0.49,149.51,11.30%,186,3134,47.19%,0.083211,90.80%,0.3%,12.0%,"15:29 ET"
GOOG,166.4,2024-12-20,155.00,-6.85%,3.15,151.85,9.58%,215,3797,30.77%,0.246216,71.69%,2.1%,12.8%,"15:39 ET"
GOOG,166.4,2024-11-15,155.00,-6.85%,1.96,153.04,8.73%,239,5720,37.64%,0.208502,76.89%,1.3%,19.5%,"15:35 ET"
GOOG,166.4,2024-11-01,160.00,-3.85%,2.33,157.67,5.54%,344,1426,46.26%,0.285514,69.58%,1.5%,53.9%,"15:31 ET"
GOOGL,164.74,2025-01-17,155.00,-5.91%,4.35,150.65,9.35%,107,9658,28.78%,0.285415,66.78%,2.9%,12.1%,"14:04 ET"
GOOGL,164.74,2024-11-01,150.00,-8.95%,0.64,149.36,10.30%,147,1668,46.90%,0.103204,88.64%,0.4%,15.6%,"15:14 ET"
GOOGL,164.74,2024-11-15,155.00,-5.91%,2.34,152.66,7.91%,159,11386,37.57%,0.239076,73.65%,1.5%,23.3%,"15:42 ET"
GOOGL,164.74,2024-11-15,115.00,-30.19%,0.07,114.93,43.34%,160,1356,61.52%,0.008756,98.87%,0.1%,0.9%,"15:24 ET"
GOOGL,164.74,2024-12-20,140.00,-15.02%,0.95,139.05,18.48%,170,11355,33.13%,0.090265,88.91%,0.7%,4.2%,"14:51 ET"
GOOGL,164.74,2024-11-01,162.50,-1.36%,3.9,158.6,3.87%,235,1563,46.79%,0.408527,57.02%,2.5%,89.8%,"15:33 ET"
GOOGL,164.74,2024-11-01,157.50,-4.39%,2.06,155.44,5.98%,240,605,46.21%,0.260212,72.16%,1.3%,48.4%,"15:36 ET"
GOOGL,164.74,2024-11-08,160.00,-2.88%,3.5,156.5,5.27%,251,1257,40.97%,0.345941,62.94%,2.2%,48.0%,"15:32 ET"
GOOGL,164.74,2024-12-20,155.00,-5.91%,3.55,151.45,8.78%,271,6317,30.91%,0.273242,68.81%,2.3%,14.5%,"15:30 ET"
GOOGL,164.74,2024-11-15,150.00,-8.95%,1.33,148.67,10.81%,289,27663,38.56%,0.152451,82.84%,0.9%,13.6%,"15:41 ET"
GOOGL,164.74,2024-11-01,160.00,-2.88%,2.88,157.12,4.85%,296,3099,46.57%,0.332274,64.76%,1.8%,66.9%,"15:36 ET"
GOOGL,164.74,2025-01-17,160.00,-2.88%,6.1,153.9,7.04%,327,16000,28.37%,0.36694,58.35%,4.0%,16.6%,"14:42 ET"
GOOGL,164.74,2024-12-20,160.00,-2.88%,5.25,154.75,6.46%,459,7224,30.19%,0.363426,59.50%,3.4%,21.0%,"15:40 ET"
GOOGL,164.74,2024-12-20,145.00,-11.98%,1.51,143.49,14.81%,493,11502,32.13%,0.134687,83.85%,1.1%,6.5%,"15:39 ET"
GOOGL,164.74,2025-01-17,140.00,-15.02%,1.43,138.57,18.89%,553,14625,31.01%,0.11221,85.88%,1.0%,4.3%,"15:14 ET"
GOOGL,164.74,2024-12-20,150.00,-8.95%,2.37,147.63,11.59%,559,12750,31.34%,0.195238,77.16%,1.6%,9.9%,"15:39 ET"
GOOGL,164.74,2024-11-15,160.00,-2.88%,3.85,156.15,5.50%,582,12915,37.08%,0.351131,62.06%,2.5%,37.5%,"15:43 ET"
GOOGL,164.74,2024-12-20,130.00,-21.09%,0.4,129.6,27.11%,761,11247,36.17%,0.040159,94.83%,0.3%,1.9%,"15:35 ET"
GOOGL,164.74,2025-01-17,150.00,-8.95%,3.05,146.95,12.11%,900,11089,29.40%,0.214808,74.32%,2.1%,8.7%,"14:52 ET"
GOOGL,164.74,2024-11-01,145.00,-11.98%,0.3,144.7,13.85%,933,3576,49.07%,0.051711,94.19%,0.2%,7.6%,"15:31 ET"
GOOGL,164.74,2025-01-17,145.00,-11.98%,2.1,142.9,15.28%,1513,12278,30.09%,0.156842,80.75%,1.5%,6.2%,"15:05 ET"
GOOGL,164.74,2024-11-01,155.00,-5.91%,1.42,153.58,7.27%,1618,1915,46.58%,0.198795,78.53%,0.9%,33.7%,"15:20 ET"
GOOGL,164.74,2024-12-20,135.00,-18.05%,0.6,134.4,22.57%,1923,10144,34.45%,0.059833,92.47%,0.4%,2.8%,"15:14 ET"
GS,518.78,2024-11-15,460.00,-11.33%,1.08,458.92,13.04%,215,1188,31.46%,0.06042,93.20%,0.2%,3.6%,"13:25 ET"
GUSH,29.38,2024-11-15,22.00,-25.12%,0.1,21.9,34.16%,1301,510,75.76%,0.057239,93.18%,0.5%,6.9%,"15:41 ET"
GXO,60.83,2024-11-15,60.00,-1.36%,1.65,58.35,4.25%,199,2384,37.51%,0.422292,55.68%,2.8%,43.0%,"14:52 ET"
HAL,28.26,2025-01-17,27.00,-4.46%,1.24,25.76,9.70%,250,4437,35.06%,0.351604,60.51%,4.8%,20.2%,"11:10 ET"
HAL,28.26,2025-01-17,25.00,-11.54%,0.64,24.36,16.01%,1001,9543,36.44%,0.209612,75.46%,2.6%,11.0%,"15:33 ET"
HAL,28.26,2024-11-15,27.00,-4.46%,0.55,26.45,6.84%,2571,2193,38.01%,0.299264,68.01%,2.1%,31.6%,"15:36 ET"
HD,402.08,2024-11-15,300.00,-25.39%,0.2,299.8,34.12%,103,1384,53.72%,0.013294,98.33%,0.1%,1.0%,"11:57 ET"
HD,402.08,2024-11-15,380.00,-5.49%,3.45,376.55,6.78%,106,767,29.22%,0.202703,77.45%,0.9%,13.9%,"15:41 ET"
HD,402.08,2024-11-15,390.00,-3.00%,5.65,384.35,4.61%,145,905,27.48%,0.30484,66.74%,1.5%,22.4%,"15:34 ET"
HD,402.08,2025-01-17,360.00,-10.47%,4.3,355.7,13.04%,447,1051,25.65%,0.157393,81.13%,1.2%,5.1%,"14:05 ET"
HLT,238.4,2024-11-15,230.00,-3.52%,3.1,226.9,5.07%,2778,741,28.72%,0.284748,68.69%,1.4%,20.8%,"15:42 ET"
HOG,34.37,2024-11-15,30.00,-12.71%,0.4,29.6,16.11%,117,1242,56.82%,0.150916,82.47%,1.4%,20.6%,"13:12 ET"
HOG,34.37,2024-11-15,32.00,-6.90%,0.8,31.2,10.16%,170,7133,52.72%,0.266293,70.14%,2.6%,39.0%,"14:46 ET"
HON,222.63,2025-01-17,195.00,-12.41%,1.25,193.75,14.91%,161,1230,24.55%,0.110563,86.55%,0.6%,2.7%,"13:43 ET"
HON,222.63,2025-01-17,210.00,-5.67%,3.7,206.3,7.92%,7993,1223,21.97%,0.254736,70.70%,1.8%,7.5%,"15:39 ET"
HOOD,27.5,2024-11-08,20.50,-25.45%,0.13,20.37,35.00%,100,700,92.38%,0.057276,92.97%,0.6%,13.7%,"12:04 ET"
HOOD,27.5,2024-11-01,24.00,-12.73%,0.33,23.67,16.18%,101,658,87.90%,0.156454,82.53%,1.4%,50.9%,"15:07 ET"
HOOD,27.5,2024-11-15,25.00,-9.09%,1.04,23.96,14.77%,107,3107,77.73%,0.278931,68.37%,4.3%,66.0%,"15:30 ET"
HOOD,27.5,2024-11-01,22.00,-20.00%,0.11,21.89,25.63%,131,859,92.33%,0.062103,92.79%,0.5%,18.3%,"14:38 ET"
HOOD,27.5,2024-11-15,27.00,-1.82%,1.89,25.11,9.52%,145,1737,78.55%,0.421224,53.63%,7.5%,114.5%,"15:39 ET"
HOOD,27.5,2024-11-15,24.00,-12.73%,0.74,23.26,18.23%,192,2364,77.82%,0.214626,75.24%,3.2%,48.4%,"15:30 ET"
HOOD,27.5,2024-11-15,23.00,-16.36%,0.51,22.49,22.28%,198,2972,79.73%,0.162347,80.90%,2.3%,34.5%,"13:46 ET"
HOOD,27.5,2024-11-01,25.00,-9.09%,0.54,24.46,12.43%,210,10660,86.06%,0.22938,74.83%,2.2%,80.6%,"15:42 ET"
HOOD,27.5,2024-11-01,23.00,-16.36%,0.19,22.81,20.56%,240,662,88.82%,0.098553,88.79%,0.8%,30.4%,"15:41 ET"
HOOD,27.5,2024-11-01,26.00,-5.45%,0.87,25.13,9.43%,296,840,85.26%,0.319786,65.45%,3.5%,126.4%,"15:39 ET"
HOOD,27.5,2024-11-01,27.00,-1.82%,1.28,25.72,6.92%,298,611,85.35%,0.420575,55.17%,5.0%,181.6%,"15:36 ET"
HYG,79.36,2024-11-15,78.50,-1.08%,0.19,78.31,1.34%,578,843,8.27%,0.263557,69.62%,0.2%,3.7%,"13:00 ET"
HYG,79.36,2024-11-15,77.00,-2.97%,0.07,76.93,3.16%,885,236853,9.82%,0.095257,88.48%,0.1%,1.4%,"15:30 ET"
HYG,79.36,2025-01-17,78.00,-1.71%,0.48,77.52,2.37%,1567,74143,9.01%,0.288375,65.28%,0.6%,2.6%,"12:14 ET"
HYG,79.36,2024-11-15,78.00,-1.71%,0.15,77.85,1.94%,5193,88085,8.30%,0.174991,79.16%,0.2%,2.9%,"15:16 ET"
HYG,79.36,2024-12-20,74.00,-6.75%,0.12,73.88,7.42%,10459,187320,12.89%,0.070118,91.13%,0.2%,1.0%,"15:41 ET"
HYG,79.36,2024-12-20,77.00,-2.97%,0.22,76.78,3.36%,20000,160619,9.18%,0.165945,79.34%,0.3%,1.8%,"11:55 ET"
HYG,79.36,2024-12-20,78.00,-1.71%,0.4,77.6,2.27%,32805,132353,8.64%,0.25789,69.05%,0.5%,3.2%,"15:30 ET"
HYG,79.36,2024-12-20,76.00,-4.23%,0.13,75.87,4.60%,42539,61790,10.28%,0.116928,85.24%,0.2%,1.1%,"12:40 ET"
IBB,143.77,2025-01-17,130.00,-9.58%,1.5,128.5,11.88%,122,548,24.50%,0.16226,80.00%,1.2%,4.9%,"15:10 ET"
IBM,232.61,2024-12-20,200.00,-14.02%,1.18,198.82,17.00%,110,1567,30.03%,0.088856,89.45%,0.6%,3.7%,"15:01 ET"
IBM,232.61,2024-11-15,190.00,-18.32%,0.3,189.7,22.62%,114,2946,43.35%,0.028898,96.56%,0.2%,2.4%,"14:03 ET"
IBM,232.61,2024-11-15,210.00,-9.72%,1.56,208.44,11.60%,146,5149,38.35%,0.132848,85.08%,0.7%,11.4%,"15:25 ET"
IBM,232.61,2024-11-15,200.00,-14.02%,0.68,199.32,16.70%,170,1117,41.29%,0.066525,92.32%,0.3%,5.2%,"15:17 ET"
IBM,232.61,2024-12-20,205.00,-11.87%,1.72,203.28,14.43%,193,528,29.50%,0.122682,85.66%,0.8%,5.2%,"15:04 ET"
IBM,232.61,2024-11-15,230.00,-1.12%,7.35,222.65,4.47%,205,2405,37.58%,0.425095,54.66%,3.3%,50.2%,"15:27 ET"
IBM,232.61,2025-01-17,220.00,-5.42%,5.95,214.05,8.67%,314,1869,26.54%,0.294836,66.64%,2.8%,11.7%,"13:49 ET"
IBM,232.61,2025-01-17,215.00,-7.57%,4.5,210.5,10.50%,610,8438,26.80%,0.238201,72.63%,2.1%,9.0%,"15:16 ET"
IBM,232.61,2024-11-15,220.00,-5.42%,3.6,216.4,7.49%,642,8668,37.70%,0.258117,71.79%,1.7%,25.3%,"15:29 ET"
IBN,29.77,2024-11-15,29.00,-2.59%,0.35,28.65,3.91%,101,818,24.87%,0.31509,65.95%,1.2%,18.6%,"14:04 ET"
IEF,95.11,2024-12-20,90.00,-5.37%,0.13,89.87,5.83%,200,5022,11.35%,0.084578,88.70%,0.1%,0.9%,"15:00 ET"
IEF,95.11,2024-12-20,92.00,-3.27%,0.32,91.68,3.74%,4415,2524,10.11%,0.160975,79.33%,0.3%,2.2%,"14:31 ET"
IGV,92.21,2025-01-17,90.00,-2.40%,2.35,87.65,5.20%,228,3160,21.05%,0.358498,59.33%,2.7%,11.2%,"15:02 ET"
INDA,55.6,2024-12-20,54.00,-2.88%,0.7,53.3,4.32%,390,36458,17.64%,0.294479,65.97%,1.3%,8.1%,"13:20 ET"
INDA,55.6,2024-11-15,54.00,-2.88%,0.45,53.55,3.83%,1474,3666,19.99%,0.256854,71.56%,0.8%,12.8%,"14:23 ET"
INTC,22.35,2024-11-15,21.00,-6.04%,0.94,20.06,11.42%,849,14009,70.68%,0.326749,63.45%,4.7%,71.3%,"15:21 ET"
INTC,22.35,2024-11-01,22.00,-1.57%,1.01,20.99,6.48%,1669,4366,81.56%,0.422087,54.65%,4.8%,175.6%,"15:42 ET"
INTC,22.35,2024-11-08,22.00,-1.57%,1.19,20.81,7.40%,126,921,73.94%,0.423928,53.94%,5.7%,122.8%,"15:29 ET"
INTC,22.35,2024-12-20,21.00,-6.04%,1.35,19.65,13.74%,164,21256,57.97%,0.342423,60.54%,6.9%,42.5%,"15:38 ET"
INTC,22.35,2024-12-20,22.00,-1.57%,1.8,20.2,10.64%,188,30814,57.71%,0.418522,52.71%,8.9%,55.1%,"15:29 ET"
INTC,22.35,2024-11-08,21.00,-6.04%,0.78,20.22,10.53%,362,1123,73.91%,0.314258,65.20%,3.9%,82.8%,"15:31 ET"
INTC,22.35,2024-11-01,20.50,-8.28%,0.46,20.04,11.53%,438,1158,83.59%,0.240184,73.38%,2.3%,83.8%,"14:56 ET"
INTC,22.35,2024-11-01,21.50,-3.80%,0.8,20.7,7.97%,444,3281,83.06%,0.358384,61.10%,3.9%,141.1%,"14:44 ET"
INTC,22.35,2024-11-01,21.00,-6.04%,0.61,20.39,9.61%,450,5250,83.76%,0.297818,67.34%,3.0%,109.2%,"15:15 ET"
INTC,22.35,2024-11-15,22.00,-1.57%,1.37,20.63,8.34%,582,14428,69.14%,0.423787,53.55%,6.6%,101.0%,"15:42 ET"
ITB,120.98,2024-11-01,115.00,-4.94%,0.55,114.45,5.71%,150,1011,33.18%,0.165935,82.20%,0.5%,17.5%,"11:23 ET"
ITB,120.98,2024-11-15,115.00,-4.94%,1.65,113.35,6.73%,2611,4775,33.55%,0.253761,72.22%,1.5%,22.1%,"15:24 ET"
ITB,120.98,2024-11-15,110.00,-9.08%,0.7,109.3,10.69%,3608,3021,36.92%,0.139802,84.25%,0.6%,9.7%,"10:16 ET"
ITB,120.98,2024-11-15,112.00,-7.42%,1,111,8.99%,4002,4108,34.80%,0.173841,80.63%,0.9%,13.7%,"11:24 ET"
IWM,221.38,2024-11-15,205.00,-7.40%,1.22,203.78,8.64%,650,62581,29.50%,0.139579,84.52%,0.6%,9.1%,"15:26 ET"
IWM,221.38,2024-11-01,218.00,-1.53%,1.56,216.44,2.28%,723,1687,20.92%,0.314155,67.16%,0.7%,26.3%,"15:38 ET"
IWM,221.38,2024-11-01,215.00,-2.88%,0.86,214.14,3.38%,808,22612,21.69%,0.196222,79.23%,0.4%,14.7%,"15:38 ET"
IWM,221.38,2025-01-17,180.00,-18.69%,0.99,179.01,23.67%,839,24602,30.81%,0.065994,91.55%,0.6%,2.3%,"15:39 ET"
IWM,221.38,2024-12-20,200.00,-9.66%,2,198,11.81%,942,92787,27.28%,0.151337,82.28%,1.0%,6.2%,"15:39 ET"
IWM,221.38,2024-11-15,200.00,-9.66%,0.74,199.26,11.10%,957,76133,31.09%,0.089947,89.87%,0.4%,5.6%,"15:39 ET"
IWM,221.38,2024-11-01,211.00,-4.69%,0.39,210.61,5.11%,1071,19800,23.20%,0.09821,89.45%,0.2%,6.8%,"15:33 ET"
IWM,221.38,2024-11-15,207.00,-6.50%,1.49,205.51,7.72%,1081,51373,29.04%,0.166654,81.64%,0.7%,11.0%,"15:40 ET"
IWM,221.38,2024-11-15,219.00,-1.08%,4.54,214.46,3.23%,1100,43842,26.00%,0.411572,56.44%,2.1%,32.2%,"13:55 ET"
IWM,221.38,2024-11-01,216.00,-2.43%,1.06,214.94,3.00%,1119,4274,21.29%,0.230032,75.75%,0.5%,18.0%,"15:38 ET"
IWM,221.38,2024-12-20,202.00,-8.75%,2.26,199.74,10.83%,1163,12429,26.82%,0.170101,80.23%,1.1%,7.0%,"15:05 ET"
IWM,221.38,2024-12-20,212.00,-4.24%,4.25,207.75,6.56%,1295,5250,24.60%,0.295053,66.92%,2.0%,12.7%,"15:42 ET"
IWM,221.38,2024-11-15,192.00,-13.27%,0.36,191.64,15.52%,1504,4849,34.13%,0.044975,94.81%,0.2%,2.9%,"13:49 ET"
IWM,221.38,2024-11-15,195.00,-11.92%,0.46,194.54,13.80%,1531,49269,32.92%,0.058065,93.36%,0.2%,3.6%,"15:39 ET"
IWM,221.38,2024-12-20,185.00,-16.43%,0.87,184.13,20.23%,1536,79636,32.04%,0.066555,91.83%,0.5%,2.9%,"15:05 ET"
IWM,221.38,2024-11-01,212.00,-4.24%,0.48,211.52,4.66%,1577,13129,22.77%,0.116996,87.47%,0.2%,8.3%,"15:00 ET"
IWM,221.38,2024-12-20,210.00,-5.14%,3.75,206.25,7.34%,1724,78800,24.98%,0.26526,70.04%,1.8%,11.2%,"15:35 ET"
IWM,221.38,2024-11-01,210.00,-5.14%,0.32,209.68,5.58%,3125,32636,23.55%,0.081518,91.21%,0.2%,5.6%,"15:13 ET"
IWM,221.38,2024-11-01,214.00,-3.33%,0.71,213.29,3.79%,3132,3559,21.95%,0.164995,82.46%,0.3%,12.2%,"15:39 ET"
IWM,221.38,2024-12-20,190.00,-14.17%,1.12,188.88,17.21%,3969,117745,30.30%,0.086682,89.52%,0.6%,3.7%,"15:19 ET"
IWM,221.38,2024-11-15,211.00,-4.69%,2.2,208.8,6.02%,4200,56605,28.01%,0.231656,74.81%,1.1%,16.0%,"13:52 ET"
IWM,221.38,2024-11-15,215.00,-2.88%,3.19,211.81,4.52%,4372,61711,27.01%,0.313621,66.36%,1.5%,22.9%,"15:35 ET"
IWM,221.38,2024-11-01,217.00,-1.98%,1.29,215.71,2.63%,5492,22356,21.19%,0.270939,71.55%,0.6%,21.8%,"15:41 ET"
IWM,221.38,2025-01-17,210.00,-5.14%,4.66,205.34,7.81%,8493,14957,23.65%,0.281298,67.62%,2.3%,9.5%,"14:00 ET"
IWM,221.38,2024-11-15,212.00,-4.24%,2.42,209.58,5.63%,37130,77718,27.74%,0.250437,72.86%,1.2%,17.6%,"15:01 ET"
IWM,221.38,2024-11-15,210.00,-5.14%,2,208,6.43%,46195,112432,28.24%,0.213658,76.69%,1.0%,14.6%,"15:15 ET"
IWM,221.38,2024-11-01,203.00,-8.30%,0.11,202.89,9.11%,101,8614,28.34%,0.029419,96.77%,0.1%,2.0%,"14:37 ET"
IWM,221.38,2024-11-15,213.00,-3.79%,2.66,210.34,5.25%,104,4428,27.53%,0.270662,70.77%,1.3%,19.2%,"13:56 ET"
IWM,221.38,2024-11-15,201.00,-9.21%,0.82,200.18,10.59%,118,2527,30.69%,0.097849,89.01%,0.4%,6.2%,"14:28 ET"
IWM,221.38,2024-11-15,190.00,-14.17%,0.31,189.69,16.71%,118,51798,35.13%,0.038657,95.52%,0.2%,2.5%,"15:39 ET"
IWM,221.38,2024-11-15,208.00,-6.04%,1.64,206.36,7.28%,122,25497,28.81%,0.181624,80.06%,0.8%,12.1%,"14:50 ET"
IWM,221.38,2024-12-20,203.00,-8.30%,2.4,200.6,10.36%,123,8095,26.54%,0.179814,79.17%,1.2%,7.4%,"13:34 ET"
IWM,221.38,2024-12-20,218.00,-1.53%,6.18,211.82,4.51%,126,9349,23.60%,0.397831,56.44%,2.9%,18.0%,"14:52 ET"
IWM,221.38,2024-11-15,165.00,-25.47%,0.09,164.91,34.24%,139,10337,50.91%,0.009809,98.78%,0.1%,0.8%,"15:29 ET"
IWM,221.38,2024-12-20,211.00,-4.69%,3.99,207.01,6.94%,165,5521,24.79%,0.279901,68.50%,1.9%,11.9%,"15:42 ET"
IWM,221.38,2024-12-20,201.00,-9.21%,2.12,198.88,11.31%,165,2688,27.05%,0.160571,81.27%,1.1%,6.6%,"13:31 ET"
IWM,221.38,2024-11-22,212.00,-4.24%,2.8,209.2,5.82%,174,760,26.41%,0.262333,71.31%,1.3%,15.8%,"15:32 ET"
IWM,221.38,2024-12-20,205.00,-7.40%,2.73,202.27,9.45%,178,62215,26.11%,0.201677,76.80%,1.3%,8.3%,"15:41 ET"
IWM,221.38,2024-12-20,214.00,-3.33%,4.83,209.17,5.84%,203,13743,24.19%,0.327067,63.63%,2.3%,14.3%,"15:22 ET"
IWM,221.38,2024-12-20,206.00,-6.95%,2.91,203.09,9.01%,227,9611,25.89%,0.213387,75.55%,1.4%,8.9%,"15:23 ET"
IWM,221.38,2024-11-01,213.00,-3.79%,0.58,212.42,4.22%,237,852,22.30%,0.138641,85.21%,0.3%,10.0%,"15:34 ET"
IWM,221.38,2024-11-15,206.00,-6.95%,1.35,204.65,8.17%,239,48773,29.25%,0.15243,83.15%,0.7%,10.0%,"15:03 ET"
IWM,221.38,2025-01-17,150.00,-32.24%,0.33,149.67,47.91%,243,21591,41.83%,0.020186,97.17%,0.2%,0.9%,"11:13 ET"
IWM,221.38,2024-11-15,185.00,-16.43%,0.23,184.77,19.81%,251,11648,38.05%,0.027979,96.71%,0.1%,1.9%,"13:09 ET"
IWM,221.38,2024-12-20,215.00,-2.88%,5.14,209.86,5.49%,268,42411,24.00%,0.343998,61.91%,2.4%,15.2%,"15:28 ET"
IWM,221.38,2024-12-20,195.00,-11.92%,1.48,193.52,14.40%,283,67928,28.71%,0.114142,86.41%,0.8%,4.7%,"14:59 ET"
IWM,221.38,2024-12-20,207.00,-6.50%,3.09,203.91,8.57%,313,5412,25.62%,0.225279,74.28%,1.5%,9.4%,"15:01 ET"
IWM,221.38,2024-11-15,209.00,-5.59%,1.81,207.19,6.85%,318,51606,28.56%,0.197359,78.40%,0.9%,13.3%,"15:29 ET"
IWM,221.38,2024-12-20,216.00,-2.43%,5.48,210.52,5.16%,339,3783,23.92%,0.361827,60.10%,2.6%,16.1%,"15:42 ET"
IWM,221.38,2025-01-17,208.00,-6.04%,4.16,203.84,8.60%,340,3981,23.94%,0.255591,70.31%,2.0%,8.6%,"12:53 ET"
IWM,221.38,2024-11-08,215.00,-2.88%,2.58,212.42,4.22%,396,2760,28.18%,0.296546,68.47%,1.2%,26.1%,"15:03 ET"
IWM,221.38,2024-11-15,217.00,-1.98%,3.82,213.18,3.85%,397,38730,26.65%,0.361417,61.50%,1.8%,27.3%,"15:42 ET"
IWM,221.38,2024-11-22,200.00,-9.66%,0.99,199.01,11.24%,405,2096,29.66%,0.105359,88.00%,0.5%,5.9%,"15:37 ET"
IWM,221.38,2024-11-15,214.00,-3.33%,2.92,211.08,4.88%,459,36554,27.29%,0.291742,68.60%,1.4%,21.0%,"15:22 ET"
IWM,221.38,2025-01-17,170.00,-23.21%,0.67,169.33,30.74%,485,27023,34.07%,0.042592,94.38%,0.4%,1.7%,"11:25 ET"
IWM,221.38,2024-11-08,185.00,-16.43%,0.14,184.86,19.76%,504,747,41.72%,0.019886,97.69%,0.1%,1.6%,"10:58 ET"
IWM,221.38,2025-01-17,172.00,-22.31%,0.72,171.28,29.25%,568,9187,33.35%,0.04617,93.94%,0.4%,1.8%,"11:26 ET"
IWM,221.38,2024-11-08,218.00,-1.53%,3.53,214.47,3.22%,589,668,27.52%,0.377751,60.22%,1.6%,35.3%,"14:13 ET"
IWM,221.38,2024-11-01,197.00,-11.01%,0.07,196.93,12.42%,601,655,33.77%,0.01657,98.16%,0.0%,1.3%,"10:35 ET"
IYR,100.24,2024-11-08,99.00,-1.24%,1.07,97.93,2.36%,167,14550,20.40%,0.359113,61.13%,1.1%,23.5%,"15:07 ET"
JBHT,175.87,2024-11-15,155.00,-11.87%,0.25,154.75,13.65%,436,1225,31.53%,0.049041,94.09%,0.2%,2.5%,"14:45 ET"
JCI,76.68,2024-11-15,67.50,-11.97%,0.35,67.15,14.19%,100,1367,39.43%,0.092856,89.64%,0.5%,7.9%,"15:38 ET"
JD,40.39,2024-12-20,28.00,-30.68%,0.14,27.86,44.97%,102,1666,53.84%,0.036964,95.47%,0.5%,3.1%,"15:01 ET"
JD,40.39,2025-01-17,30.00,-25.72%,0.39,29.61,36.41%,119,13335,48.01%,0.085249,89.77%,1.3%,5.5%,"11:24 ET"
JD,40.39,2024-11-15,37.00,-8.39%,0.9,36.1,11.88%,134,4062,55.17%,0.248459,73.23%,2.5%,37.9%,"14:55 ET"
JD,40.39,2024-12-20,39.00,-3.44%,2.44,36.56,10.48%,139,958,48.29%,0.394342,57.16%,6.7%,41.3%,"12:59 ET"
JD,40.39,2024-11-15,35.00,-13.34%,0.45,34.55,16.90%,142,10106,56.13%,0.145557,84.02%,1.3%,19.8%,"15:18 ET"
JD,40.39,2024-12-20,30.00,-25.72%,0.24,29.76,35.72%,158,3084,52.40%,0.066379,92.09%,0.8%,5.0%,"13:45 ET"
JD,40.39,2024-11-01,35.00,-13.34%,0.09,34.91,15.70%,164,857,55.38%,0.055242,94.09%,0.3%,9.4%,"15:05 ET"
JD,40.39,2024-11-15,36.00,-10.87%,0.64,35.36,14.23%,166,3244,54.94%,0.190607,79.30%,1.8%,27.5%,"15:23 ET"
JD,40.39,2024-12-20,35.00,-13.34%,0.99,34.01,18.76%,194,4300,48.92%,0.207773,76.68%,2.9%,18.0%,"14:57 ET"
JD,40.39,2024-11-01,39.00,-3.44%,0.79,38.21,5.71%,219,794,52.66%,0.332489,65.61%,2.1%,75.5%,"15:28 ET"
JD,40.39,2024-11-01,38.00,-5.92%,0.47,37.53,7.62%,228,4355,52.73%,0.232706,75.77%,1.3%,45.7%,"15:25 ET"
JD,40.39,2024-11-15,30.00,-25.72%,0.08,29.92,34.99%,344,2432,65.22%,0.032057,96.23%,0.3%,4.1%,"15:18 ET"
JD,40.39,2024-12-20,37.00,-8.39%,1.61,35.39,14.13%,1072,1555,48.26%,0.295444,67.43%,4.5%,28.1%,"11:29 ET"
JETS,22.55,2024-11-01,22.00,-2.44%,0.25,21.75,3.68%,15466,2001,32.62%,0.311001,67.63%,1.1%,42.0%,"15:06 ET"
JNJ,163.52,2025-01-17,155.00,-5.21%,1.85,153.15,6.77%,113,3658,16.92%,0.228417,74.14%,1.2%,5.1%,"14:32 ET"
JNJ,163.52,2024-12-20,150.00,-8.27%,0.63,149.37,9.47%,121,2622,18.53%,0.107574,87.66%,0.4%,2.6%,"15:29 ET"
JNJ,163.52,2024-12-20,155.00,-5.21%,1.24,153.76,6.35%,127,744,17.29%,0.197532,77.92%,0.8%,5.0%,"15:19 ET"
JNJ,163.52,2024-12-20,160.00,-2.15%,2.45,157.55,3.79%,145,1314,16.18%,0.339506,63.10%,1.6%,9.6%,"14:59 ET"
JNJ,163.52,2025-01-17,160.00,-2.15%,3.15,156.85,4.25%,194,6184,16.05%,0.355215,60.94%,2.0%,8.4%,"15:35 ET"
JPM,223.96,2025-01-17,175.00,-21.86%,0.78,174.22,28.55%,111,3582,33.12%,0.049136,93.64%,0.4%,1.9%,"15:37 ET"
JPM,223.96,2024-12-20,190.00,-15.16%,0.81,189.19,18.38%,144,10909,29.40%,0.067219,91.79%,0.4%,2.6%,"15:35 ET"
JPM,223.96,2025-01-17,195.00,-12.93%,2.02,192.98,16.05%,162,5141,27.78%,0.126396,84.63%,1.0%,4.4%,"15:41 ET"
JPM,223.96,2025-01-17,185.00,-17.40%,1.21,183.79,21.86%,174,4737,30.15%,0.077308,90.29%,0.7%,2.8%,"15:36 ET"
JPM,223.96,2024-12-20,200.00,-10.70%,1.42,198.58,12.78%,230,14182,26.12%,0.118687,85.93%,0.7%,4.4%,"15:10 ET"
JPM,223.96,2025-01-17,190.00,-15.16%,1.54,188.46,18.84%,328,4787,28.77%,0.097802,87.91%,0.8%,3.4%,"12:39 ET"
JPM,223.96,2024-12-20,215.00,-4.00%,3.85,211.15,6.07%,330,1941,22.65%,0.290995,67.31%,1.8%,11.3%,"14:29 ET"
JPM,223.96,2024-11-01,210.00,-6.23%,0.21,209.79,6.75%,339,1611,25.32%,0.054379,93.77%,0.1%,3.7%,"15:28 ET"
JPM,223.96,2024-12-20,195.00,-12.93%,1.05,193.95,15.47%,411,2825,27.64%,0.088376,89.36%,0.5%,3.3%,"14:39 ET"
JPM,223.96,2024-12-20,210.00,-6.23%,2.73,207.27,8.05%,418,4141,23.59%,0.217194,75.13%,1.3%,8.1%,"15:31 ET"
JPM,223.96,2024-12-20,220.00,-1.77%,5.35,214.65,4.34%,439,1454,21.79%,0.380579,58.07%,2.5%,15.4%,"15:40 ET"
JPM,223.96,2024-12-20,205.00,-8.47%,1.95,203.05,10.30%,455,4691,24.75%,0.160394,81.30%,1.0%,5.9%,"15:21 ET"
JPM,223.96,2024-11-15,220.00,-1.77%,3.5,216.5,3.45%,474,2947,24.35%,0.358794,61.25%,1.6%,24.6%,"15:42 ET"
JPM,223.96,2024-11-15,170.00,-24.09%,0.11,169.89,31.83%,527,1041,48.77%,0.010996,98.63%,0.1%,1.0%,"15:29 ET"
JPM,223.96,2024-11-01,220.00,-1.77%,1.14,218.86,2.33%,633,848,19.27%,0.26241,71.20%,0.5%,19.0%,"15:33 ET"
JPM,223.96,2024-11-15,210.00,-6.23%,1.4,208.6,7.36%,717,5584,27.86%,0.164253,81.62%,0.7%,10.2%,"15:39 ET"
JPM,223.96,2024-11-15,215.00,-4.00%,2.23,212.77,5.26%,788,3778,26.00%,0.245548,72.98%,1.0%,15.9%,"15:41 ET"
K,80.97,2024-11-15,80.00,-1.20%,0.1,79.9,1.34%,1662,6986,5.93%,0.191115,78.59%,0.1%,1.9%,"13:51 ET"
KBH,78.65,2024-11-15,75.00,-4.64%,1.75,73.25,7.37%,315,947,42.76%,0.310373,66.76%,2.4%,36.3%,"15:42 ET"
KDP,36.81,2025-01-17,33.00,-10.35%,0.25,32.75,12.40%,2500,8286,22.24%,0.130743,84.28%,0.8%,3.2%,"10:08 ET"
KKR,140.62,2025-01-17,120.00,-14.66%,2.05,117.95,19.22%,143,2238,36.26%,0.152106,81.48%,1.7%,7.3%,"10:32 ET"
KKR,140.62,2024-11-15,125.00,-11.11%,0.85,124.15,13.27%,401,586,42.09%,0.12444,86.23%,0.7%,10.4%,"13:32 ET"
KKR,140.62,2024-11-15,130.00,-7.55%,1.55,128.45,9.47%,611,7184,40.11%,0.205299,77.74%,1.2%,18.4%,"14:14 ET"
KMI,24.83,2025-01-17,22.00,-11.40%,0.21,21.79,13.95%,1560,4167,24.44%,0.138215,84.47%,1.0%,4.0%,"15:24 ET"
KNX,52.44,2024-11-15,50.00,-4.65%,0.9,49.1,6.80%,362,3636,39.45%,0.286081,68.12%,1.8%,27.9%,"15:42 ET"
KO,69.54,2024-11-15,62.50,-10.12%,0.09,62.41,11.42%,113,3642,26.36%,0.049624,94.29%,0.1%,2.2%,"15:06 ET"
KO,69.54,2024-11-15,67.50,-2.93%,0.55,66.95,3.87%,139,5345,20.05%,0.257794,71.88%,0.8%,12.5%,"15:40 ET"
KO,69.54,2024-12-20,62.50,-10.12%,0.25,62.25,11.71%,170,1578,21.58%,0.092545,89.07%,0.4%,2.5%,"14:07 ET"
KO,69.54,2024-11-15,65.00,-6.53%,0.21,64.79,7.33%,243,7074,22.73%,0.109633,87.67%,0.3%,4.9%,"15:29 ET"
KO,69.54,2024-12-20,67.50,-2.93%,1.05,66.45,4.65%,320,7042,18.27%,0.308833,65.74%,1.6%,9.8%,"15:41 ET"
KO,69.54,2025-01-17,67.50,-2.93%,1.27,66.23,5.00%,392,5123,17.42%,0.32332,63.69%,1.9%,8.0%,"14:18 ET"
KO,69.54,2024-12-20,65.00,-6.53%,0.5,64.5,7.81%,990,4236,19.34%,0.167607,80.74%,0.8%,4.8%,"15:41 ET"
KO,69.54,2025-01-17,65.00,-6.53%,0.7,64.3,8.15%,1334,4165,18.61%,0.19662,77.13%,1.1%,4.6%,"15:37 ET"
KR,56.3,2024-11-15,55.00,-2.31%,0.78,54.22,3.84%,233,2328,25.06%,0.327608,64.19%,1.4%,21.9%,"11:19 ET"
KRE,58.58,2025-01-17,39.00,-33.42%,0.17,38.83,50.86%,100,3481,48.51%,0.029865,95.71%,0.4%,1.8%,"10:54 ET"
KRE,58.58,2024-11-01,57.50,-1.84%,0.6,56.9,2.95%,107,1973,29.00%,0.321902,65.09%,1.1%,38.5%,"13:17 ET"
KRE,58.58,2024-11-15,55.00,-6.11%,0.84,54.16,8.16%,392,11245,38.96%,0.235781,73.60%,1.6%,23.6%,"13:19 ET"
KRE,58.58,2024-11-15,57.50,-1.84%,1.62,55.88,4.83%,507,11502,37.46%,0.389631,57.68%,2.9%,44.1%,"10:59 ET"
KRE,58.58,2024-11-15,57.00,-2.70%,1.43,55.57,5.42%,613,3869,37.89%,0.356174,61.08%,2.6%,39.1%,"15:40 ET"
KRE,58.58,2024-11-15,50.00,-14.65%,0.22,49.78,17.68%,1106,8532,45.00%,0.071483,91.50%,0.4%,6.7%,"14:33 ET"
KRE,58.58,2024-11-15,54.00,-7.82%,0.64,53.36,9.78%,1132,19932,39.66%,0.186754,78.83%,1.2%,18.2%,"15:39 ET"
KRE,58.58,2024-12-20,55.00,-6.11%,1.35,53.65,9.19%,1513,5133,32.44%,0.272681,68.56%,2.5%,15.6%,"15:16 ET"
KRE,58.58,2024-12-20,51.00,-12.94%,0.6,50.4,16.23%,2669,4215,35.38%,0.135788,83.50%,1.2%,7.4%,"15:17 ET"
KRE,58.58,2024-12-20,54.00,-7.82%,1.11,52.89,10.76%,2700,2728,33.02%,0.230927,73.01%,2.1%,13.0%,"15:17 ET"
KVUE,22.98,2024-11-15,22.00,-4.26%,0.38,21.62,6.29%,125,7194,35.42%,0.296254,68.43%,1.8%,26.7%,"14:23 ET"
KWEB,32.72,2024-11-01,31.00,-5.26%,0.3,30.7,6.58%,116,4040,44.13%,0.216044,77.01%,1.0%,35.7%,"14:54 ET"
KWEB,32.72,2024-12-20,30.00,-8.31%,0.78,29.22,11.98%,257,6279,38.77%,0.249976,71.12%,2.7%,16.5%,"13:58 ET"
KWEB,32.72,2024-12-20,31.00,-5.26%,1.12,29.88,9.50%,317,11485,38.60%,0.321283,63.61%,3.7%,23.2%,"12:19 ET"
KWEB,32.72,2025-01-17,27.00,-17.48%,0.34,26.66,22.73%,450,29624,37.30%,0.114847,85.43%,1.3%,5.4%,"15:32 ET"
KWEB,32.72,2024-11-15,32.00,-2.20%,1.11,30.89,5.92%,718,8349,45.22%,0.394422,57.61%,3.6%,54.6%,"15:15 ET"
KWEB,32.72,2024-12-20,25.00,-23.59%,0.09,24.91,31.35%,935,49671,41.77%,0.042059,94.55%,0.4%,2.2%,"15:25 ET"
KWEB,32.72,2024-11-15,30.00,-8.31%,0.43,29.57,10.65%,1120,13613,43.97%,0.198525,77.93%,1.5%,22.1%,"14:51 ET"
KWEB,32.72,2025-01-17,28.00,-14.43%,0.5,27.5,18.98%,1202,45391,37.10%,0.157494,80.51%,1.8%,7.6%,"12:16 ET"
KWEB,32.72,2024-12-20,28.00,-14.43%,0.34,27.66,18.29%,1210,6349,38.78%,0.13141,84.11%,1.2%,7.6%,"14:05 ET"
KWEB,32.72,2024-11-01,32.00,-2.20%,0.61,31.39,4.24%,1506,6177,43.80%,0.362358,62.06%,1.9%,70.9%,"15:08 ET"
KWEB,32.72,2024-11-15,31.00,-5.26%,0.71,30.29,8.02%,1622,26529,44.03%,0.289603,68.38%,2.3%,35.6%,"14:07 ET"
KWEB,32.72,2025-01-17,30.00,-8.31%,1.06,28.94,13.06%,1657,16212,37.55%,0.269147,68.20%,3.7%,15.4%,"15:25 ET"
KWEB,32.72,2025-01-17,31.00,-5.26%,1.43,29.57,10.65%,2005,17659,37.33%,0.331814,61.65%,4.8%,20.3%,"14:12 ET"
KWEB,32.72,2024-11-01,31.50,-3.73%,0.43,31.07,5.31%,5245,8816,43.76%,0.284224,70.01%,1.4%,50.5%,"14:25 ET"
LEN,173.75,2025-01-17,150.00,-13.67%,2.85,147.15,18.08%,110,735,36.36%,0.165824,79.62%,1.9%,8.1%,"14:37 ET"
LEN,173.75,2024-11-15,170.00,-2.16%,4,166,4.67%,146,655,34.35%,0.370214,59.78%,2.4%,36.6%,"15:33 ET"
LKQ,37.58,2024-11-15,32.50,-13.52%,0.25,32.25,16.53%,126,2322,48.21%,0.106392,88.00%,0.8%,11.8%,"12:58 ET"
LLY,909.55,2024-11-15,800.00,-12.04%,6.85,793.15,14.68%,673,1109,46.33%,0.1222,86.00%,0.9%,13.1%,"15:40 ET"
LNC,33.21,2024-11-15,32.50,-2.14%,1.1,31.4,5.76%,103,2153,43.99%,0.401792,57.60%,3.5%,53.3%,"15:32 ET"
LOGI,84.46,2025-01-17,80.00,-5.28%,2.35,77.65,8.77%,229,878,25.89%,0.322632,66.61%,3.0%,12.7%,"12:49 ET"
LOGI,84.46,2024-11-15,80.00,-5.28%,0.9,79.1,6.78%,484,831,28.48%,0.239968,77.12%,1.1%,17.3%,"15:39 ET"
LOW,272.79,2024-11-01,265.00,-2.86%,1.21,263.79,3.41%,150,1220,25.17%,0.218236,75.66%,0.5%,16.7%,"15:25 ET"
LQD,109.6,2024-12-20,104.00,-5.11%,0.21,103.79,5.60%,555,3203,11.56%,0.101857,87.04%,0.2%,1.3%,"14:37 ET"
LQD,109.6,2024-12-20,108.00,-1.46%,0.99,107.01,2.42%,645,7834,11.07%,0.322549,62.95%,0.9%,5.7%,"14:37 ET"
LQD,109.6,2024-11-15,107.00,-2.37%,0.36,106.64,2.78%,2151,43028,12.23%,0.196969,77.81%,0.3%,5.1%,"14:10 ET"
LQD,109.6,2024-11-15,106.50,-2.83%,0.28,106.22,3.18%,7000,520,12.34%,0.159957,81.78%,0.3%,4.0%,"12:03 ET"
LQD,109.6,2024-11-15,108.00,-1.46%,0.53,107.47,1.98%,7200,8577,11.43%,0.277772,69.21%,0.5%,7.5%,"12:06 ET"
LRCX,73.03,2024-11-15,65.00,-11.00%,1.23,63.77,14.52%,781,817,59.10%,0.192789,77.89%,1.9%,29.3%,"15:42 ET"
LRCX,73.03,2024-12-20,60.00,-17.84%,1.14,58.86,24.07%,817,3731,51.60%,0.139137,82.82%,1.9%,12.0%,"15:23 ET"
LRCX,73.03,2024-11-15,62.00,-15.10%,0.73,61.27,19.19%,1067,953,60.62%,0.124232,85.39%,1.2%,18.1%,"14:01 ET"
LRCX,73.03,2024-12-20,72.00,-1.41%,4.85,67.15,8.76%,175,946,48.97%,0.419995,52.88%,7.2%,44.7%,"13:45 ET"
LRCX,73.03,2025-01-17,72.00,-1.41%,5.6,66.4,9.98%,194,5414,45.85%,0.41586,52.53%,8.4%,35.4%,"15:18 ET"
LRCX,73.03,2024-12-20,64.00,-12.36%,1.97,62.03,17.73%,252,922,50.19%,0.215196,74.35%,3.2%,19.6%,"13:16 ET"
LRCX,73.03,2024-11-15,70.00,-4.15%,2.68,67.32,8.48%,298,2228,56.31%,0.348523,61.54%,4.0%,60.5%,"15:30 ET"
LRCX,73.03,2024-11-15,72.00,-1.41%,3.5,68.5,6.61%,340,1113,56.50%,0.423292,53.91%,5.1%,77.7%,"14:56 ET"
LRCX,73.03,2024-11-01,64.00,-12.36%,0.52,63.48,15.04%,507,503,72.43%,0.119001,86.45%,0.8%,29.9%,"13:52 ET"
LRN,64.07,2024-12-20,60.00,-6.35%,4.2,55.8,14.82%,152,7589,64.34%,0.337508,60.01%,7.5%,46.6%,"15:42 ET"
LRN,64.07,2024-11-15,60.00,-6.35%,3.5,56.5,13.40%,190,522,88.96%,0.33479,61.32%,6.2%,94.2%,"15:11 ET"
LULU,298.36,2025-01-17,230.00,-22.91%,3.85,226.15,31.93%,102,1262,48.40%,0.104833,86.46%,1.7%,7.1%,"15:40 ET"
LULU,298.36,2025-01-17,260.00,-12.86%,9.45,250.55,19.08%,118,1642,45.93%,0.223665,73.03%,3.8%,15.8%,"14:08 ET"
LULU,298.36,2024-11-15,230.00,-22.91%,0.26,229.74,29.87%,126,1645,51.45%,0.020479,97.57%,0.1%,1.7%,"15:32 ET"
LULU,298.36,2024-11-15,260.00,-12.86%,1.65,258.35,15.49%,137,1345,44.30%,0.101287,88.71%,0.6%,9.7%,"14:52 ET"
LULU,298.36,2024-11-15,270.00,-9.51%,2.86,267.14,11.69%,182,1261,42.03%,0.161963,82.30%,1.1%,16.3%,"14:59 ET"
LULU,298.36,2024-11-15,250.00,-16.21%,0.92,249.08,19.78%,290,1365,46.34%,0.060145,93.16%,0.4%,5.6%,"15:26 ET"
LUV,30.52,2024-11-15,30.00,-1.70%,0.93,29.07,4.99%,137,5178,40.25%,0.395438,56.61%,3.2%,48.7%,"15:34 ET"
LVS,51.83,2024-12-20,50.00,-3.53%,2,48,7.98%,141,834,35.99%,0.362706,59.81%,4.2%,25.8%,"15:42 ET"
LVS,51.83,2025-01-17,30.00,-42.12%,0.08,29.92,73.23%,201,2030,55.58%,0.01467,97.81%,0.3%,1.1%,"10:14 ET"
LVS,51.83,2024-11-01,50.00,-3.53%,0.88,49.12,5.52%,252,542,49.66%,0.313541,66.90%,1.8%,65.4%,"11:07 ET"
LYB,89.46,2024-12-20,85.00,-4.99%,1.65,83.35,7.33%,1029,517,24.78%,0.288177,69.61%,2.0%,12.2%,"15:15 ET"
LYV,116.04,2024-11-15,95.00,-18.13%,0.45,94.55,22.73%,1506,3701,55.20%,0.065756,92.12%,0.5%,7.2%,"14:16 ET"
MCD,315.16,2024-11-15,300.00,-4.81%,1.95,298.05,5.74%,133,1535,23.54%,0.187006,79.30%,0.7%,10.0%,"14:55 ET"
MCHP,75.48,2024-11-15,72.50,-3.95%,2.45,70.05,7.75%,255,1988,51.90%,0.351954,61.89%,3.5%,53.2%,"14:26 ET"
MDB,264.45,2024-12-20,200.00,-24.37%,2.9,197.1,34.17%,1021,6662,59.42%,0.094814,87.88%,1.5%,9.1%,"14:04 ET"
MDT,90.89,2025-01-17,87.50,-3.73%,2.03,85.47,6.34%,406,760,21.44%,0.316835,64.17%,2.4%,10.0%,"14:43 ET"
MEDP,325.28,2024-11-15,300.00,-7.77%,2.85,297.15,9.47%,261,1020,38.46%,0.189823,79.40%,1.0%,14.6%,"14:08 ET"
META,580.98,2025-01-17,200.00,-65.58%,0.07,199.93,190.59%,100,6885,77.24%,0.001173,99.77%,0.0%,0.1%,"10:12 ET"
META,580.98,2024-12-20,510.00,-12.22%,9.4,500.6,16.06%,104,626,39.85%,0.175565,79.20%,1.9%,11.6%,"14:51 ET"
META,580.98,2024-12-20,570.00,-1.89%,28.1,541.9,7.21%,110,1121,38.04%,0.406548,54.96%,5.2%,32.1%,"15:07 ET"
META,580.98,2025-01-17,430.00,-25.99%,2.68,427.32,35.96%,111,1162,41.46%,0.050905,93.14%,0.6%,2.6%,"14:01 ET"
META,580.98,2024-11-01,520.00,-10.50%,4.7,515.3,12.75%,113,2218,65.76%,0.139877,84.58%,0.9%,33.3%,"15:37 ET"
META,580.98,2024-12-20,465.00,-19.96%,3.65,461.35,25.93%,123,640,42.57%,0.077146,90.34%,0.8%,4.9%,"15:19 ET"
META,580.98,2024-11-15,575.00,-1.03%,25.05,549.95,5.64%,131,1339,48.39%,0.435733,53.32%,4.6%,69.3%,"15:32 ET"
META,580.98,2024-11-15,525.00,-9.64%,8.3,516.7,12.44%,137,1592,50.05%,0.191635,78.51%,1.6%,24.4%,"15:15 ET"
META,580.98,2025-01-17,570.00,-1.89%,31.45,538.55,7.88%,137,1122,35.16%,0.404415,54.43%,5.8%,24.5%,"15:24 ET"
META,580.98,2024-11-01,535.00,-7.91%,7.6,527.4,10.16%,143,669,65.61%,0.205817,77.61%,1.4%,52.6%,"15:38 ET"
META,580.98,2024-11-01,555.00,-4.47%,13.4,541.6,7.27%,152,1343,65.21%,0.313834,66.42%,2.5%,90.3%,"15:41 ET"
META,580.98,2024-11-01,565.00,-2.75%,17.2,547.8,6.06%,191,1201,65.23%,0.374788,60.19%,3.1%,114.6%,"15:38 ET"
META,580.98,2025-01-17,530.00,-8.77%,16.9,513.1,13.23%,192,1646,36.09%,0.254718,69.89%,3.3%,13.8%,"15:08 ET"
META,580.98,2024-11-01,530.00,-8.77%,6.55,523.45,10.99%,196,926,65.70%,0.18236,80.08%,1.3%,45.7%,"15:38 ET"
META,580.98,2024-11-01,540.00,-7.05%,8.85,531.15,9.38%,204,2045,65.42%,0.230512,75.03%,1.7%,60.8%,"15:41 ET"
META,580.98,2024-11-01,525.00,-9.64%,5.55,519.45,11.85%,208,1266,65.70%,0.160201,82.42%,1.1%,39.0%,"15:38 ET"
META,580.98,2025-01-17,515.00,-11.36%,13.05,501.95,15.74%,214,809,36.49%,0.20707,75.07%,2.6%,10.9%,"14:49 ET"
META,580.98,2025-01-17,550.00,-5.33%,23.3,526.7,10.31%,225,4621,35.45%,0.325915,62.42%,4.4%,18.6%,"14:43 ET"
META,580.98,2024-11-15,550.00,-5.33%,14.95,535.05,8.58%,242,1953,49.15%,0.303073,66.82%,2.8%,42.5%,"15:38 ET"
META,580.98,2024-11-15,555.00,-4.47%,16.75,538.25,7.94%,246,1304,48.91%,0.328195,64.23%,3.1%,47.3%,"15:35 ET"
META,580.98,2024-11-01,510.00,-12.22%,3.35,506.65,14.67%,251,718,66.47%,0.106203,88.19%,0.7%,24.1%,"15:33 ET"
META,580.98,2024-12-20,520.00,-10.50%,11.5,508.5,14.25%,251,2302,39.33%,0.20635,75.84%,2.3%,14.0%,"15:32 ET"
META,580.98,2025-01-17,500.00,-13.94%,10,490,18.57%,264,6091,37.13%,0.166008,79.62%,2.0%,8.6%,"15:19 ET"
META,580.98,2024-12-20,500.00,-13.94%,7.65,492.35,18.00%,288,2153,40.33%,0.147819,82.27%,1.6%,9.6%,"15:18 ET"
META,580.98,2025-01-17,465.00,-19.96%,5.2,459.8,26.35%,306,762,38.95%,0.093973,87.92%,1.1%,4.7%,"14:01 ET"
META,580.98,2024-11-01,560.00,-3.61%,15.2,544.8,6.64%,345,793,65.37%,0.344185,63.30%,2.8%,101.8%,"15:41 ET"
META,580.98,2024-11-15,500.00,-13.94%,4.3,495.7,17.20%,366,3888,51.42%,0.110739,87.25%,0.9%,13.2%,"15:42 ET"
META,580.98,2024-11-01,575.00,-1.03%,21.6,553.4,4.98%,384,1436,65.15%,0.437817,53.82%,3.9%,142.5%,"15:35 ET"
META,580.98,2024-12-20,540.00,-7.05%,16.85,523.15,11.05%,550,2748,38.72%,0.27909,68.08%,3.2%,19.9%,"15:29 ET"
META,580.98,2024-11-01,570.00,-1.89%,19.35,550.65,5.51%,677,1142,64.94%,0.405917,57.04%,3.5%,128.3%,"15:31 ET"
META,580.98,2024-11-01,550.00,-5.33%,11.75,538.25,7.94%,843,1266,65.47%,0.285326,69.35%,2.2%,79.7%,"15:41 ET"
META,580.98,2024-11-01,545.00,-6.19%,10.2,534.8,8.64%,2216,1302,65.28%,0.256842,72.30%,1.9%,69.6%,"15:41 ET"
META,580.98,2024-11-01,500.00,-13.94%,2.36,497.64,16.75%,2580,1907,67.06%,0.078455,91.19%,0.5%,17.3%,"15:41 ET"
MGA,41.99,2024-11-15,40.00,-4.74%,1.25,38.75,8.36%,207,690,51.15%,0.332725,64.44%,3.2%,49.1%,"15:03 ET"
MKC,78.56,2024-12-20,75.00,-4.53%,0.8,74.2,5.88%,105,9581,19.45%,0.239755,72.34%,1.1%,6.7%,"15:34 ET"
MMM,132.54,2024-11-15,115.00,-13.23%,0.2,114.8,15.45%,108,560,34.37%,0.049694,94.64%,0.2%,2.6%,"14:41 ET"
MMM,132.54,2025-01-17,115.00,-13.23%,0.99,114.01,16.25%,119,900,26.27%,0.114616,86.58%,0.9%,3.6%,"15:33 ET"
MMM,132.54,2025-01-17,125.00,-5.69%,2.81,122.19,8.47%,124,982,24.18%,0.278996,69.01%,2.3%,9.6%,"15:25 ET"
MMM,132.54,2024-11-15,120.00,-9.46%,0.41,119.59,10.83%,198,1290,30.59%,0.097135,89.74%,0.3%,5.2%,"15:28 ET"
MMM,132.54,2024-11-15,130.00,-1.92%,2.4,127.6,3.87%,219,2040,26.80%,0.380394,61.09%,1.9%,28.6%,"15:36 ET"
MMM,132.54,2024-11-15,125.00,-5.69%,1.05,123.95,6.93%,271,3914,28.05%,0.200245,79.23%,0.8%,12.9%,"15:31 ET"
MMM,132.54,2024-11-01,127.00,-4.18%,0.47,126.53,4.75%,482,502,26.25%,0.166881,83.72%,0.4%,13.6%,"15:37 ET"
MO,49.94,2024-11-01,49.00,-1.88%,0.37,48.63,2.69%,230,565,24.19%,0.294271,68.25%,0.8%,27.8%,"15:06 ET"
MO,49.94,2025-01-17,47.50,-4.89%,0.98,46.52,7.35%,250,4017,20.44%,0.299906,69.22%,2.1%,8.8%,"15:41 ET"
MRK,106.72,2025-01-17,100.00,-6.30%,2.32,97.68,9.25%,109,4949,25.88%,0.268687,69.67%,2.4%,10.0%,"14:25 ET"
MRK,106.72,2025-01-17,105.00,-1.61%,4.05,100.95,5.72%,117,8102,24.96%,0.408351,55.30%,4.0%,16.8%,"14:59 ET"
MRK,106.72,2024-12-20,105.00,-1.61%,3.5,101.5,5.14%,138,1589,26.93%,0.40765,55.96%,3.4%,21.3%,"15:24 ET"
MRK,106.72,2024-12-20,100.00,-6.30%,1.85,98.15,8.73%,202,623,27.56%,0.250501,72.14%,1.9%,11.7%,"15:41 ET"
MRK,106.72,2025-01-17,95.00,-10.98%,1.26,93.74,13.85%,467,4656,27.02%,0.162024,81.11%,1.3%,5.6%,"12:30 ET"
MRNA,53.43,2024-12-20,40.00,-25.14%,1.19,38.81,37.67%,151,1239,74.98%,0.129976,83.15%,3.1%,19.0%,"15:13 ET"
MRNA,53.43,2024-11-15,50.00,-6.42%,2.94,47.06,13.54%,373,4864,85.54%,0.339791,61.89%,6.2%,95.0%,"15:40 ET"
MRNA,53.43,2024-12-20,50.00,-6.42%,4.25,45.75,16.79%,935,1172,72.31%,0.349435,59.03%,9.3%,57.5%,"15:31 ET"
MRVL,83.19,2024-11-15,60.00,-27.88%,0.06,59.94,38.79%,1618,3862,59.55%,0.012894,98.38%,0.1%,1.5%,"15:07 ET"
MRVL,83.19,2025-01-17,65.00,-21.87%,1.45,63.55,30.90%,152,3649,51.61%,0.126827,83.63%,2.3%,9.6%,"12:30 ET"
MRVL,83.19,2024-12-20,65.00,-21.87%,1.04,63.96,30.07%,159,1606,55.74%,0.107481,86.46%,1.6%,10.1%,"15:40 ET"
MRVL,83.19,2025-01-17,70.00,-15.86%,2.42,67.58,23.10%,406,5156,50.08%,0.193728,75.99%,3.6%,15.0%,"13:41 ET"
MS,118.26,2024-11-15,115.00,-2.76%,1.64,113.36,4.32%,121,1087,26.10%,0.314972,66.19%,1.4%,22.0%,"15:40 ET"
MS,118.26,2024-11-15,110.00,-6.98%,0.6,109.4,8.10%,123,3069,27.64%,0.13859,84.65%,0.5%,8.3%,"15:14 ET"
MS,118.26,2024-12-20,100.00,-15.44%,0.43,99.57,18.77%,140,1892,29.91%,0.068378,91.85%,0.4%,2.7%,"15:39 ET"
MS,118.26,2024-12-20,115.00,-2.76%,2.8,112.2,5.40%,151,1184,23.65%,0.35169,61.56%,2.5%,15.4%,"15:11 ET"
MS,118.26,2025-01-17,105.00,-11.21%,1.37,103.63,14.12%,245,3014,27.23%,0.158268,81.45%,1.3%,5.5%,"13:48 ET"
MS,118.26,2024-12-20,110.00,-6.98%,1.44,108.56,8.94%,320,4034,24.84%,0.207859,76.58%,1.3%,8.2%,"14:23 ET"
MS,118.26,2025-01-17,115.00,-2.76%,3.8,111.2,6.35%,446,754,24.59%,0.368695,59.21%,3.4%,14.3%,"14:57 ET"
MSFT,429.14,2024-11-15,370.00,-13.78%,0.81,369.19,16.24%,103,4388,36.51%,0.048521,94.34%,0.2%,3.3%,"15:36 ET"
MSFT,429.14,2025-01-17,415.00,-3.29%,12.2,402.8,6.54%,104,3152,24.41%,0.34161,61.07%,3.0%,12.7%,"15:37 ET"
MSFT,429.14,2024-11-08,415.00,-3.29%,5.95,409.05,4.91%,134,607,33.02%,0.29759,68.09%,1.5%,31.2%,"14:48 ET"
MSFT,429.14,2024-12-20,370.00,-13.78%,2.17,367.83,16.67%,145,1806,29.76%,0.08806,89.24%,0.6%,3.6%,"15:39 ET"
MSFT,429.14,2024-11-29,350.00,-18.44%,0.56,349.44,22.81%,162,557,35.44%,0.030263,96.27%,0.2%,1.5%,"12:01 ET"
MSFT,429.14,2024-12-20,375.00,-12.62%,2.58,372.42,15.23%,167,2364,29.23%,0.10375,87.44%,0.7%,4.3%,"15:40 ET"
MSFT,429.14,2025-01-17,390.00,-9.12%,5.85,384.15,11.71%,168,8478,25.93%,0.186901,77.50%,1.5%,6.4%,"14:54 ET"
MSFT,429.14,2025-01-17,395.00,-7.96%,6.8,388.2,10.55%,169,4183,25.63%,0.213056,74.62%,1.8%,7.3%,"15:35 ET"
MSFT,429.14,2024-11-22,380.00,-11.45%,1.68,378.32,13.43%,178,567,32.70%,0.08687,89.91%,0.4%,5.2%,"15:37 ET"
MSFT,429.14,2024-11-01,370.00,-13.78%,0.25,369.75,16.06%,183,952,45.36%,0.021244,97.59%,0.1%,2.5%,"15:40 ET"
MSFT,429.14,2024-11-01,385.00,-10.29%,0.63,384.37,11.65%,193,956,41.34%,0.050691,94.37%,0.2%,6.0%,"15:38 ET"
MSFT,429.14,2024-11-01,375.00,-12.62%,0.33,374.67,14.54%,206,942,44.42%,0.029546,96.67%,0.1%,3.2%,"15:12 ET"
MSFT,429.14,2024-12-20,335.00,-21.94%,0.67,334.33,28.36%,230,1049,34.52%,0.028653,96.28%,0.2%,1.2%,"10:19 ET"
MSFT,429.14,2024-12-20,390.00,-9.12%,4.35,385.65,11.28%,236,2464,27.70%,0.165911,80.48%,1.1%,7.0%,"15:42 ET"
MSFT,429.14,2024-12-20,380.00,-11.45%,3.05,376.95,13.85%,236,2999,28.49%,0.120156,85.58%,0.8%,5.0%,"15:39 ET"
MSFT,429.14,2025-01-17,410.00,-4.46%,10.6,399.4,7.45%,236,9999,24.61%,0.305488,64.79%,2.7%,11.1%,"15:40 ET"
MSFT,429.14,2024-11-08,395.00,-7.96%,2.05,392.95,9.21%,239,1705,35.29%,0.124704,86.18%,0.5%,11.2%,"14:59 ET"
MSFT,429.14,2025-01-17,400.00,-6.79%,7.9,392.1,9.45%,244,13175,25.32%,0.241694,71.53%,2.0%,8.5%,"15:26 ET"
MSFT,429.14,2024-12-20,360.00,-16.11%,1.55,358.45,19.72%,255,3419,31.06%,0.064092,92.03%,0.4%,2.7%,"15:41 ET"
MSFT,429.14,2024-11-15,330.00,-23.10%,0.15,329.85,30.10%,260,1638,45.04%,0.009252,98.85%,0.0%,0.7%,"14:47 ET"
MSFT,429.14,2024-11-08,400.00,-6.79%,2.69,397.31,8.01%,271,1148,34.66%,0.15793,82.64%,0.7%,14.5%,"15:41 ET"
MSFT,429.14,2024-11-15,340.00,-20.77%,0.23,339.77,26.30%,286,2068,42.59%,0.013507,98.35%,0.1%,1.0%,"15:42 ET"
MSFT,429.14,2024-12-20,415.00,-3.29%,10.3,404.7,6.04%,298,2453,25.86%,0.334216,62.64%,2.5%,15.7%,"15:34 ET"
MSFT,429.14,2024-12-20,395.00,-7.96%,5.2,389.8,10.09%,306,3671,27.23%,0.192611,77.55%,1.3%,8.3%,"15:29 ET"
MSFT,429.14,2024-11-01,380.00,-11.45%,0.48,379.52,13.07%,330,1314,42.78%,0.038354,95.71%,0.1%,4.6%,"15:12 ET"
MSFT,429.14,2024-11-01,390.00,-9.12%,0.88,389.12,10.28%,357,1753,40.50%,0.069676,92.31%,0.2%,8.3%,"15:40 ET"
MSFT,429.14,2024-11-01,417.50,-2.71%,5.45,412.05,4.15%,359,598,37.75%,0.312204,67.00%,1.3%,48.3%,"15:41 ET"
MSFT,429.14,2024-11-01,360.00,-16.11%,0.14,359.86,19.25%,393,2415,47.93%,0.011626,98.66%,0.0%,1.4%,"15:42 ET"
MSFT,429.14,2024-11-15,360.00,-16.11%,0.52,359.48,19.38%,408,12100,38.33%,0.031152,96.31%,0.1%,2.2%,"15:05 ET"
MSFT,429.14,2024-11-15,385.00,-10.29%,1.67,383.33,11.95%,434,6012,33.86%,0.092737,89.44%,0.4%,6.6%,"15:39 ET"
MSFT,429.14,2024-11-15,395.00,-7.96%,2.71,392.29,9.39%,436,5119,32.62%,0.143571,83.92%,0.7%,10.5%,"15:42 ET"
MSFT,429.14,2024-12-20,420.00,-2.13%,12.05,407.95,5.19%,467,13727,25.47%,0.376453,58.33%,3.0%,18.3%,"15:34 ET"
MSFT,429.14,2024-12-20,405.00,-5.63%,7.35,397.65,7.92%,504,3655,26.49%,0.256866,70.67%,1.8%,11.4%,"15:35 ET"
MSFT,429.14,2024-11-01,395.00,-7.96%,1.24,393.76,8.99%,532,2475,39.41%,0.093107,89.81%,0.3%,11.5%,"15:40 ET"
MSFT,429.14,2024-12-20,385.00,-10.29%,3.65,381.35,12.53%,550,1727,28.14%,0.141995,83.13%,1.0%,5.9%,"15:41 ET"
MSFT,429.14,2024-11-15,390.00,-9.12%,2.13,387.87,10.64%,601,7016,33.26%,0.116008,86.90%,0.5%,8.4%,"15:42 ET"
MSFT,429.14,2024-11-15,415.00,-3.29%,6.9,408.1,5.16%,614,5484,30.69%,0.309728,66.48%,1.7%,25.7%,"15:42 ET"
MSFT,429.14,2024-11-01,405.00,-5.63%,2.47,402.53,6.61%,627,2076,38.25%,0.167285,81.98%,0.6%,22.4%,"15:29 ET"
MSFT,429.14,2024-11-01,400.00,-6.79%,1.75,398.25,7.76%,680,4195,38.63%,0.124952,86.43%,0.4%,16.0%,"15:39 ET"
MSFT,429.14,2024-11-15,380.00,-11.45%,1.31,378.69,13.32%,703,16331,34.74%,0.074965,91.39%,0.3%,5.3%,"15:42 ET"
MSFT,429.14,2024-11-01,420.00,-2.13%,6.3,413.7,3.73%,823,1034,37.37%,0.345613,63.61%,1.5%,55.6%,"15:40 ET"
MSFT,429.14,2024-11-15,405.00,-5.63%,4.35,400.65,7.11%,910,5886,31.58%,0.21561,76.27%,1.1%,16.5%,"15:42 ET"
MSFT,429.14,2024-11-01,415.00,-3.29%,4.7,410.3,4.59%,920,1402,37.47%,0.277642,70.55%,1.1%,41.8%,"15:40 ET"
MSFT,429.14,2024-11-15,375.00,-12.62%,1.03,373.97,14.75%,929,4202,35.56%,0.060115,93.04%,0.3%,4.2%,"15:42 ET"
MSFT,429.14,2024-11-15,410.00,-4.46%,5.5,404.5,6.09%,976,7329,31.00%,0.259299,71.70%,1.4%,20.7%,"15:42 ET"
MSFT,429.14,2024-11-01,410.00,-4.46%,3.4,406.6,5.54%,1063,2007,37.71%,0.217383,76.76%,0.8%,30.5%,"15:40 ET"
MSFT,429.14,2024-11-15,400.00,-6.79%,3.45,396.55,8.22%,1213,11271,32.12%,0.177111,80.34%,0.9%,13.2%,"15:42 ET"
MSFT,429.14,2024-11-15,420.00,-2.13%,8.55,411.45,4.30%,1281,4312,30.04%,0.363582,61.01%,2.1%,31.6%,"15:33 ET"
MSFT,429.14,2024-12-20,410.00,-4.46%,8.7,401.3,6.94%,1446,4035,26.15%,0.293838,66.78%,2.2%,13.4%,"15:42 ET"
MSFT,429.14,2024-12-20,400.00,-6.79%,6.2,393.8,8.97%,1690,14998,26.84%,0.223116,74.27%,1.6%,9.7%,"15:37 ET"
MSTR,219.12,2024-11-15,150.00,-31.54%,2.93,147.07,48.99%,713,2967,120.33%,0.085085,89.03%,2.0%,30.3%,"15:41 ET"
MSTR,219.12,2024-11-01,140.00,-36.11%,0.43,139.57,57.00%,795,1978,143.53%,0.023673,97.03%,0.3%,11.2%,"15:15 ET"
MSTR,219.12,2024-11-01,110.00,-49.80%,0.23,109.77,99.62%,1694,1623,188.62%,0.009461,98.64%,0.2%,7.6%,"15:05 ET"
MSTR,219.12,2025-01-17,40.00,-81.75%,0.41,39.59,453.47%,6172,2720,163.68%,0.005647,98.33%,1.0%,4.3%,"15:37 ET"
MSTR,219.12,2024-11-15,160.00,-26.98%,4.05,155.95,40.51%,101,3138,115.36%,0.115171,85.61%,2.6%,39.5%,"15:41 ET"
MSTR,219.12,2025-01-17,200.00,-8.73%,29.2,170.8,28.29%,102,1160,96.51%,0.331801,57.68%,17.1%,71.7%,"15:10 ET"
MSTR,219.12,2024-11-15,185.00,-15.57%,9.35,175.65,24.75%,105,1074,109.29%,0.232215,72.71%,5.3%,81.0%,"15:16 ET"
MSTR,219.12,2024-11-01,185.00,-15.57%,2.6,182.4,20.13%,111,899,97.84%,0.136785,85.20%,1.4%,52.0%,"15:29 ET"
MSTR,219.12,2024-11-15,100.00,-54.36%,0.7,99.3,120.67%,121,4632,163.15%,0.018935,96.96%,0.7%,10.7%,"11:13 ET"
MSTR,219.12,2024-11-15,210.00,-4.16%,19.25,190.75,14.87%,149,3780,107.60%,0.390319,56.12%,10.1%,153.5%,"15:41 ET"
MSTR,219.12,2024-11-15,120.00,-45.24%,1.19,118.81,84.43%,159,4227,144.45%,0.035792,94.80%,1.0%,15.2%,"14:13 ET"
MSTR,219.12,2024-11-15,165.00,-24.70%,4.85,160.15,36.82%,198,603,114.01%,0.13461,83.41%,3.0%,46.1%,"15:14 ET"
MSTR,219.12,2024-11-15,170.00,-22.42%,5.7,164.3,33.37%,202,5859,111.29%,0.153828,81.31%,3.5%,52.8%,"15:34 ET"
MSTR,219.12,2024-12-20,100.00,-54.36%,2.1,97.9,123.82%,205,1388,129.41%,0.038378,93.42%,2.1%,13.3%,"14:04 ET"
MSTR,219.12,2024-11-15,130.00,-40.67%,1.59,128.41,70.64%,215,1623,134.04%,0.046375,93.56%,1.2%,18.8%,"15:35 ET"
MSTR,219.12,2024-11-15,180.00,-17.85%,7.95,172.05,27.36%,253,2017,109.85%,0.204209,75.75%,4.6%,70.3%,"15:34 ET"
MSTR,219.12,2024-11-01,160.00,-26.98%,0.85,159.15,37.68%,304,2800,119.23%,0.047815,94.45%,0.5%,19.5%,"15:17 ET"
MSTR,219.12,2024-11-15,200.00,-8.73%,14.7,185.3,18.25%,304,5849,107.49%,0.324228,62.98%,7.9%,120.6%,"15:41 ET"
MSTR,219.12,2024-11-01,190.00,-13.29%,3.4,186.6,17.43%,338,520,96.57%,0.173538,81.38%,1.8%,66.5%,"15:37 ET"
MSTR,219.12,2024-11-01,180.00,-17.85%,2.01,177.99,23.11%,354,721,101.80%,0.110974,87.84%,1.1%,41.2%,"15:35 ET"
MSTR,219.12,2024-11-15,135.00,-38.39%,1.85,133.15,64.57%,360,1909,130.10%,0.053844,92.67%,1.4%,21.1%,"15:42 ET"
MSTR,219.12,2024-11-01,200.00,-8.73%,5.8,194.2,12.83%,390,1092,94.32%,0.264286,72.07%,3.0%,109.0%,"15:42 ET"
MSTR,219.12,2024-11-01,170.00,-22.42%,1.24,168.76,29.84%,555,1571,108.20%,0.069617,92.18%,0.7%,26.8%,"15:38 ET"
MSTR,219.12,2024-11-01,150.00,-31.54%,0.6,149.4,46.67%,607,1331,130.18%,0.032651,96.07%,0.4%,14.7%,"15:42 ET"
MT,24.04,2025-01-17,22.00,-8.49%,0.6,21.4,12.34%,596,1962,33.04%,0.256196,70.88%,2.8%,11.8%,"15:06 ET"
MTUM,208.25,2024-11-15,190.00,-8.76%,0.45,189.55,9.87%,1000,1511,27.76%,0.085681,90.12%,0.2%,3.6%,"10:14 ET"
MTUM,208.25,2024-11-15,200.00,-3.96%,1.5,198.5,4.91%,1001,2055,23.41%,0.225765,74.97%,0.8%,11.5%,"10:38 ET"
MTZ,125.5,2024-11-15,120.00,-4.38%,4.4,115.6,8.56%,172,759,57.39%,0.343583,61.96%,3.8%,57.9%,"14:21 ET"
MU,107.9,2025-01-17,105.00,-2.69%,8.05,96.95,11.29%,100,9279,47.97%,0.397855,54.63%,8.3%,34.8%,"13:20 ET"
MU,107.9,2024-11-01,100.00,-7.32%,0.75,99.25,8.72%,100,788,48.18%,0.163448,82.98%,0.8%,27.6%,"15:33 ET"
MU,107.9,2024-12-20,90.00,-16.59%,2.03,87.97,22.66%,105,8631,51.68%,0.159171,80.87%,2.3%,14.3%,"15:40 ET"
MU,107.9,2024-12-20,85.00,-21.22%,1.26,83.74,28.85%,106,10291,53.13%,0.106629,86.80%,1.5%,9.3%,"15:40 ET"
MU,107.9,2024-11-01,102.00,-5.47%,1.13,100.87,6.97%,110,539,46.91%,0.226804,76.55%,1.1%,40.9%,"15:22 ET"
MU,107.9,2024-12-20,95.00,-11.96%,3.15,91.85,17.47%,113,7600,50.46%,0.226721,73.49%,3.4%,21.2%,"15:31 ET"
MU,107.9,2024-11-15,80.00,-25.86%,0.13,79.87,35.09%,133,3607,60.78%,0.022686,97.25%,0.2%,2.5%,"14:59 ET"
MU,107.9,2024-11-01,105.00,-2.69%,2.01,102.99,4.77%,155,988,46.23%,0.352036,63.91%,2.0%,71.2%,"15:28 ET"
MU,107.9,2025-01-17,97.50,-9.64%,5,92.5,16.65%,158,4955,48.41%,0.282432,66.60%,5.4%,22.7%,"14:06 ET"
MU,107.9,2025-01-17,90.00,-16.59%,2.84,87.16,23.80%,164,9410,49.12%,0.182262,77.53%,3.3%,13.7%,"15:40 ET"
MU,107.9,2024-11-01,103.00,-4.54%,1.38,101.62,6.18%,167,611,46.80%,0.266039,72.57%,1.4%,49.6%,"14:38 ET"
MU,107.9,2024-11-15,90.00,-16.59%,0.5,89.5,20.56%,266,11969,52.03%,0.076319,91.30%,0.6%,8.5%,"15:10 ET"
MU,107.9,2024-11-15,100.00,-7.32%,2,98,10.10%,296,8919,47.50%,0.245573,73.38%,2.0%,31.0%,"15:38 ET"
MU,107.9,2024-11-15,95.00,-11.96%,1.02,93.98,14.81%,373,24622,48.98%,0.139972,84.46%,1.1%,16.5%,"15:41 ET"
MU,107.9,2024-11-15,105.00,-2.69%,3.65,101.35,6.46%,386,6308,46.37%,0.385655,59.06%,3.6%,54.8%,"15:13 ET"
MU,107.9,2025-01-17,85.00,-21.22%,1.86,83.14,29.78%,396,11385,50.05%,0.129416,83.55%,2.2%,9.4%,"14:23 ET"
MU,107.9,2024-12-20,100.00,-7.32%,4.75,95.25,13.28%,818,8385,49.94%,0.309078,64.76%,5.0%,30.9%,"15:26 ET"
MU,107.9,2025-01-17,100.00,-7.32%,5.9,94.1,14.67%,2324,14527,47.82%,0.318948,62.77%,6.3%,26.3%,"15:33 ET"
MU,107.9,2024-11-15,75.00,-30.49%,0.07,74.93,44.00%,3121,2036,65.47%,0.012102,98.49%,0.1%,1.4%,"14:23 ET"
NBR,72.4,2024-11-15,55.00,-24.03%,0.6,54.4,33.09%,1497,1337,83.56%,0.084172,90.02%,1.1%,16.8%,"15:35 ET"
NBR,72.4,2024-11-15,70.00,-3.31%,4.2,65.8,10.03%,403,1782,72.13%,0.398062,57.23%,6.4%,97.1%,"15:38 ET"
NBR,72.4,2024-11-15,60.00,-17.13%,1.15,58.85,23.02%,422,1494,77.47%,0.151185,82.78%,2.0%,29.7%,"15:33 ET"
NEE,84.18,2024-11-15,75.00,-10.91%,0.63,74.37,13.19%,218,1493,42.65%,0.134494,85.45%,0.8%,12.9%,"15:37 ET"
NEE,84.18,2024-11-15,82.50,-2.00%,2.5,80,5.23%,246,4392,38.56%,0.402651,58.08%,3.1%,47.5%,"15:37 ET"
NEM,58.53,2025-01-17,52.50,-10.30%,1.23,51.27,14.16%,158,3908,33.31%,0.213478,74.81%,2.4%,10.1%,"15:26 ET"
NEM,58.53,2024-11-15,55.00,-6.03%,0.86,54.14,8.11%,223,3575,39.02%,0.244122,73.30%,1.6%,24.2%,"15:35 ET"
NEM,58.53,2024-11-15,52.50,-10.30%,0.4,52.1,12.34%,319,3876,40.82%,0.133054,85.06%,0.8%,11.7%,"14:29 ET"
NEM,58.53,2025-01-17,57.50,-1.76%,2.98,54.52,7.36%,537,614,32.69%,0.408672,54.43%,5.5%,22.9%,"15:23 ET"
NEM,58.53,2025-01-17,55.00,-6.03%,1.95,53.05,10.33%,1202,1305,33.02%,0.305182,65.02%,3.7%,15.4%,"15:11 ET"
NET,88.12,2024-11-15,75.00,-14.89%,1.13,73.87,19.29%,115,1163,64.23%,0.142699,83.62%,1.5%,23.3%,"15:05 ET"
NFLX,763.23,2024-12-20,600.00,-21.39%,1.09,598.91,27.44%,105,888,33.23%,0.027191,96.42%,0.2%,1.1%,"15:28 ET"
NFLX,763.23,2024-11-15,710.00,-6.97%,3.95,706.05,8.10%,117,569,28.11%,0.140131,84.21%,0.6%,8.5%,"15:31 ET"
NFLX,763.23,2024-11-15,690.00,-9.59%,1.99,688.01,10.93%,127,704,29.46%,0.078928,90.91%,0.3%,4.4%,"14:43 ET"
NFLX,763.23,2024-12-20,685.00,-10.25%,6.1,678.9,12.42%,137,1607,27.74%,0.138033,83.39%,0.9%,5.6%,"15:26 ET"
NFLX,763.23,2024-11-15,730.00,-4.35%,7.35,722.65,5.62%,244,643,26.83%,0.235012,74.12%,1.0%,15.5%,"15:41 ET"
NFLX,763.23,2024-11-01,745.00,-2.39%,5.25,739.75,3.17%,262,575,25.60%,0.267435,71.59%,0.7%,25.9%,"15:42 ET"
NFLX,763.23,2024-11-15,750.00,-1.73%,13.05,736.95,3.57%,282,698,26.05%,0.368966,60.33%,1.8%,26.9%,"15:35 ET"
NFLX,763.23,2025-01-17,600.00,-21.39%,2.71,597.29,27.78%,292,2196,33.02%,0.050471,93.22%,0.5%,1.9%,"15:38 ET"
NFLX,763.23,2024-11-15,700.00,-8.28%,2.88,697.12,9.48%,405,1576,28.74%,0.105573,87.97%,0.4%,6.3%,"15:34 ET"
NFLX,763.23,2024-12-20,700.00,-8.28%,8.35,691.65,10.35%,410,679,27.15%,0.181289,78.59%,1.2%,7.5%,"15:41 ET"
NFLX,763.23,2024-11-15,720.00,-5.66%,5.4,714.6,6.81%,548,605,27.39%,0.182402,79.68%,0.8%,11.5%,"15:39 ET"
NFLX,763.23,2024-11-01,750.00,-1.73%,6.65,743.35,2.67%,964,1237,25.44%,0.321027,66.11%,0.9%,32.7%,"15:39 ET"
NKE,81.32,2024-12-20,80.00,-1.62%,3.05,76.95,5.68%,1318,6709,30.34%,0.406602,55.34%,4.0%,24.5%,"15:40 ET"
NKE,81.32,2024-12-20,75.00,-7.77%,1.43,73.57,10.53%,1658,13766,31.55%,0.228409,73.82%,1.9%,12.0%,"14:19 ET"
NKE,81.32,2024-11-15,80.00,-1.62%,1.43,78.57,3.50%,156,6532,25.83%,0.375026,59.76%,1.8%,27.7%,"15:10 ET"
NKE,81.32,2025-01-17,75.00,-7.77%,1.97,73.03,11.35%,165,10418,30.85%,0.25393,70.44%,2.7%,11.3%,"15:27 ET"
NKE,81.32,2024-11-01,79.00,-2.85%,0.36,78.64,3.41%,370,2339,23.65%,0.211834,77.02%,0.5%,16.7%,"15:38 ET"
NKE,81.32,2025-01-17,80.00,-1.62%,3.7,76.3,6.58%,467,10594,29.71%,0.408181,54.49%,4.8%,20.3%,"14:56 ET"
NKE,81.32,2024-11-01,80.00,-1.62%,0.6,79.4,2.42%,496,988,22.50%,0.308297,66.99%,0.8%,27.6%,"15:42 ET"
NMM,58.61,2024-12-20,52.50,-10.42%,1.35,51.15,14.58%,100,982,43.08%,0.221819,73.75%,2.6%,16.3%,"10:22 ET"
NNE,23.24,2024-11-15,22.50,-3.18%,4.4,18.1,28.40%,205,558,211.54%,0.361254,52.38%,24.3%,369.7%,"15:40 ET"
NOW,918.15,2024-11-15,750.00,-18.31%,2.9,747.1,22.90%,117,944,52.68%,0.055729,93.29%,0.4%,5.9%,"15:37 ET"
NTES,81.03,2025-01-17,70.00,-13.61%,1.9,68.1,18.99%,300,1470,41.18%,0.195787,76.66%,2.8%,11.7%,"11:29 ET"
NVDA,143.74,2025-01-17,102.00,-29.04%,1.75,100.25,43.38%,100,6209,58.34%,0.083556,88.58%,1.7%,7.3%,"15:14 ET"
NVDA,143.74,2025-01-17,43.50,-69.74%,0.07,43.43,230.97%,100,6858,98.09%,0.002923,99.37%,0.2%,0.7%,"11:23 ET"
NVDA,143.74,2024-11-08,89.00,-38.08%,0.08,88.92,61.65%,102,638,95.93%,0.007643,98.97%,0.1%,1.9%,"14:30 ET"
NVDA,143.74,2024-11-22,108.00,-24.86%,0.9,107.1,34.21%,103,662,70.52%,0.065625,91.79%,0.8%,9.9%,"15:39 ET"
NVDA,143.74,2025-01-17,129.00,-10.25%,7.4,121.6,18.21%,104,3840,53.23%,0.280873,66.14%,6.1%,25.5%,"15:13 ET"
NVDA,143.74,2025-01-17,108.00,-24.86%,2.46,105.54,36.19%,110,7134,56.58%,0.113458,84.97%,2.3%,9.8%,"15:03 ET"
NVDA,143.74,2024-11-15,75.00,-47.82%,0.06,74.94,91.81%,111,40791,103.08%,0.004642,99.31%,0.1%,1.2%,"10:08 ET"
NVDA,143.74,2024-12-20,129.00,-10.25%,5.95,123.05,16.81%,120,2872,56.33%,0.268461,68.36%,4.8%,29.9%,"15:40 ET"
NVDA,143.74,2025-01-17,113.00,-21.39%,3.25,109.75,30.97%,120,4746,55.65%,0.145283,81.21%,3.0%,12.4%,"13:05 ET"
NVDA,143.74,2024-11-01,112.00,-22.08%,0.11,111.89,28.47%,120,1490,73.23%,0.016859,98.02%,0.1%,3.6%,"15:34 ET"
NVDA,143.74,2025-01-17,122.00,-15.12%,5.25,116.75,23.12%,123,4352,54.01%,0.215108,73.30%,4.5%,18.9%,"15:40 ET"
NVDA,143.74,2025-01-17,60.00,-58.26%,0.19,59.81,140.33%,124,40022,83.01%,0.008574,98.45%,0.3%,1.3%,"15:36 ET"
NVDA,143.74,2024-11-01,111.00,-22.78%,0.1,110.9,29.61%,124,2855,74.45%,0.015252,98.20%,0.1%,3.3%,"15:07 ET"
NVDA,143.74,2024-12-20,98.00,-31.82%,0.94,97.06,48.09%,125,28156,65.51%,0.053584,92.71%,1.0%,6.0%,"15:41 ET"
NVDA,143.74,2024-11-15,104.00,-27.65%,0.31,103.69,38.62%,125,9566,70.42%,0.029043,96.35%,0.3%,4.5%,"15:32 ET"
NVDA,143.74,2025-01-17,85.00,-40.87%,0.69,84.31,70.49%,127,24099,65.84%,0.033889,94.89%,0.8%,3.4%,"15:04 ET"
NVDA,143.74,2024-11-22,134.00,-6.78%,5.65,128.35,11.99%,130,715,61.93%,0.310464,65.13%,4.4%,51.8%,"15:26 ET"
NVDA,143.74,2024-11-22,105.00,-26.95%,0.73,104.27,37.85%,130,1487,71.98%,0.052932,93.28%,0.7%,8.2%,"15:09 ET"
NVDA,143.74,2024-11-22,131.00,-8.86%,4.7,126.3,13.81%,132,757,62.70%,0.269239,69.42%,3.7%,43.8%,"15:20 ET"
NVDA,143.74,2024-11-01,104.00,-27.65%,0.06,103.94,38.29%,134,939,86.33%,0.009645,98.82%,0.1%,2.1%,"14:40 ET"
NVDA,143.74,2024-11-08,100.00,-30.43%,0.15,99.85,43.96%,140,1540,82.53%,0.016421,97.92%,0.2%,3.2%,"15:42 ET"
NVDA,143.74,2024-11-22,127.00,-11.65%,3.6,123.4,16.48%,140,956,63.16%,0.217435,74.94%,2.9%,34.3%,"15:28 ET"
NVDA,143.74,2024-12-20,107.00,-25.56%,1.61,105.39,36.39%,143,8832,61.46%,0.089386,88.39%,1.5%,9.5%,"15:39 ET"
NVDA,143.74,2024-11-08,107.00,-25.56%,0.24,106.76,34.64%,154,1292,74.07%,0.026472,96.76%,0.2%,4.8%,"13:37 ET"
NVDA,143.74,2024-11-29,110.00,-23.47%,1.22,108.78,32.14%,157,763,65.20%,0.081378,89.83%,1.1%,10.8%,"15:16 ET"
NVDA,143.74,2024-11-29,135.00,-6.08%,6.45,128.55,11.82%,159,3079,58.81%,0.328469,62.95%,5.0%,48.2%,"15:39 ET"
NVDA,143.74,2024-11-15,95.00,-33.91%,0.19,94.81,51.61%,161,42360,80.21%,0.016693,97.80%,0.2%,3.0%,"15:39 ET"
NVDA,143.74,2024-11-22,142.00,-1.21%,9,133,8.08%,169,817,60.67%,0.431902,52.75%,6.8%,79.7%,"15:30 ET"
NVDA,143.74,2024-11-08,136.00,-5.38%,3.15,132.85,8.20%,171,668,52.98%,0.290386,68.58%,2.4%,50.9%,"14:31 ET"
NVDA,143.74,2024-11-01,116.00,-19.30%,0.16,115.84,24.08%,171,1676,68.27%,0.025058,97.11%,0.1%,5.0%,"14:34 ET"
NVDA,143.74,2024-12-20,102.00,-29.04%,1.19,100.81,42.59%,173,7544,63.50%,0.067202,91.05%,1.2%,7.3%,"13:54 ET"
NVDA,143.74,2025-01-17,136.00,-5.38%,10.05,125.95,14.12%,184,4423,52.46%,0.353139,58.55%,8.0%,33.5%,"15:37 ET"
NVDA,143.74,2024-11-08,121.00,-15.82%,0.72,120.28,19.50%,186,611,60.21%,0.08059,90.75%,0.6%,12.9%,"15:16 ET"
NVDA,143.74,2024-11-08,116.00,-19.30%,0.46,115.54,24.41%,193,797,64.57%,0.052782,93.81%,0.4%,8.5%,"14:57 ET"
NVDA,143.74,2025-01-17,128.00,-10.95%,7.05,120.95,18.84%,193,8655,53.08%,0.270472,67.27%,5.8%,24.5%,"15:08 ET"
NVDA,143.74,2025-01-17,127.00,-11.65%,6.7,120.3,19.48%,196,4603,53.10%,0.260519,68.36%,5.6%,23.4%,"15:26 ET"
NVDA,143.74,2025-01-17,111.00,-22.78%,2.92,108.08,32.99%,196,3282,55.91%,0.131587,82.82%,2.7%,11.3%,"13:56 ET"
NVDA,143.74,2024-11-22,138.00,-3.99%,7.2,130.8,9.89%,198,787,61.44%,0.36985,59.00%,5.5%,64.8%,"15:07 ET"
NVDA,143.74,2024-11-22,129.00,-10.25%,4.1,124.9,15.08%,198,647,62.87%,0.242569,72.26%,3.3%,38.7%,"15:31 ET"
NVDA,143.74,2024-11-15,107.00,-25.56%,0.38,106.62,34.82%,204,4717,67.89%,0.03628,95.50%,0.4%,5.4%,"14:03 ET"
NVDA,143.74,2025-01-17,138.00,-3.99%,10.95,127.05,13.14%,207,1976,52.17%,0.374721,56.36%,8.6%,36.2%,"15:18 ET"
NVDA,143.74,2024-11-15,77.00,-46.43%,0.07,76.93,86.85%,210,7748,101.08%,0.005444,99.20%,0.1%,1.4%,"11:58 ET"
NVDA,143.74,2025-01-17,107.00,-25.56%,2.33,104.67,37.33%,216,8759,56.88%,0.108057,85.61%,2.2%,9.3%,"15:26 ET"
NVDA,143.74,2024-12-20,101.00,-29.73%,1.12,99.88,43.91%,217,9860,63.96%,0.063462,91.50%,1.1%,6.9%,"15:29 ET"
NVDA,143.74,2025-01-17,126.00,-12.34%,6.4,119.6,20.18%,217,2776,53.51%,0.251678,69.30%,5.4%,22.5%,"15:39 ET"
NVDA,143.74,2025-01-17,93.00,-35.30%,1.05,91.95,56.32%,222,6550,61.76%,0.051755,92.56%,1.1%,4.8%,"15:31 ET"
NVDA,143.74,2024-11-15,114.00,-20.69%,0.61,113.39,26.77%,222,7729,61.48%,0.058971,92.93%,0.5%,8.2%,"14:46 ET"
NVDA,143.74,2024-11-15,81.00,-43.65%,0.09,80.91,77.65%,227,3011,96.54%,0.007149,98.97%,0.1%,1.7%,"14:05 ET"
NVDA,143.74,2025-01-17,118.00,-17.91%,4.25,113.75,26.36%,229,14653,54.35%,0.1809,77.15%,3.7%,15.7%,"15:26 ET"
NVDA,143.74,2024-11-15,82.00,-42.95%,0.09,81.91,75.49%,230,4232,94.66%,0.007287,98.96%,0.1%,1.7%,"12:43 ET"
NVDA,143.74,2024-11-08,129.00,-10.25%,1.58,127.42,12.81%,232,1045,55.50%,0.164926,81.68%,1.2%,26.6%,"15:37 ET"
NVDA,143.74,2024-12-20,126.00,-12.34%,5.05,120.95,18.84%,235,4305,56.50%,0.235678,71.90%,4.2%,25.8%,"15:34 ET"
NVDA,143.74,2024-12-20,136.00,-5.38%,8.5,127.5,12.74%,237,4127,55.34%,0.350063,59.82%,6.7%,41.2%,"15:42 ET"
NVDA,143.74,2025-01-17,112.00,-22.08%,3.05,108.95,31.93%,245,7116,55.71%,0.138092,82.05%,2.8%,11.7%,"13:54 ET"
NVDA,143.74,2024-12-20,127.00,-11.65%,5.35,121.65,18.16%,246,4835,56.42%,0.24635,70.74%,4.4%,27.2%,"15:35 ET"
NVDA,143.74,2024-12-20,122.00,-15.12%,4,118,21.81%,246,4596,57.36%,0.196758,76.15%,3.4%,21.0%,"15:37 ET"
NVDA,143.74,2024-12-20,90.00,-37.39%,0.61,89.39,60.80%,251,31226,70.41%,0.034465,95.09%,0.7%,4.2%,"15:30 ET"
NVDA,143.74,2024-11-22,133.00,-7.47%,5.35,127.65,12.60%,251,1051,62.05%,0.296102,66.62%,4.2%,49.3%,"15:28 ET"
NVDA,143.74,2024-11-22,114.00,-20.69%,1.4,112.6,27.66%,254,601,67.21%,0.097248,88.17%,1.2%,14.6%,"15:19 ET"
NVDA,143.74,2024-11-15,106.00,-26.26%,0.36,105.64,36.07%,257,7453,68.97%,0.034135,95.75%,0.3%,5.2%,"15:32 ET"
NVDA,143.74,2024-11-29,125.00,-13.04%,3.45,121.55,18.26%,259,1733,60.36%,0.202121,76.34%,2.8%,27.3%,"15:39 ET"
NVDA,143.74,2024-11-15,109.00,-24.17%,0.43,108.57,32.39%,259,3452,65.77%,0.041103,94.95%,0.4%,6.0%,"15:32 ET"
NVDA,143.74,2024-11-08,90.00,-37.39%,0.08,89.92,59.85%,266,7183,95.36%,0.008549,98.85%,0.1%,1.9%,"13:12 ET"
NVDA,143.74,2024-12-20,65.00,-54.78%,0.16,64.84,121.68%,267,36925,90.55%,0.008651,98.54%,0.2%,1.5%,"15:30 ET"
NVDA,143.74,2024-11-15,98.00,-31.82%,0.22,97.78,47.00%,271,4930,77.26%,0.020483,97.34%,0.2%,3.4%,"15:35 ET"
NVDA,143.74,2024-12-20,116.00,-19.30%,2.81,113.19,26.99%,272,3768,58.48%,0.145372,81.91%,2.5%,15.4%,"15:36 ET"
NVDA,143.74,2024-12-20,97.00,-32.52%,0.89,96.11,49.56%,277,10242,66.02%,0.050566,93.08%,0.9%,5.7%,"14:16 ET"
NVDA,143.74,2024-11-08,123.00,-14.43%,0.87,122.13,17.69%,279,1377,58.87%,0.096659,89.00%,0.7%,15.3%,"15:42 ET"
NVDA,143.74,2024-12-20,119.00,-17.21%,3.35,115.65,24.29%,279,3953,57.73%,0.169286,79.21%,2.9%,17.9%,"15:35 ET"
NVDA,143.74,2024-11-01,122.00,-15.12%,0.29,121.71,18.10%,285,7027,61.46%,0.04763,94.65%,0.2%,8.7%,"15:26 ET"
NVDA,143.74,2024-11-15,90.00,-37.39%,0.14,89.86,59.96%,287,30869,85.40%,0.011977,98.37%,0.2%,2.4%,"14:54 ET"
NVDA,143.74,2025-01-17,110.00,-23.47%,2.76,107.24,34.04%,289,43109,56.13%,0.125346,83.55%,2.6%,10.8%,"14:42 ET"
NVDA,143.74,2024-11-08,113.00,-21.39%,0.37,112.63,27.62%,305,755,67.62%,0.041691,95.04%,0.3%,7.1%,"15:14 ET"
NVDA,143.74,2024-12-20,128.00,-10.95%,5.65,122.35,17.48%,313,5075,56.27%,0.257068,69.59%,4.6%,28.6%,"15:35 ET"
NVDA,143.74,2024-11-22,100.00,-30.43%,0.53,99.47,44.51%,318,1968,75.68%,0.038387,95.00%,0.5%,6.3%,"15:39 ET"
NVDA,143.74,2024-11-01,105.00,-26.95%,0.07,104.93,36.99%,318,2893,85.58%,0.010966,98.67%,0.1%,2.4%,"15:16 ET"
NVDA,143.74,2024-11-29,140.00,-2.60%,8.5,131.5,9.31%,320,822,58.27%,0.400587,55.58%,6.5%,62.1%,"14:59 ET"
NVDA,143.74,2024-12-20,104.00,-27.65%,1.34,102.66,40.02%,321,8345,62.57%,0.07519,90.08%,1.3%,8.1%,"14:58 ET"
NVDA,143.74,2024-12-20,113.00,-21.39%,2.34,110.66,29.89%,322,3763,59.39%,0.124258,84.32%,2.1%,13.1%,"15:33 ET"
NVDA,143.74,2024-11-15,96.00,-33.21%,0.2,95.8,50.04%,323,5907,79.06%,0.01771,97.68%,0.2%,3.2%,"15:38 ET"
NVDA,143.74,2025-01-17,121.00,-15.82%,5,116,23.91%,324,5618,54.02%,0.206078,74.31%,4.3%,18.1%,"15:36 ET"
NVDA,143.74,2024-11-01,114.00,-20.69%,0.13,113.87,26.23%,330,1914,70.53%,0.020245,97.65%,0.1%,4.2%,"15:06 ET"
NVDA,143.74,2024-11-01,119.00,-17.21%,0.21,118.79,21.00%,333,2462,64.38%,0.033543,96.19%,0.2%,6.5%,"15:27 ET"
NVDA,143.74,2024-11-15,119.00,-17.21%,0.91,118.09,21.72%,343,4998,57.99%,0.086983,89.80%,0.8%,11.7%,"15:26 ET"
NVDA,143.74,2025-01-17,132.00,-8.17%,8.45,123.55,16.34%,347,4594,52.78%,0.310952,62.95%,6.8%,28.7%,"15:41 ET"
NVDA,143.74,2024-12-20,124.00,-13.73%,4.5,119.5,20.28%,354,12993,57.05%,0.216081,74.02%,3.8%,23.3%,"15:42 ET"
NVDA,143.74,2024-12-20,112.00,-22.08%,2.2,109.8,30.91%,356,6157,59.60%,0.117441,85.11%,2.0%,12.4%,"15:36 ET"
NVDA,143.74,2024-11-29,130.00,-9.56%,4.75,125.25,14.76%,359,2812,59.36%,0.261227,70.01%,3.8%,36.4%,"15:37 ET"
NVDA,143.74,2024-12-20,123.00,-14.43%,4.25,118.75,21.04%,367,5417,57.09%,0.205931,75.14%,3.6%,22.1%,"14:42 ET"
NVDA,143.74,2024-12-20,109.00,-24.17%,1.82,107.18,34.11%,382,6737,60.70%,0.099875,87.15%,1.7%,10.5%,"15:38 ET"
NVDA,143.74,2024-11-15,121.00,-15.82%,1.07,119.93,19.85%,399,4683,56.67%,0.101495,88.20%,0.9%,13.6%,"15:19 ET"
NVDA,143.74,2024-11-15,123.00,-14.43%,1.27,121.73,18.08%,403,7008,55.81%,0.11985,86.19%,1.0%,15.9%,"15:41 ET"
NVDA,143.74,2025-01-17,134.00,-6.78%,9.25,124.75,15.22%,404,4057,52.47%,0.331711,60.79%,7.4%,31.1%,"15:38 ET"
NVDA,143.74,2024-12-20,132.00,-8.17%,6.95,125.05,14.95%,412,5514,55.81%,0.302265,64.79%,5.6%,34.4%,"15:42 ET"
NVDA,143.74,2024-11-15,122.00,-15.12%,1.17,120.83,18.96%,412,6419,56.16%,0.110081,87.26%,1.0%,14.7%,"15:37 ET"
NVDA,143.74,2025-01-17,95.00,-33.91%,1.18,93.82,53.21%,429,43912,60.91%,0.057633,91.81%,1.3%,5.3%,"15:18 ET"
NVDA,143.74,2025-01-17,105.00,-26.95%,2.07,102.93,39.65%,430,31042,57.36%,0.097403,86.89%,2.0%,8.4%,"15:36 ET"
NVDA,143.74,2025-01-17,114.00,-20.69%,3.45,110.55,30.02%,441,5701,55.38%,0.151986,80.44%,3.1%,13.1%,"14:07 ET"
NVDA,143.74,2024-11-15,105.00,-26.95%,0.33,104.67,37.33%,444,22160,69.83%,0.031726,96.03%,0.3%,4.8%,"15:42 ET"
NVDA,143.74,2024-11-15,86.00,-40.17%,0.11,85.89,67.35%,459,4714,89.72%,0.009199,98.72%,0.1%,1.9%,"14:10 ET"
NVDA,143.74,2024-11-15,87.00,-39.47%,0.12,86.88,65.45%,461,7160,89.94%,0.010662,98.53%,0.1%,2.1%,"09:50 ET"
NVDA,143.74,2024-11-22,124.00,-13.73%,2.92,121.08,18.71%,463,840,63.88%,0.183308,78.63%,2.4%,28.4%,"15:36 ET"
NVDA,143.74,2024-11-08,110.00,-23.47%,0.29,109.71,31.02%,465,3071,70.71%,0.032981,96.02%,0.3%,5.7%,"15:20 ET"
NVDA,143.74,2024-12-20,103.00,-28.34%,1.26,101.74,41.28%,466,8316,63.00%,0.071001,90.59%,1.2%,7.7%,"15:06 ET"
NVDA,143.74,2024-11-08,132.00,-8.17%,2.15,129.85,10.70%,471,1692,54.26%,0.212606,76.66%,1.7%,35.6%,"15:33 ET"
NVDA,143.74,2024-11-08,133.00,-7.47%,2.37,130.63,10.04%,476,1185,53.97%,0.230785,74.75%,1.8%,39.0%,"15:27 ET"
NVDA,143.74,2024-11-15,80.00,-44.34%,0.08,79.92,79.85%,482,48622,98.44%,0.007015,98.99%,0.1%,1.5%,"14:13 ET"
NVDA,143.74,2024-11-22,122.00,-15.12%,2.53,119.47,20.31%,483,2006,64.71%,0.163553,80.77%,2.1%,24.9%,"14:54 ET"
NVDA,143.74,2024-11-15,134.00,-6.78%,3.3,130.7,9.98%,485,5889,51.73%,0.270673,70.16%,2.5%,38.4%,"15:41 ET"
NVDA,143.74,2024-11-01,127.00,-11.65%,0.52,126.48,13.65%,488,4173,56.12%,0.082987,90.87%,0.4%,15.0%,"15:33 ET"
NVDA,143.74,2024-12-20,106.00,-26.26%,1.52,104.48,37.58%,502,12653,61.75%,0.084227,89.00%,1.5%,9.0%,"15:32 ET"
NVDA,143.74,2024-11-01,118.00,-17.91%,0.19,117.81,22.01%,511,4494,65.57%,0.030227,96.55%,0.2%,5.9%,"15:08 ET"
NVDA,143.74,2024-11-08,92.00,-36.00%,0.09,91.91,56.39%,519,1390,91.34%,0.008911,98.82%,0.1%,2.1%,"12:19 ET"
NVDA,143.74,2024-11-22,115.00,-19.99%,1.51,113.49,26.65%,522,4923,66.95%,0.1044,87.35%,1.3%,15.7%,"15:32 ET"
NVDA,143.74,2025-01-17,80.00,-44.34%,0.54,79.46,80.90%,528,72601,68.94%,0.026235,95.92%,0.7%,2.9%,"14:24 ET"
NVDA,143.74,2024-12-20,114.00,-20.69%,2.49,111.51,28.90%,535,7027,59.12%,0.131151,83.53%,2.2%,13.8%,"15:35 ET"
NVDA,143.74,2024-12-20,111.00,-22.78%,2.07,108.93,31.96%,537,6067,59.98%,0.111367,85.81%,1.9%,11.8%,"15:32 ET"
NVDA,143.74,2024-11-01,109.00,-24.17%,0.09,108.91,31.98%,553,3791,77.81%,0.013323,98.41%,0.1%,3.0%,"13:12 ET"
NVDA,143.74,2024-11-08,128.00,-10.95%,1.43,126.57,13.57%,560,1969,56.01%,0.151254,83.13%,1.1%,24.3%,"15:15 ET"
NVDA,143.74,2024-12-20,80.00,-44.34%,0.36,79.64,80.49%,570,44598,77.58%,0.019896,96.98%,0.5%,2.8%,"15:09 ET"
NVDA,143.74,2024-11-08,134.00,-6.78%,2.62,131.38,9.41%,572,1481,53.68%,0.249921,72.76%,2.0%,42.8%,"15:37 ET"
NVDA,143.74,2024-11-08,139.00,-3.30%,4.15,134.85,6.59%,575,1102,52.14%,0.35761,61.71%,3.1%,66.1%,"15:23 ET"
NVDA,143.74,2025-01-17,135.00,-6.08%,9.65,125.35,14.67%,579,5320,52.47%,0.342387,59.67%,7.7%,32.3%,"15:35 ET"
NVDA,143.74,2024-12-20,138.00,-3.99%,9.35,128.65,11.73%,591,5248,55.11%,0.374687,57.30%,7.3%,45.0%,"15:40 ET"
NVDA,143.74,2024-11-01,113.00,-21.39%,0.12,112.88,27.34%,592,1371,71.92%,0.018521,97.84%,0.1%,3.9%,"15:42 ET"
NVDA,143.74,2024-11-01,124.00,-13.73%,0.36,123.64,16.26%,597,7702,59.15%,0.058973,93.43%,0.3%,10.6%,"15:29 ET"
NVDA,143.74,2024-11-08,138.00,-3.99%,3.8,134.2,7.11%,604,4286,52.43%,0.334483,64.06%,2.8%,60.8%,"15:35 ET"
NVDA,143.74,2024-11-15,117.00,-18.60%,0.77,116.23,23.67%,612,11106,59.46%,0.074794,91.15%,0.7%,10.1%,"15:41 ET"
NVDA,143.74,2024-11-15,124.00,-13.73%,1.39,122.61,17.23%,632,5009,55.34%,0.129776,85.11%,1.1%,17.2%,"15:40 ET"
NVDA,143.74,2024-12-20,134.00,-6.78%,7.7,126.3,13.81%,635,3237,55.43%,0.325731,62.36%,6.1%,37.7%,"15:32 ET"
NVDA,143.74,2024-12-20,141.00,-1.91%,10.7,130.3,10.31%,645,2197,54.81%,0.412372,53.48%,8.2%,50.8%,"14:59 ET"
NVDA,143.74,2025-01-17,125.00,-13.04%,6.1,118.9,20.89%,656,23212,53.43%,0.241668,70.39%,5.1%,21.5%,"15:33 ET"
NVDA,143.74,2024-12-20,117.00,-18.60%,2.99,114.01,26.08%,666,3926,58.34%,0.153435,80.99%,2.6%,16.2%,"15:37 ET"
NVDA,143.74,2024-12-20,118.00,-17.91%,3.15,114.85,25.15%,677,6814,58.03%,0.161206,80.12%,2.7%,17.0%,"15:39 ET"
NVDA,143.74,2024-11-15,126.00,-12.34%,1.66,124.34,15.60%,702,4295,54.28%,0.151125,82.80%,1.3%,20.3%,"15:31 ET"
NVDA,143.74,2024-11-08,131.00,-8.86%,1.94,129.06,11.37%,703,1250,54.64%,0.195656,78.44%,1.5%,32.3%,"15:41 ET"
NVDA,143.74,2024-11-08,126.00,-12.34%,1.17,124.83,15.15%,768,992,57.10%,0.126789,85.75%,0.9%,20.1%,"15:26 ET"
NVDA,143.74,2024-11-15,84.00,-41.56%,0.1,83.9,71.32%,793,2494,93.40%,0.008847,98.75%,0.1%,1.8%,"11:58 ET"
NVDA,143.74,2024-11-29,115.00,-19.99%,1.75,113.25,26.92%,795,760,63.31%,0.112466,86.26%,1.5%,14.8%,"15:42 ET"
NVDA,143.74,2024-12-20,108.00,-24.86%,1.71,106.29,35.23%,795,8340,61.05%,0.094447,87.79%,1.6%,10.0%,"15:39 ET"
NVDA,143.74,2024-11-08,122.00,-15.12%,0.79,121.21,18.59%,827,1772,59.66%,0.088702,89.86%,0.7%,14.0%,"15:37 ET"
NVDA,143.74,2024-11-15,118.00,-17.91%,0.84,117.16,22.69%,828,12402,58.68%,0.080525,90.52%,0.7%,10.9%,"15:27 ET"
NVDA,143.74,2024-11-08,125.00,-13.04%,1.05,123.95,15.97%,880,4277,57.70%,0.116035,86.90%,0.8%,18.2%,"15:37 ET"
NVDA,143.74,2024-11-08,127.00,-11.65%,1.29,125.71,14.34%,883,1295,56.49%,0.138354,84.51%,1.0%,22.0%,"15:37 ET"
NVDA,143.74,2024-11-08,124.00,-13.73%,0.95,123.05,16.81%,886,2527,58.15%,0.105473,88.04%,0.8%,16.6%,"15:26 ET"
NVDA,143.74,2024-11-15,111.00,-22.78%,0.49,110.51,30.07%,899,7972,63.93%,0.047209,94.26%,0.4%,6.7%,"15:38 ET"
NVDA,143.74,2024-12-20,142.00,-1.21%,11.15,130.85,9.85%,928,2547,54.69%,0.425015,52.21%,8.5%,52.7%,"15:39 ET"
NVDA,143.74,2024-12-20,95.00,-33.91%,0.8,94.2,52.59%,930,16153,67.25%,0.045391,93.72%,0.8%,5.3%,"15:29 ET"
NVDA,143.74,2024-11-08,141.00,-1.91%,4.95,136.05,5.65%,949,1376,51.94%,0.405959,56.82%,3.6%,78.1%,"15:24 ET"
NVDA,143.74,2024-11-29,120.00,-16.52%,2.46,117.54,22.29%,956,2194,61.84%,0.152916,81.72%,2.1%,20.1%,"15:39 ET"
NVDA,143.74,2024-11-01,115.00,-19.99%,0.14,114.86,25.14%,961,7246,69.85%,0.023181,97.32%,0.1%,4.4%,"15:42 ET"
NVDA,143.74,2025-01-17,115.00,-19.99%,3.6,111.4,29.03%,1064,44720,55.02%,0.158567,79.69%,3.2%,13.6%,"15:20 ET"
NVDA,143.74,2024-11-15,127.00,-11.65%,1.82,125.18,14.83%,1144,7884,53.86%,0.163228,81.50%,1.5%,22.1%,"15:41 ET"
NVDA,143.74,2024-11-15,97.00,-32.52%,0.21,96.79,48.51%,1148,9213,77.90%,0.018755,97.55%,0.2%,3.3%,"14:18 ET"
NVDA,143.74,2024-11-22,140.00,-2.60%,8.05,131.95,8.94%,1155,5620,60.84%,0.400425,55.91%,6.1%,71.8%,"15:42 ET"
NVDA,143.74,2025-01-17,142.00,-1.21%,12.85,129.15,11.30%,1159,1842,52.07%,0.418818,51.91%,9.9%,41.7%,"15:39 ET"
NVDA,143.74,2024-11-22,130.00,-9.56%,4.4,125.6,14.44%,1170,6442,62.88%,0.255975,70.83%,3.5%,41.2%,"15:41 ET"
NVDA,143.74,2024-11-15,112.00,-22.08%,0.53,111.47,28.95%,1174,9462,63.18%,0.051033,93.82%,0.5%,7.2%,"15:41 ET"
NVDA,143.74,2024-11-08,118.00,-17.91%,0.55,117.45,22.38%,1185,3812,62.75%,0.062385,92.74%,0.5%,10.1%,"15:39 ET"
NVDA,143.74,2024-11-01,129.00,-10.25%,0.68,128.32,12.02%,1204,2227,54.49%,0.105522,88.48%,0.5%,19.3%,"15:39 ET"
NVDA,143.74,2024-11-15,128.00,-10.95%,1.99,126.01,14.07%,1217,5953,53.63%,0.176758,80.05%,1.6%,24.0%,"15:42 ET"
NVDA,143.74,2024-11-01,126.00,-12.34%,0.46,125.54,14.50%,1237,6228,57.22%,0.074363,91.79%,0.4%,13.4%,"15:41 ET"
NVDA,143.74,2024-11-15,138.00,-3.99%,4.6,133.4,7.75%,1249,6099,50.22%,0.346049,62.42%,3.4%,52.4%,"15:31 ET"
NVDA,143.74,2024-11-15,129.00,-10.25%,2.17,126.83,13.33%,1269,7180,53.11%,0.189874,78.66%,1.7%,26.0%,"15:41 ET"
NVDA,143.74,2024-11-08,105.00,-26.95%,0.21,104.79,37.17%,1294,2727,76.07%,0.022551,97.21%,0.2%,4.3%,"15:41 ET"
NVDA,143.74,2024-11-15,141.00,-1.91%,5.8,135.2,6.32%,1294,2136,49.84%,0.409409,55.98%,4.3%,65.2%,"15:04 ET"
NVDA,143.74,2024-11-08,117.00,-18.60%,0.51,116.49,23.39%,1300,1690,63.64%,0.057334,93.30%,0.4%,9.4%,"15:42 ET"
NVDA,143.74,2024-11-08,120.00,-16.52%,0.65,119.35,20.44%,1307,8184,61.05%,0.074005,91.47%,0.5%,11.7%,"15:40 ET"
NVDA,143.74,2024-11-22,135.00,-6.08%,6.05,128.95,11.47%,1390,3735,62.04%,0.325372,63.57%,4.7%,55.2%,"15:41 ET"
NVDA,143.74,2024-11-01,121.00,-15.82%,0.26,120.74,19.05%,1392,1570,62.60%,0.042785,95.17%,0.2%,7.9%,"15:27 ET"
NVDA,143.74,2024-12-20,115.00,-19.99%,2.65,112.35,27.94%,1404,21069,58.87%,0.138347,82.70%,2.4%,14.6%,"15:36 ET"
NVDA,143.74,2024-11-08,115.00,-19.99%,0.43,114.57,25.46%,1422,4446,65.72%,0.049096,94.21%,0.4%,8.1%,"15:38 ET"
NVDA,143.74,2024-11-01,123.00,-14.43%,0.32,122.68,17.17%,1442,1670,60.19%,0.052665,94.11%,0.3%,9.5%,"15:29 ET"
NVDA,143.74,2024-11-22,125.00,-13.04%,3.1,121.9,17.92%,1457,5081,63.95%,0.195197,77.33%,2.5%,29.9%,"15:39 ET"
NVDA,143.74,2024-11-15,108.00,-24.86%,0.4,107.6,33.59%,1470,5441,66.93%,0.038817,95.21%,0.4%,5.7%,"15:31 ET"
NVDA,143.74,2024-11-01,131.00,-8.86%,0.88,130.12,10.47%,1477,6681,53.10%,0.134364,85.45%,0.7%,24.7%,"15:42 ET"
NVDA,143.74,2024-12-20,125.00,-13.04%,4.75,120.25,19.53%,1519,20947,56.80%,0.225832,72.96%,4.0%,24.4%,"15:38 ET"
NVDA,143.74,2024-11-29,117.00,-18.60%,2,115,24.99%,1548,2001,62.62%,0.127304,84.58%,1.7%,16.7%,"15:13 ET"
NVDA,143.74,2024-11-08,137.00,-4.69%,3.45,133.55,7.63%,1573,2145,53.01%,0.312832,66.27%,2.6%,55.5%,"15:23 ET"
NVDA,143.74,2024-11-01,117.00,-18.60%,0.17,116.83,23.03%,1604,4080,67.29%,0.028156,96.77%,0.1%,5.3%,"15:42 ET"
NVDA,143.74,2024-11-15,100.00,-30.43%,0.25,99.75,44.10%,1618,40234,74.76%,0.022738,97.08%,0.3%,3.8%,"15:41 ET"
NVDA,143.74,2024-11-15,99.00,-31.13%,0.23,98.77,45.53%,1619,8137,75.49%,0.020936,97.30%,0.2%,3.5%,"14:12 ET"
NVDA,143.74,2024-11-22,120.00,-16.52%,2.18,117.82,22.00%,1675,6853,65.27%,0.144504,82.87%,1.9%,21.8%,"15:42 ET"
NVDA,143.74,2024-11-01,136.00,-5.38%,1.75,134.25,7.07%,1811,3284,50.66%,0.239491,74.54%,1.3%,47.6%,"15:42 ET"
NVDA,143.74,2024-11-22,110.00,-23.47%,1.05,108.95,31.93%,1889,3130,69.23%,0.074575,90.76%,1.0%,11.3%,"15:36 ET"
NVDA,143.74,2024-11-08,130.00,-9.56%,1.75,128.25,12.08%,1996,5546,55.07%,0.17982,80.10%,1.4%,29.3%,"15:38 ET"
NVDA,143.74,2025-01-17,100.00,-30.43%,1.56,98.44,46.02%,2020,57277,59.00%,0.075196,89.61%,1.6%,6.6%,"15:20 ET"
NVDA,143.74,2024-11-15,120.00,-16.52%,0.99,119.01,20.78%,2100,41327,57.54%,0.094708,88.94%,0.8%,12.7%,"15:41 ET"
NVDA,143.74,2024-11-15,142.00,-1.21%,6.2,135.8,5.85%,2128,2914,49.61%,0.431171,53.81%,4.6%,69.4%,"15:42 ET"
NVDA,143.74,2024-11-15,125.00,-13.04%,1.52,123.48,16.41%,2217,38305,54.87%,0.140348,83.96%,1.2%,18.7%,"15:41 ET"
NVDA,143.74,2025-01-17,120.00,-16.52%,4.75,115.25,24.72%,2233,36745,54.31%,0.198052,75.20%,4.1%,17.3%,"15:25 ET"
NVDA,143.74,2024-11-01,132.00,-8.17%,1.01,130.99,9.73%,2307,2831,52.66%,0.152163,83.58%,0.8%,28.1%,"15:41 ET"
NVDA,143.74,2024-11-01,110.00,-23.47%,0.09,109.91,30.78%,2345,8178,76.72%,0.014832,98.24%,0.1%,3.0%,"15:39 ET"
NVDA,143.74,2024-11-01,141.00,-1.91%,3.3,137.7,4.39%,2521,2365,48.87%,0.388329,59.40%,2.4%,87.5%,"15:37 ET"
NVDA,143.74,2024-11-15,116.00,-19.30%,0.71,115.29,24.68%,2533,7411,60.05%,0.068902,91.81%,0.6%,9.4%,"15:14 ET"
NVDA,143.74,2024-11-01,139.00,-3.30%,2.59,136.41,5.37%,2676,2723,49.69%,0.32476,65.82%,1.9%,69.3%,"15:39 ET"
NVDA,143.74,2024-11-15,132.00,-8.17%,2.82,129.18,11.27%,2732,7147,52.09%,0.235686,73.82%,2.2%,33.2%,"15:34 ET"
NVDA,143.74,2024-11-08,135.00,-6.08%,2.88,132.12,8.80%,2747,7742,53.31%,0.269631,70.72%,2.2%,46.8%,"15:38 ET"
NVDA,143.74,2024-11-08,140.00,-2.60%,4.55,135.45,6.12%,2760,2606,52.08%,0.381659,59.27%,3.4%,72.1%,"15:38 ET"
NVDA,143.74,2024-11-15,85.00,-40.87%,0.11,84.89,69.33%,2783,27975,91.55%,0.009021,98.74%,0.1%,2.0%,"14:55 ET"
NVDA,143.74,2024-12-20,130.00,-9.56%,6.25,123.75,16.15%,2807,20614,55.91%,0.27903,67.26%,5.1%,31.2%,"15:37 ET"
NVDA,143.74,2025-01-17,130.00,-9.56%,7.75,122.25,17.58%,2865,36137,53.00%,0.290593,65.11%,6.3%,26.6%,"15:39 ET"
NVDA,143.74,2024-11-15,136.00,-5.38%,3.95,132.05,8.85%,2968,4949,51.10%,0.307411,66.36%,3.0%,45.5%,"15:42 ET"
NVDA,143.74,2024-11-15,135.00,-6.08%,3.6,131.4,9.39%,3073,18152,51.45%,0.288794,68.28%,2.7%,41.7%,"15:38 ET"
NVDA,143.74,2024-11-01,128.00,-10.95%,0.59,127.41,12.82%,3378,5337,55.36%,0.093856,89.72%,0.5%,16.9%,"15:26 ET"
NVDA,143.74,2024-11-01,137.00,-4.69%,2,135,6.47%,3399,3628,50.14%,0.265645,71.86%,1.5%,54.1%,"15:39 ET"
NVDA,143.74,2024-11-01,134.00,-6.78%,1.34,132.66,8.35%,3569,7215,51.46%,0.191476,79.50%,1.0%,36.9%,"15:41 ET"
NVDA,143.74,2024-12-20,140.00,-2.60%,10.2,129.8,10.74%,3628,10375,55.06%,0.399783,54.74%,7.9%,48.6%,"15:41 ET"
NVDA,143.74,2024-11-01,142.00,-1.21%,3.7,138.3,3.93%,3963,2076,48.80%,0.42227,55.99%,2.7%,97.7%,"15:42 ET"
NVDA,143.74,2025-01-17,90.00,-37.39%,0.9,89.1,61.32%,4007,35573,63.23%,0.044224,93.53%,1.0%,4.2%,"15:30 ET"
NVDA,143.74,2024-12-20,100.00,-30.43%,1.06,98.94,45.28%,4284,59193,64.38%,0.059766,91.95%,1.1%,6.6%,"15:37 ET"
NVDA,143.74,2024-12-20,121.00,-15.82%,3.8,117.2,22.65%,4534,6984,57.42%,0.187141,77.22%,3.2%,20.1%,"15:34 ET"
NVDA,143.74,2024-11-15,130.00,-9.56%,2.37,127.63,12.62%,4963,28478,52.85%,0.204721,77.08%,1.9%,28.2%,"15:41 ET"
NVDA,143.74,2025-01-17,140.00,-2.60%,11.85,128.15,12.17%,4996,12479,52.09%,0.396639,54.13%,9.2%,38.8%,"15:42 ET"
NVDA,143.74,2024-11-15,140.00,-2.60%,5.35,134.65,6.75%,5239,12359,50.00%,0.387994,58.15%,4.0%,60.4%,"15:42 ET"
NVDA,143.74,2024-12-20,135.00,-6.08%,8.1,126.9,13.27%,5389,17227,55.37%,0.337824,61.10%,6.4%,39.5%,"15:42 ET"
NVDA,143.74,2024-12-20,75.00,-47.82%,0.28,74.72,92.37%,5599,27987,81.93%,0.015391,97.59%,0.4%,2.3%,"15:36 ET"
NVDA,143.74,2024-11-01,125.00,-13.04%,0.41,124.59,15.37%,6261,21418,57.95%,0.065522,92.73%,0.3%,12.0%,"15:37 ET"
NVDA,143.74,2024-12-20,70.00,-51.30%,0.21,69.79,105.96%,6392,25302,85.37%,0.011088,98.20%,0.3%,1.9%,"15:36 ET"
NVDA,143.74,2024-11-01,138.00,-3.99%,2.28,135.72,5.91%,6684,6551,49.80%,0.294103,68.95%,1.7%,61.3%,"15:40 ET"
NVDA,143.74,2024-11-01,130.00,-9.56%,0.77,129.23,11.23%,6928,22789,53.83%,0.119333,87.03%,0.6%,21.7%,"15:41 ET"
NVDA,143.74,2024-11-01,120.00,-16.52%,0.23,119.77,20.01%,6989,13647,63.58%,0.0381,95.69%,0.2%,7.0%,"15:41 ET"
NVDA,143.74,2024-11-01,133.00,-7.47%,1.17,131.83,9.03%,7706,7340,51.92%,0.170368,81.69%,0.9%,32.4%,"15:42 ET"
NVDA,143.74,2024-11-01,135.00,-6.08%,1.53,133.47,7.69%,7941,10586,50.98%,0.214281,77.14%,1.1%,41.8%,"15:41 ET"
NVDA,143.74,2024-12-20,110.00,-23.47%,1.94,108.06,33.02%,8012,58938,60.29%,0.105369,86.51%,1.8%,11.1%,"15:41 ET"
NVDA,143.74,2024-11-15,110.00,-23.47%,0.46,109.54,31.22%,9115,52172,65.17%,0.044755,94.53%,0.4%,6.4%,"15:37 ET"
NVDA,143.74,2024-11-01,140.00,-2.60%,2.93,137.07,4.87%,10629,5078,49.12%,0.355552,62.71%,2.1%,78.0%,"15:42 ET"
NVDA,143.74,2024-11-15,115.00,-19.99%,0.66,114.34,25.71%,11367,38030,60.97%,0.064335,92.32%,0.6%,8.8%,"15:41 ET"
NVDA,143.74,2024-12-20,120.00,-16.52%,3.55,116.45,23.44%,11754,44810,57.74%,0.178605,78.16%,3.0%,18.9%,"15:41 ET"
NVDA,143.74,2024-12-20,105.00,-26.95%,1.43,103.57,38.79%,17360,49875,62.21%,0.07976,89.54%,1.4%,8.5%,"15:38 ET"
NVO,116.47,2024-12-20,105.00,-9.85%,2.99,102.01,14.18%,1019,1223,42.90%,0.237426,72.61%,2.9%,18.1%,"15:15 ET"
NVO,116.47,2025-01-17,115.00,-1.26%,7.3,107.7,8.14%,1565,2600,37.69%,0.422947,52.75%,6.8%,28.4%,"12:56 ET"
NVO,116.47,2024-11-15,100.00,-14.14%,0.73,99.27,17.33%,172,785,49.60%,0.101152,88.47%,0.7%,11.2%,"15:15 ET"
NVO,116.47,2025-01-17,105.00,-9.85%,3.65,101.35,14.92%,327,4436,39.72%,0.252056,70.36%,3.6%,15.1%,"13:11 ET"
NVO,116.47,2025-01-17,90.00,-22.73%,1.09,88.91,31.00%,343,1154,43.72%,0.08844,88.65%,1.2%,5.1%,"13:28 ET"
NVO,116.47,2024-11-15,115.00,-1.26%,4.35,110.65,5.26%,505,1928,44.05%,0.428214,54.48%,3.9%,59.8%,"12:30 ET"
NVO,116.47,2025-01-17,100.00,-14.14%,2.5,97.5,19.46%,526,2299,40.67%,0.182947,77.87%,2.6%,10.8%,"15:34 ET"
NXPI,232.04,2024-11-15,220.00,-5.19%,6.3,213.7,8.58%,167,657,51.36%,0.313692,65.71%,2.9%,44.8%,"15:01 ET"
O,63.81,2024-11-15,60.00,-5.97%,0.25,59.75,6.79%,123,1352,23.06%,0.129004,85.11%,0.4%,6.4%,"15:27 ET"
O,63.81,2024-12-20,62.50,-2.05%,1.15,61.35,4.01%,123,543,19.67%,0.353231,60.34%,1.9%,11.6%,"13:49 ET"
O,63.81,2024-11-15,62.50,-2.05%,0.65,61.85,3.17%,309,1703,19.88%,0.308527,65.80%,1.1%,16.0%,"15:40 ET"
OLLI,91.97,2024-11-15,85.00,-7.58%,0.95,84.05,9.42%,254,1022,41.26%,0.200912,77.18%,1.1%,17.2%,"12:22 ET"
ONON,48.26,2024-11-15,47.50,-1.57%,2.45,45.05,7.13%,101,878,60.71%,0.415285,54.06%,5.4%,82.7%,"14:00 ET"
ORCL,174.99,2025-01-17,155.00,-11.42%,2.81,152.19,14.98%,103,1920,31.73%,0.180004,78.32%,1.8%,7.7%,"15:36 ET"
ORCL,174.99,2024-11-15,165.00,-5.71%,1.2,163.8,6.83%,111,2388,27.03%,0.179825,80.18%,0.7%,11.1%,"15:21 ET"
ORCL,174.99,2024-12-20,150.00,-14.28%,1.52,148.48,17.85%,118,4816,35.74%,0.117903,85.82%,1.0%,6.3%,"14:44 ET"
ORCL,174.99,2024-11-15,170.00,-2.85%,2.29,167.71,4.34%,143,2176,25.47%,0.305286,67.11%,1.4%,20.8%,"15:37 ET"
ORCL,174.99,2024-12-20,165.00,-5.71%,4.55,160.45,9.06%,145,1099,33.29%,0.292158,66.98%,2.8%,17.5%,"15:25 ET"
ORCL,174.99,2024-12-20,170.00,-2.85%,6.3,163.7,6.90%,215,1999,32.72%,0.372411,58.70%,3.8%,23.8%,"15:35 ET"
ORCL,174.99,2024-11-01,172.50,-1.42%,1.68,170.82,2.44%,257,713,24.79%,0.347588,63.65%,1.0%,35.9%,"14:29 ET"
ORCL,174.99,2025-01-17,165.00,-5.71%,5.3,159.7,9.57%,304,1125,30.65%,0.301454,65.28%,3.3%,13.9%,"12:36 ET"
OXY,52.22,2024-11-08,50.00,-4.25%,0.48,49.52,5.45%,145,705,29.70%,0.237136,75.10%,1.0%,20.8%,"15:29 ET"
OXY,52.22,2025-01-17,50.00,-4.25%,1.88,48.12,8.52%,169,16270,30.23%,0.342306,61.58%,3.9%,16.4%,"13:54 ET"
OXY,52.22,2024-11-01,50.00,-4.25%,0.21,49.79,4.88%,213,1520,27.39%,0.16423,83.10%,0.4%,15.4%,"15:39 ET"
OXY,52.22,2024-11-01,51.00,-2.34%,0.41,50.59,3.22%,239,552,26.39%,0.28822,70.58%,0.8%,29.6%,"15:32 ET"
OXY,52.22,2024-12-20,47.50,-9.04%,0.84,46.66,11.92%,284,3517,32.46%,0.206008,76.60%,1.8%,11.1%,"15:30 ET"
OXY,52.22,2025-01-17,47.50,-9.04%,1.13,46.37,12.62%,386,8871,31.11%,0.230033,73.36%,2.4%,10.2%,"15:36 ET"
OZK,43.73,2024-11-15,42.50,-2.81%,1.15,41.35,5.76%,107,1073,41.92%,0.364625,60.47%,2.8%,42.3%,"14:30 ET"
PAAS,25.84,2024-11-15,21.00,-18.73%,0.1,20.9,23.64%,115,2220,55.33%,0.059854,92.81%,0.5%,7.3%,"15:08 ET"
PAAS,25.84,2025-01-17,25.00,-3.25%,1.75,23.25,11.14%,204,910,47.53%,0.384823,55.66%,7.5%,31.6%,"15:11 ET"
PANW,376.48,2024-12-20,280.00,-25.63%,1.59,278.41,35.23%,101,1527,50.57%,0.055126,92.73%,0.6%,3.5%,"12:04 ET"
PANW,376.48,2024-11-15,360.00,-4.38%,7.65,352.35,6.85%,146,658,39.70%,0.300227,66.99%,2.2%,33.0%,"15:37 ET"
PANW,376.48,2024-12-20,330.00,-12.35%,7.35,322.65,16.68%,413,908,43.53%,0.188349,77.43%,2.3%,14.1%,"15:30 ET"
PBF,33.15,2025-01-17,30.00,-9.50%,1.8,28.2,17.55%,201,830,52.14%,0.301036,65.26%,6.4%,26.8%,"13:01 ET"
PBF,33.15,2024-11-15,25.00,-24.59%,0.15,24.85,33.40%,360,1176,71.87%,0.054187,93.71%,0.6%,9.2%,"12:34 ET"
PCAR,104.4,2024-11-15,100.00,-4.21%,1.4,98.6,5.88%,296,1245,31.46%,0.277343,70.32%,1.4%,21.6%,"15:34 ET"
PCAR,104.4,2024-11-15,95.00,-9.00%,0.6,94.4,10.59%,779,1397,35.83%,0.138113,84.78%,0.6%,9.7%,"12:35 ET"
PDD,128.48,2024-12-20,120.00,-6.60%,5.9,114.1,12.60%,899,4050,50.22%,0.318027,63.24%,5.2%,32.0%,"15:33 ET"
PDD,128.48,2024-12-20,105.00,-18.28%,1.89,103.11,24.60%,965,965,51.55%,0.132668,83.49%,1.8%,11.3%,"15:01 ET"
PDD,128.48,2024-11-15,125.00,-2.71%,4.45,120.55,6.58%,1294,13597,48.52%,0.379248,58.73%,3.7%,56.1%,"13:56 ET"
PDD,128.48,2025-01-17,110.00,-14.38%,3.65,106.35,20.81%,1477,21984,46.98%,0.201107,75.08%,3.4%,14.4%,"14:02 ET"
PDD,128.48,2024-11-01,125.00,-2.71%,2.25,122.75,4.67%,2051,631,46.89%,0.339781,63.83%,1.8%,66.9%,"15:06 ET"
PDD,128.48,2024-12-20,110.00,-14.38%,2.71,107.29,19.75%,2169,4355,50.80%,0.184375,77.65%,2.5%,15.6%,"15:38 ET"
PDD,128.48,2024-11-15,120.00,-6.60%,2.62,117.38,9.46%,2684,14114,48.01%,0.260353,71.04%,2.2%,33.9%,"15:41 ET"
PDD,128.48,2024-11-15,90.00,-29.95%,0.08,89.92,42.88%,4067,3906,65.11%,0.012676,98.35%,0.1%,1.4%,"15:08 ET"
PDD,128.48,2024-12-20,95.00,-26.06%,0.78,94.22,36.36%,118,5912,53.79%,0.061801,91.86%,0.8%,5.1%,"15:38 ET"
PDD,128.48,2024-12-20,100.00,-22.17%,1.22,98.78,30.07%,130,2397,52.05%,0.090311,88.44%,1.2%,7.6%,"15:30 ET"
PDD,128.48,2024-12-20,125.00,-2.71%,8.05,116.95,9.86%,141,1394,50.42%,0.393914,55.39%,6.9%,42.6%,"14:59 ET"
PDD,128.48,2024-12-20,115.00,-10.49%,4.15,110.85,15.90%,160,2644,50.31%,0.246768,70.81%,3.7%,23.2%,"15:38 ET"
PDD,128.48,2024-11-01,110.00,-14.38%,0.1,109.9,16.91%,164,4629,52.17%,0.031369,96.39%,0.1%,3.3%,"15:33 ET"
PDD,128.48,2025-01-17,105.00,-18.28%,2.37,102.63,25.19%,221,4567,47.01%,0.148923,81.04%,2.3%,9.7%,"14:01 ET"
PDD,128.48,2025-01-17,115.00,-10.49%,5.1,109.9,16.91%,258,7326,46.92%,0.26021,68.58%,4.6%,19.5%,"12:20 ET"
PDD,128.48,2024-11-15,115.00,-10.49%,1.42,113.58,13.12%,285,4297,48.32%,0.162764,81.45%,1.3%,19.0%,"15:41 ET"
PDD,128.48,2025-01-17,120.00,-6.60%,6.9,113.1,13.60%,330,10776,46.57%,0.323829,61.80%,6.1%,25.6%,"14:13 ET"
PDD,128.48,2024-11-15,110.00,-14.38%,0.74,109.26,17.59%,414,11523,49.30%,0.093707,89.04%,0.7%,10.3%,"15:24 ET"
PFE,28.85,2024-11-08,27.00,-6.41%,0.24,26.76,7.81%,110,1606,37.71%,0.192441,79.23%,0.9%,19.3%,"14:49 ET"
PFE,28.85,2024-11-01,27.50,-4.68%,0.17,27.33,5.56%,126,781,35.74%,0.194908,79.11%,0.6%,22.7%,"15:14 ET"
PFE,28.85,2024-11-01,27.00,-6.41%,0.11,26.89,7.29%,139,13552,36.29%,0.124425,86.51%,0.4%,14.9%,"14:21 ET"
PFE,28.85,2024-11-15,27.00,-6.41%,0.3,26.7,8.05%,267,7235,34.12%,0.208003,77.56%,1.1%,17.1%,"15:38 ET"
PFE,28.85,2024-11-08,28.00,-2.95%,0.53,27.47,5.02%,376,1836,37.78%,0.336544,64.31%,1.9%,41.4%,"14:40 ET"
PFE,28.85,2024-11-01,28.50,-1.21%,0.46,28.04,2.89%,464,1419,33.99%,0.394847,58.59%,1.6%,59.9%,"15:38 ET"
PFE,28.85,2024-12-20,26.00,-9.88%,0.26,25.74,12.08%,657,10309,27.18%,0.15531,82.94%,1.0%,6.2%,"13:48 ET"
PFE,28.85,2024-11-01,28.00,-2.95%,0.29,27.71,4.11%,807,4606,33.91%,0.280183,70.29%,1.0%,38.2%,"15:35 ET"
PFE,28.85,2024-11-15,28.00,-2.95%,0.6,27.4,5.29%,1035,17600,33.97%,0.344697,63.43%,2.2%,33.3%,"15:31 ET"
PFE,28.85,2024-12-20,28.00,-2.95%,0.81,27.19,6.11%,1165,22490,26.46%,0.365225,61.07%,3.0%,18.4%,"15:34 ET"
PFE,28.85,2025-01-17,27.50,-4.68%,0.78,26.72,7.97%,2755,60514,24.91%,0.321529,65.33%,2.9%,12.2%,"15:02 ET"
PFE,28.85,2024-12-20,24.00,-16.81%,0.1,23.9,20.71%,3217,6966,30.99%,0.061116,93.02%,0.4%,2.6%,"13:10 ET"
PFE,28.85,2024-12-20,27.00,-6.41%,0.47,26.53,8.74%,4321,13776,26.54%,0.247273,73.27%,1.8%,11.0%,"15:34 ET"
PFE,28.85,2025-01-17,25.00,-13.34%,0.24,24.76,16.52%,7226,64837,27.43%,0.126756,85.76%,1.0%,4.1%,"15:33 ET"
PG,170.07,2024-12-20,155.00,-8.86%,0.54,154.46,10.11%,118,4607,18.75%,0.093921,89.08%,0.3%,2.2%,"15:07 ET"
PG,170.07,2024-12-20,160.00,-5.92%,0.93,159.07,6.92%,142,1456,16.72%,0.160027,81.80%,0.6%,3.6%,"15:36 ET"
PG,170.07,2025-01-17,165.00,-2.98%,2.36,162.64,4.57%,310,4674,14.75%,0.299949,66.28%,1.5%,6.1%,"15:18 ET"
PG,170.07,2024-12-20,165.00,-2.98%,1.81,163.19,4.22%,586,3608,15.10%,0.279634,69.09%,1.1%,6.9%,"15:07 ET"
PINS,31.92,2024-12-20,30.00,-6.02%,1.68,28.32,12.71%,116,1472,54.55%,0.333344,61.13%,5.9%,36.7%,"14:05 ET"
PINS,31.92,2024-11-15,25.00,-21.68%,0.26,24.74,29.02%,517,695,77.48%,0.087852,89.06%,1.1%,16.0%,"15:28 ET"
PINS,31.92,2024-11-15,27.00,-15.41%,0.53,26.47,20.59%,593,1126,74.54%,0.159397,80.94%,2.0%,30.5%,"15:31 ET"
PINS,31.92,2025-01-17,31.00,-2.88%,2.3,28.7,11.22%,1426,4839,47.83%,0.386881,54.98%,8.0%,33.6%,"13:51 ET"
PLTR,43.02,2024-11-15,35.00,-18.64%,0.55,34.45,24.88%,654,9306,76.36%,0.123311,85.40%,1.6%,24.3%,"15:41 ET"
PLTR,43.02,2024-11-08,40.00,-7.02%,1.69,38.31,12.29%,781,5121,83.84%,0.310295,65.63%,4.4%,94.7%,"15:39 ET"
PLTR,43.02,2024-11-15,34.00,-20.97%,0.42,33.58,28.11%,903,6183,77.40%,0.098224,88.21%,1.3%,19.0%,"15:39 ET"
PLTR,43.02,2024-11-01,40.00,-7.02%,0.25,39.75,8.23%,923,5699,43.79%,0.15007,84.24%,0.6%,23.0%,"15:38 ET"
PLTR,43.02,2024-11-01,40.50,-5.86%,0.33,40.17,7.09%,983,2643,43.01%,0.189744,80.17%,0.8%,30.0%,"15:39 ET"
PLTR,43.02,2024-12-20,40.00,-7.02%,2.51,37.49,14.75%,994,3682,59.56%,0.328508,61.94%,6.7%,41.4%,"15:36 ET"
PLTR,43.02,2024-11-01,42.50,-1.21%,0.95,41.55,3.54%,1236,1312,42.04%,0.419497,56.94%,2.3%,83.5%,"15:28 ET"
PLTR,43.02,2024-11-01,42.00,-2.37%,0.75,41.25,4.29%,1567,3141,42.29%,0.354912,63.41%,1.8%,66.4%,"15:39 ET"
PLTR,43.02,2024-11-08,42.00,-2.37%,2.54,39.46,9.02%,1777,2230,84.18%,0.411162,55.25%,6.4%,138.2%,"15:39 ET"
PLTR,43.02,2024-11-08,35.00,-18.64%,0.45,34.55,24.52%,2191,3064,85.56%,0.112633,86.81%,1.3%,28.0%,"15:39 ET"
PLTR,43.02,2024-11-01,39.50,-8.18%,0.18,39.32,9.41%,105,720,45.46%,0.121419,87.17%,0.5%,16.7%,"15:39 ET"
PLTR,43.02,2024-11-22,40.00,-7.02%,1.97,38.03,13.12%,107,812,69.09%,0.318497,64.11%,5.2%,61.0%,"15:38 ET"
PLTR,43.02,2024-11-15,42.00,-2.37%,2.71,39.29,9.49%,113,10836,74.97%,0.410542,54.97%,6.9%,104.9%,"15:40 ET"
PLTR,43.02,2024-11-29,40.00,-7.02%,2.07,37.93,13.42%,116,716,64.89%,0.320851,63.60%,5.5%,52.4%,"15:16 ET"
PLTR,43.02,2024-12-20,33.00,-23.29%,0.66,32.34,33.02%,127,7253,62.45%,0.114274,85.45%,2.0%,12.6%,"15:38 ET"
PLTR,43.02,2024-11-15,37.00,-13.99%,0.92,36.08,19.24%,137,12375,75.09%,0.187812,78.32%,2.5%,38.8%,"15:19 ET"
PLTR,43.02,2025-01-17,35.00,-18.64%,1.32,33.68,27.73%,146,4589,56.86%,0.180581,77.13%,3.9%,16.4%,"14:54 ET"
PLTR,43.02,2024-12-20,30.00,-30.26%,0.34,29.66,45.04%,147,7861,65.03%,0.062813,91.60%,1.1%,7.1%,"14:11 ET"
PLTR,43.02,2024-11-08,36.00,-16.32%,0.61,35.39,21.56%,155,1860,84.57%,0.142275,83.55%,1.7%,37.0%,"15:39 ET"
PLTR,43.02,2024-11-08,37.00,-13.99%,0.8,36.2,18.84%,165,1793,84.65%,0.17898,79.54%,2.2%,47.4%,"15:39 ET"
PLTR,43.02,2024-11-15,33.00,-23.29%,0.32,32.68,31.64%,168,5570,78.75%,0.07766,90.54%,1.0%,14.9%,"15:26 ET"
PLTR,43.02,2024-11-08,41.00,-4.70%,2.09,38.91,10.56%,205,1821,83.48%,0.35979,60.52%,5.4%,115.3%,"15:34 ET"
PLTR,43.02,2024-11-22,35.00,-18.64%,0.64,34.36,25.20%,210,1625,71.02%,0.133249,84.06%,1.9%,21.9%,"15:22 ET"
PLTR,43.02,2024-11-01,38.50,-10.51%,0.11,38.39,12.06%,213,538,46.99%,0.071825,92.32%,0.3%,10.5%,"15:34 ET"
PLTR,43.02,2025-01-17,30.00,-30.26%,0.5,29.5,45.83%,222,11707,59.61%,0.078474,89.22%,1.7%,7.1%,"15:07 ET"
PLTR,43.02,2024-11-01,39.00,-9.34%,0.14,38.86,10.71%,231,2511,46.30%,0.094332,89.97%,0.4%,13.1%,"15:36 ET"
PLTR,43.02,2024-11-15,39.00,-9.34%,1.48,37.52,14.66%,233,3139,74.73%,0.269548,69.57%,3.9%,60.0%,"15:42 ET"
PLTR,43.02,2024-11-15,38.00,-11.67%,1.18,36.82,16.84%,249,9363,74.46%,0.226033,74.21%,3.2%,48.7%,"15:38 ET"
PLTR,43.02,2024-11-01,38.00,-11.67%,0.08,37.92,13.45%,253,2889,50.13%,0.062606,93.26%,0.2%,7.7%,"15:08 ET"
PLTR,43.02,2024-11-01,37.00,-13.99%,0.06,36.94,16.46%,267,2553,52.74%,0.038587,95.79%,0.2%,5.9%,"15:38 ET"
PLTR,43.02,2024-11-08,38.00,-11.67%,1.04,36.96,16.40%,283,1737,83.80%,0.217945,75.37%,2.8%,60.4%,"15:41 ET"
PLTR,43.02,2024-12-20,37.00,-13.99%,1.49,35.51,21.15%,294,2894,60.45%,0.222555,73.25%,4.2%,26.0%,"15:42 ET"
PLTR,43.02,2024-11-08,33.00,-23.29%,0.24,32.76,31.32%,300,1015,87.87%,0.067316,91.90%,0.7%,15.7%,"15:39 ET"
PLTR,43.02,2024-11-15,36.00,-16.32%,0.71,35.29,21.90%,309,6343,75.74%,0.15355,82.05%,2.0%,30.6%,"15:12 ET"
PLTR,43.02,2024-12-20,42.00,-2.37%,3.4,38.6,11.45%,364,1869,58.91%,0.405626,54.03%,8.8%,54.5%,"15:33 ET"
PLTR,43.02,2024-11-08,34.00,-20.97%,0.33,33.67,27.77%,367,3040,86.54%,0.087501,89.62%,1.0%,21.0%,"15:39 ET"
PLTR,43.02,2024-12-20,38.00,-11.67%,1.79,36.21,18.81%,382,4447,60.11%,0.25598,69.62%,4.9%,30.6%,"15:39 ET"
PLTR,43.02,2024-11-15,40.00,-7.02%,1.84,38.16,12.74%,383,7626,74.73%,0.315013,64.80%,4.8%,73.3%,"15:39 ET"
PLTR,43.02,2025-01-17,40.00,-7.02%,2.94,37.06,16.08%,432,4488,55.30%,0.332426,60.63%,7.9%,33.3%,"15:39 ET"
PLTR,43.02,2024-11-01,41.50,-3.53%,0.57,40.93,5.11%,457,1052,42.06%,0.292466,69.73%,1.4%,50.8%,"15:34 ET"
PLTR,43.02,2024-11-01,41.00,-4.70%,0.44,40.56,6.07%,518,2233,43.12%,0.240491,74.98%,1.1%,39.6%,"15:40 ET"
PLTR,43.02,2024-12-20,35.00,-18.64%,1.01,33.99,26.57%,591,5207,61.23%,0.162678,79.90%,3.0%,18.4%,"15:37 ET"
PM,131.18,2025-01-17,105.00,-19.96%,0.25,104.75,25.23%,100,1273,28.51%,0.044221,94.51%,0.2%,1.0%,"15:04 ET"
PM,131.18,2024-12-20,125.00,-4.71%,1.35,123.65,6.09%,181,679,18.90%,0.234605,73.73%,1.1%,6.8%,"15:19 ET"
PM,131.18,2025-01-17,100.00,-23.77%,0.15,99.85,31.38%,208,951,30.46%,0.026694,96.60%,0.2%,0.6%,"15:09 ET"
PM,131.18,2024-12-20,120.00,-8.52%,0.65,119.35,9.91%,348,1793,21.22%,0.12874,85.18%,0.5%,3.4%,"15:27 ET"
PM,131.18,2025-01-17,115.00,-12.33%,0.7,114.3,14.77%,1209,2859,22.73%,0.099459,88.23%,0.6%,2.6%,"15:27 ET"
PRU,125.79,2025-01-17,95.00,-24.48%,0.6,94.4,33.25%,100,5522,40.08%,0.060847,92.43%,0.6%,2.7%,"12:39 ET"
PSTG,53.28,2024-11-15,50.00,-6.16%,0.95,49.05,8.62%,710,2696,43.24%,0.257893,71.67%,1.9%,29.5%,"15:30 ET"
PYPL,81.08,2024-12-20,70.00,-13.67%,1.29,68.71,18.00%,1632,1904,42.30%,0.163882,80.62%,1.9%,11.6%,"15:31 ET"
PYPL,81.08,2024-11-15,75.00,-7.50%,1.79,73.21,10.75%,101,3743,52.56%,0.257392,71.85%,2.4%,37.2%,"15:39 ET"
PYPL,81.08,2024-11-01,70.00,-13.67%,0.4,69.6,16.49%,169,2330,68.65%,0.089585,90.20%,0.6%,21.0%,"15:41 ET"
PYPL,81.08,2025-01-17,80.00,-1.33%,4.95,75.05,8.03%,227,6676,37.28%,0.420797,52.94%,6.6%,27.7%,"15:39 ET"
PYPL,81.08,2024-11-01,80.00,-1.33%,3,77,5.30%,252,663,66.58%,0.433078,54.84%,3.9%,142.2%,"15:39 ET"
PYPL,81.08,2025-01-17,72.50,-10.58%,2.24,70.26,15.40%,271,3406,38.53%,0.232539,72.39%,3.2%,13.4%,"15:25 ET"
PYPL,81.08,2024-11-01,78.00,-3.80%,2.17,75.83,6.92%,278,718,66.62%,0.345097,63.73%,2.9%,104.5%,"15:37 ET"
PYPL,81.08,2025-01-17,75.00,-7.50%,2.97,72.03,12.56%,363,11618,38.11%,0.290253,66.24%,4.1%,17.3%,"15:39 ET"
PYPL,81.08,2024-11-15,80.00,-1.33%,3.6,76.4,6.13%,395,2656,50.84%,0.431756,54.10%,4.7%,71.7%,"15:31 ET"
PYPL,81.08,2024-11-01,75.00,-7.50%,1.21,73.79,9.88%,409,1019,66.72%,0.225492,75.98%,1.6%,59.9%,"15:38 ET"
PYPL,81.08,2024-12-20,72.50,-10.58%,1.81,70.69,14.70%,596,2286,41.90%,0.218598,74.66%,2.6%,15.8%,"15:39 ET"
QCOM,173.22,2024-12-20,150.00,-13.40%,3.3,146.7,18.08%,103,2678,45.05%,0.182689,78.66%,2.2%,13.9%,"15:32 ET"
QCOM,173.22,2024-11-15,155.00,-10.52%,2.33,152.67,13.46%,105,2001,51.37%,0.179767,80.06%,1.5%,23.2%,"15:23 ET"
QCOM,173.22,2024-11-15,160.00,-7.63%,3.45,156.55,10.65%,114,2624,50.42%,0.246597,73.04%,2.2%,33.5%,"15:40 ET"
QCOM,173.22,2024-11-08,170.00,-1.86%,6.25,163.75,5.78%,120,635,53.41%,0.411878,56.47%,3.8%,81.9%,"15:33 ET"
QCOM,173.22,2024-11-15,165.00,-4.75%,4.95,160.05,8.23%,130,2278,49.13%,0.324459,65.02%,3.1%,47.0%,"15:36 ET"
QCOM,173.22,2024-11-01,167.50,-3.30%,1.98,165.52,4.65%,147,569,38.03%,0.287222,70.31%,1.2%,43.7%,"15:38 ET"
QCOM,173.22,2024-12-20,155.00,-10.52%,4.5,150.5,15.10%,149,1612,44.15%,0.231155,73.44%,3.0%,18.5%,"15:27 ET"
QCOM,173.22,2024-11-01,155.00,-10.52%,0.29,154.71,11.96%,160,1783,42.75%,0.054395,94.19%,0.2%,6.8%,"15:30 ET"
QCOM,173.22,2024-11-15,150.00,-13.40%,1.56,148.44,16.69%,184,2609,52.74%,0.127481,85.64%,1.1%,16.0%,"15:36 ET"
QCOM,173.22,2024-11-15,170.00,-1.86%,6.9,163.1,6.20%,216,3244,48.95%,0.413711,55.94%,4.2%,64.3%,"15:41 ET"
QCOM,173.22,2024-11-01,170.00,-1.86%,2.78,167.22,3.59%,349,1467,37.39%,0.370554,61.91%,1.7%,60.7%,"15:25 ET"
QCOM,173.22,2024-11-01,160.00,-7.63%,0.63,159.37,8.69%,397,816,40.69%,0.113209,88.07%,0.4%,14.4%,"15:40 ET"
QCOM,173.22,2025-01-17,160.00,-7.63%,7.25,152.75,13.40%,1571,4260,41.06%,0.300342,65.39%,4.7%,19.9%,"15:38 ET"
QQQ,496.16,2024-11-01,484.00,-2.45%,2.19,481.81,2.98%,638,991,20.77%,0.221158,76.48%,0.5%,16.6%,"15:42 ET"
QQQ,496.16,2024-11-15,440.00,-11.32%,0.9,439.1,12.99%,642,47641,30.44%,0.053429,93.81%,0.2%,3.1%,"15:35 ET"
QQQ,496.16,2024-11-08,460.00,-7.29%,1.33,458.67,8.17%,666,7733,27.89%,0.093729,89.57%,0.3%,6.2%,"14:58 ET"
QQQ,496.16,2024-11-29,460.00,-7.29%,3.14,456.86,8.60%,693,867,24.71%,0.148656,82.88%,0.7%,6.6%,"15:37 ET"
QQQ,496.16,2025-01-17,490.00,-1.24%,13.89,476.11,4.21%,702,5238,19.64%,0.398039,55.18%,2.9%,12.2%,"15:42 ET"
QQQ,496.16,2024-11-01,474.00,-4.47%,0.95,473.05,4.89%,730,7672,22.89%,0.105163,88.61%,0.2%,7.3%,"15:34 ET"
QQQ,496.16,2024-11-29,480.00,-3.26%,6.37,473.63,4.76%,750,777,21.71%,0.286267,68.18%,1.3%,12.9%,"15:35 ET"
QQQ,496.16,2024-11-15,425.00,-14.34%,0.54,424.46,16.89%,882,18433,33.88%,0.031697,96.26%,0.1%,1.9%,"15:26 ET"
QQQ,496.16,2024-11-15,315.00,-36.51%,0.06,314.94,57.54%,954,2294,65.93%,0.002657,99.64%,0.0%,0.3%,"13:41 ET"
QQQ,496.16,2024-11-15,445.00,-10.31%,1.09,443.91,11.77%,956,25546,29.55%,0.065589,92.45%,0.2%,3.7%,"15:41 ET"
QQQ,496.16,2024-11-08,480.00,-3.26%,3.81,476.19,4.19%,1004,1905,24.20%,0.243889,73.70%,0.8%,17.2%,"15:42 ET"
QQQ,496.16,2024-11-15,390.00,-21.40%,0.22,389.78,27.29%,1008,7784,42.84%,0.011568,98.58%,0.1%,0.9%,"15:13 ET"
QQQ,496.16,2024-10-31,450.00,-9.30%,0.13,449.87,10.29%,1030,16802,29.79%,0.016546,98.16%,0.0%,1.2%,"14:29 ET"
QQQ,496.16,2024-11-01,486.00,-2.05%,2.58,483.42,2.64%,1066,1185,20.35%,0.254501,73.04%,0.5%,19.5%,"15:31 ET"
QQQ,496.16,2024-11-01,482.00,-2.85%,1.86,480.14,3.34%,1151,11278,21.21%,0.191752,79.53%,0.4%,14.1%,"15:00 ET"
QQQ,496.16,2024-11-08,490.00,-1.24%,6.33,483.67,2.58%,1285,1115,22.29%,0.37542,60.24%,1.3%,28.1%,"15:32 ET"
QQQ,496.16,2024-12-20,460.00,-7.29%,4.92,455.08,9.03%,1312,31779,23.85%,0.182824,78.50%,1.1%,6.7%,"15:05 ET"
QQQ,496.16,2024-11-08,435.00,-12.33%,0.42,434.58,14.17%,1398,3668,33.55%,0.030107,96.54%,0.1%,2.1%,"15:29 ET"
QQQ,496.16,2024-11-01,489.00,-1.44%,3.28,485.72,2.15%,1515,3208,19.67%,0.311251,67.24%,0.7%,24.6%,"15:14 ET"
QQQ,496.16,2024-11-15,450.00,-9.30%,1.34,448.66,10.59%,1538,38721,28.60%,0.080092,90.85%,0.3%,4.5%,"15:41 ET"
QQQ,496.16,2024-11-01,478.00,-3.66%,1.33,476.67,4.09%,1567,9507,22.04%,0.142538,84.67%,0.3%,10.2%,"15:11 ET"
QQQ,496.16,2024-12-20,455.00,-8.30%,4.29,450.71,10.08%,1605,14806,24.54%,0.160214,81.00%,1.0%,5.9%,"15:23 ET"
QQQ,496.16,2024-11-15,485.00,-2.25%,5.96,479.04,3.57%,1665,48117,22.13%,0.318615,65.58%,1.2%,18.9%,"15:42 ET"
QQQ,496.16,2024-11-01,490.00,-1.24%,3.55,486.45,2.00%,1787,5445,19.51%,0.332673,65.06%,0.7%,26.6%,"15:41 ET"
QQQ,496.16,2024-12-20,480.00,-3.26%,8.64,471.36,5.26%,1867,44045,21.21%,0.308207,65.11%,1.8%,11.3%,"15:38 ET"
QQQ,496.16,2024-11-15,455.00,-8.30%,1.65,453.35,9.44%,1883,17368,27.66%,0.097845,88.90%,0.4%,5.5%,"15:30 ET"
QQQ,496.16,2024-12-20,400.00,-19.38%,1.13,398.87,24.39%,2048,35698,33.00%,0.040756,94.78%,0.3%,1.8%,"15:39 ET"
QQQ,496.16,2024-12-31,490.00,-1.24%,12.37,477.63,3.88%,2134,1809,19.67%,0.396683,55.76%,2.6%,13.5%,"15:37 ET"
QQQ,496.16,2024-12-31,460.00,-7.29%,5.57,454.43,9.18%,2173,2120,23.25%,0.192342,77.13%,1.2%,6.4%,"14:41 ET"
QQQ,496.16,2024-11-15,470.00,-5.27%,3.12,466.88,6.27%,2347,27821,24.90%,0.178659,80.18%,0.7%,10.2%,"15:41 ET"
QQQ,496.16,2024-11-01,483.00,-2.65%,2.02,480.98,3.16%,2585,3389,20.99%,0.206073,78.04%,0.4%,15.3%,"15:20 ET"
QQQ,496.16,2024-10-31,490.00,-1.24%,2.96,487.04,1.87%,2638,2726,18.37%,0.316652,66.75%,0.6%,24.6%,"15:03 ET"
QQQ,496.16,2024-11-01,480.00,-3.26%,1.57,478.43,3.71%,2645,9097,21.60%,0.165364,82.28%,0.3%,12.0%,"15:41 ET"
QQQ,496.16,2024-11-08,482.00,-2.85%,4.22,477.78,3.85%,2733,663,23.80%,0.266561,71.36%,0.9%,19.0%,"15:42 ET"
QQQ,496.16,2024-12-20,475.00,-4.26%,7.49,467.51,6.13%,2920,23278,21.85%,0.271102,69.01%,1.6%,9.9%,"15:09 ET"
QQQ,496.16,2025-01-17,460.00,-7.29%,6.77,453.23,9.47%,3131,33853,22.91%,0.207358,75.07%,1.5%,6.3%,"15:12 ET"
QQQ,496.16,2024-11-15,475.00,-4.26%,3.87,471.13,5.31%,3300,36530,23.95%,0.217212,76.11%,0.8%,12.5%,"15:36 ET"
QQQ,496.16,2024-12-20,490.00,-1.24%,11.48,478.52,3.69%,3346,35699,19.93%,0.395815,56.20%,2.4%,14.8%,"15:38 ET"
QQQ,496.16,2024-12-20,470.00,-5.27%,6.5,463.5,7.05%,3430,47989,22.51%,0.237876,72.53%,1.4%,8.7%,"15:41 ET"
QQQ,496.16,2024-11-15,460.00,-7.29%,2.04,457.96,8.34%,3609,46679,26.68%,0.119235,86.57%,0.4%,6.8%,"15:41 ET"
QQQ,496.16,2024-11-15,480.00,-3.26%,4.81,475.19,4.41%,3948,47122,23.05%,0.263738,71.24%,1.0%,15.4%,"15:42 ET"
QQQ,496.16,2025-01-17,475.00,-4.26%,9.69,465.31,6.63%,4350,4916,21.27%,0.28896,66.26%,2.1%,8.7%,"15:39 ET"
QQQ,496.16,2024-11-01,485.00,-2.25%,2.38,482.62,2.81%,4751,14845,20.61%,0.23786,74.76%,0.5%,18.0%,"15:42 ET"
QQQ,496.16,2024-11-15,490.00,-1.24%,7.38,482.62,2.81%,6168,19074,21.23%,0.382566,59.08%,1.5%,23.3%,"15:41 ET"
QQQ,496.16,2024-11-15,465.00,-6.28%,2.52,462.48,7.28%,7275,37037,25.80%,0.146191,83.66%,0.5%,8.3%,"15:41 ET"
QQQ,496.16,2024-11-01,475.00,-4.26%,1.03,473.97,4.68%,9823,16875,22.65%,0.113319,87.75%,0.2%,7.9%,"15:39 ET"
QQQ,496.16,2024-12-20,439.78,-11.36%,2.86,436.92,13.56%,100,10023,26.67%,0.107218,86.97%,0.7%,4.0%,"15:40 ET"
QQQ,496.16,2024-11-22,490.00,-1.24%,8.55,481.45,3.06%,103,888,21.12%,0.389022,58.04%,1.8%,20.9%,"14:59 ET"
QQQ,496.16,2024-11-29,475.00,-4.26%,5.33,469.67,5.64%,104,696,22.46%,0.244017,72.62%,1.1%,10.9%,"15:09 ET"
QQQ,496.16,2024-11-01,488.00,-1.64%,3.03,484.97,2.31%,106,4421,19.94%,0.291668,69.23%,0.6%,22.8%,"15:34 ET"
QQQ,496.16,2024-12-20,444.78,-10.36%,3.25,441.53,12.37%,106,2176,25.95%,0.122236,85.26%,0.7%,4.6%,"15:39 ET"
QQQ,496.16,2024-11-01,471.00,-5.07%,0.74,470.26,5.51%,109,1223,23.63%,0.08426,90.83%,0.2%,5.7%,"13:52 ET"
QQQ,496.16,2024-11-29,445.00,-10.31%,1.9,443.1,11.97%,109,974,27.16%,0.090893,89.29%,0.4%,4.1%,"15:42 ET"
QQQ,496.16,2024-10-29,470.00,-5.27%,0.16,469.84,5.60%,109,1510,21.21%,0.029832,96.74%,0.0%,1.8%,"14:40 ET"
QQQ,496.16,2024-11-01,472.00,-4.87%,0.81,471.19,5.30%,113,3208,23.34%,0.090296,90.19%,0.2%,6.3%,"15:41 ET"
QQQ,496.16,2024-11-29,485.00,-2.25%,7.63,477.37,3.94%,113,664,20.97%,0.335092,63.16%,1.6%,15.4%,"15:31 ET"
QQQ,496.16,2024-10-31,465.00,-6.28%,0.32,464.68,6.77%,115,2203,24.51%,0.04191,95.40%,0.1%,2.8%,"15:13 ET"
QQQ,496.16,2024-12-20,350.00,-29.46%,0.45,349.55,41.94%,115,18060,42.17%,0.014478,98.02%,0.1%,0.8%,"14:08 ET"
QQQ,496.16,2024-12-20,410.00,-17.37%,1.4,408.6,21.43%,116,29764,31.30%,0.051188,93.52%,0.3%,2.1%,"14:53 ET"
QQQ,496.16,2025-01-17,485.00,-2.25%,12.32,472.68,4.97%,118,14563,20.19%,0.358128,59.13%,2.6%,10.9%,"15:35 ET"
QQQ,496.16,2025-01-17,454.78,-8.34%,5.99,448.79,10.56%,123,3968,23.51%,0.184319,77.60%,1.3%,5.6%,"15:06 ET"
QQQ,496.16,2024-11-01,440.00,-11.32%,0.12,439.88,12.79%,127,8032,33.25%,0.012896,98.55%,0.0%,1.0%,"13:35 ET"
QQQ,496.16,2024-11-29,455.00,-8.30%,2.65,452.35,9.68%,127,852,25.55%,0.126359,85.33%,0.6%,5.6%,"15:20 ET"
QQQ,496.16,2024-12-20,415.00,-16.36%,1.57,413.43,20.01%,127,25262,30.48%,0.057653,92.75%,0.4%,2.3%,"15:41 ET"
QQQ,496.16,2025-01-17,435.00,-12.33%,3.81,431.19,15.07%,129,7673,25.87%,0.118412,85.12%,0.9%,3.7%,"14:36 ET"
QQQ,496.16,2024-11-01,477.00,-3.86%,1.22,475.78,4.28%,129,1360,22.17%,0.131426,85.84%,0.3%,9.4%,"15:38 ET"
QQQ,496.16,2025-01-17,384.78,-22.45%,1.38,383.4,29.41%,140,11106,32.63%,0.040969,94.47%,0.4%,1.5%,"15:10 ET"
QQQ,496.16,2024-11-15,415.00,-16.36%,0.41,414.59,19.67%,142,5933,36.29%,0.023007,97.25%,0.1%,1.5%,"15:38 ET"
QQQ,496.16,2024-11-15,335.00,-32.48%,0.09,334.91,48.15%,143,2064,59.27%,0.003707,99.51%,0.0%,0.4%,"14:23 ET"
QQQ,496.16,2024-11-01,491.00,-1.04%,3.85,487.15,1.85%,145,2110,19.32%,0.354978,62.81%,0.8%,28.8%,"15:00 ET"
QQQ,496.16,2024-11-08,440.00,-11.32%,0.51,439.49,12.89%,145,2032,32.24%,0.036838,95.79%,0.1%,2.5%,"14:55 ET"
QQQ,496.16,2024-11-22,460.00,-7.29%,2.76,457.24,8.51%,146,682,26.04%,0.139892,84.06%,0.6%,7.1%,"15:31 ET"
QQQ,496.16,2025-01-17,420.00,-15.35%,2.75,417.25,18.91%,149,16006,27.74%,0.085008,89.08%,0.7%,2.8%,"15:24 ET"
QQQ,496.16,2024-11-01,465.00,-6.28%,0.46,464.54,6.81%,150,8452,24.95%,0.052971,94.18%,0.1%,3.6%,"15:13 ET"
QQQ,496.16,2024-11-08,445.00,-10.31%,0.63,444.37,11.65%,153,2686,31.00%,0.045667,94.81%,0.1%,3.0%,"15:10 ET"
QQQ,496.16,2024-10-29,480.00,-3.26%,0.51,479.49,3.48%,154,625,18.19%,0.087651,90.57%,0.1%,5.5%,"15:39 ET"
QQQ,496.16,2025-01-17,439.78,-11.36%,4.24,435.54,13.92%,159,3005,25.26%,0.131562,83.60%,1.0%,4.1%,"14:37 ET"
QQQ,496.16,2024-12-20,435.00,-12.33%,2.53,432.47,14.73%,160,46414,27.38%,0.094856,88.40%,0.6%,3.6%,"15:11 ET"
QQQ,496.16,2024-11-29,470.00,-5.27%,4.47,465.53,6.58%,161,1432,23.23%,0.20755,76.50%,1.0%,9.2%,"15:30 ET"
QQQ,496.16,2024-12-31,420.00,-15.35%,2.08,417.92,18.72%,162,2956,28.57%,0.07228,90.85%,0.5%,2.6%,"10:22 ET"
QQQ,496.16,2024-12-20,465.00,-6.28%,5.65,459.35,8.01%,164,13656,23.18%,0.208538,75.68%,1.2%,7.6%,"14:43 ET"
QQQ,496.16,2024-11-22,485.00,-2.25%,7.08,477.92,3.82%,166,1434,21.92%,0.330921,63.91%,1.5%,17.4%,"14:14 ET"
QQQ,496.16,2025-01-17,450.00,-9.30%,5.35,444.65,11.58%,169,28937,24.09%,0.165754,79.68%,1.2%,5.0%,"15:39 ET"
QQQ,496.16,2024-12-20,385.00,-22.40%,0.84,384.16,29.15%,173,33569,35.66%,0.029414,96.16%,0.2%,1.4%,"15:27 ET"
QQQ,496.16,2025-01-17,415.00,-16.36%,2.48,412.52,20.28%,183,1166,28.40%,0.076346,90.12%,0.6%,2.5%,"15:40 ET"
QQQ,496.16,2024-12-20,485.00,-2.25%,9.96,475.04,4.45%,186,19574,20.59%,0.349821,60.82%,2.1%,13.0%,"15:41 ET"
QQQ,496.16,2024-11-08,465.00,-6.28%,1.73,463.27,7.10%,190,1483,26.94%,0.119731,86.77%,0.4%,8.0%,"15:35 ET"
QQQ,496.16,2024-12-20,449.78,-9.35%,3.72,446.06,11.23%,191,4823,25.26%,0.139501,83.31%,0.8%,5.2%,"15:19 ET"
QQQ,496.16,2024-11-15,430.00,-13.33%,0.64,429.36,15.56%,198,19950,32.77%,0.037778,95.57%,0.1%,2.3%,"15:38 ET"
QQQ,496.16,2025-01-17,445.00,-10.31%,4.77,440.23,12.70%,199,2151,24.66%,0.148147,81.69%,1.1%,4.5%,"15:42 ET"
QQQ,496.16,2025-01-17,204.78,-58.73%,0.09,204.69,142.40%,200,14731,67.24%,0.00192,99.65%,0.0%,0.2%,"14:09 ET"
QQQ,496.16,2024-11-22,445.00,-10.31%,1.59,443.41,11.90%,200,588,28.59%,0.082212,90.42%,0.4%,4.2%,"15:41 ET"
QQQ,496.16,2024-12-20,404.78,-18.42%,1.25,403.53,22.95%,211,7107,32.17%,0.045324,94.23%,0.3%,1.9%,"13:44 ET"
QQQ,496.16,2025-01-17,430.00,-13.33%,3.41,426.59,16.31%,219,17846,26.48%,0.105997,86.58%,0.8%,3.4%,"15:29 ET"
QQQ,496.16,2025-01-17,465.00,-6.28%,7.62,457.38,8.48%,220,16945,22.35%,0.231724,72.39%,1.7%,7.0%,"15:35 ET"
QQQ,496.16,2024-11-22,450.00,-9.30%,1.91,448.09,10.73%,222,4865,27.74%,0.098235,88.64%,0.4%,5.0%,"15:36 ET"
QQQ,496.16,2024-11-01,455.00,-8.30%,0.24,454.76,9.10%,225,3478,27.93%,0.027463,96.95%,0.1%,1.9%,"15:09 ET"
QQQ,496.16,2024-11-01,450.00,-9.30%,0.19,449.81,10.30%,237,3024,29.87%,0.021616,97.59%,0.0%,1.5%,"15:39 ET"
QQQ,496.16,2024-11-08,430.00,-13.33%,0.35,429.65,15.48%,237,893,34.83%,0.024596,97.16%,0.1%,1.7%,"15:29 ET"
QQQ,496.16,2025-01-17,470.00,-5.27%,8.59,461.41,7.53%,242,14614,21.80%,0.258804,69.46%,1.9%,7.8%,"15:08 ET"
QQQ,496.16,2024-10-31,460.00,-7.29%,0.22,459.78,7.91%,244,5244,26.21%,0.029914,96.70%,0.0%,1.9%,"14:15 ET"
QQQ,496.16,2024-12-31,470.00,-5.27%,7.25,462.75,7.22%,244,1945,22.03%,0.246448,71.28%,1.6%,8.2%,"15:02 ET"
QQQ,496.16,2024-12-31,450.00,-9.30%,4.3,445.7,11.32%,247,2328,24.52%,0.150195,81.84%,1.0%,5.0%,"15:18 ET"
QQQ,496.16,2024-12-20,425.00,-14.34%,1.98,423.02,17.29%,249,27237,28.91%,0.073714,90.86%,0.5%,2.9%,"14:56 ET"
QQQ,496.16,2024-11-15,420.00,-15.35%,0.47,419.53,18.27%,251,19344,35.16%,0.027205,96.77%,0.1%,1.7%,"15:38 ET"
QQQ,496.16,2024-11-29,450.00,-9.30%,2.23,447.77,10.81%,265,2354,26.36%,0.107257,87.45%,0.5%,4.8%,"15:17 ET"
QQQ,496.16,2025-01-17,400.00,-19.38%,1.83,398.17,24.61%,273,3819,30.46%,0.055755,92.63%,0.5%,1.9%,"15:30 ET"
QQQ,496.16,2024-12-20,440.00,-11.32%,2.87,437.13,13.50%,277,36017,26.62%,0.107697,86.92%,0.7%,4.1%,"15:30 ET"
QQQ,496.16,2024-11-15,320.00,-35.50%,0.06,319.94,55.08%,290,953,63.84%,0.002741,99.63%,0.0%,0.3%,"14:23 ET"
QQQ,496.16,2024-10-31,480.00,-3.26%,1.19,478.81,3.62%,298,16758,20.67%,0.143485,84.62%,0.2%,10.1%,"15:42 ET"
QQQ,496.16,2024-12-20,450.00,-9.30%,3.74,446.26,11.18%,321,63065,25.22%,0.14027,83.22%,0.8%,5.2%,"15:40 ET"
QQQ,496.16,2024-11-29,425.00,-14.34%,1.03,423.97,17.03%,339,781,30.73%,0.048933,94.08%,0.2%,2.3%,"10:13 ET"
QQQ,496.16,2024-12-31,465.00,-6.28%,6.35,458.65,8.18%,343,7468,22.64%,0.217819,74.35%,1.4%,7.2%,"14:59 ET"
QQQ,496.16,2024-12-20,445.00,-10.31%,3.28,441.72,12.32%,345,23409,25.93%,0.123065,85.17%,0.7%,4.6%,"15:00 ET"
QQQ,496.16,2024-11-22,470.00,-5.27%,4.01,465.99,6.47%,377,1000,24.38%,0.19893,77.71%,0.9%,10.1%,"15:38 ET"
QQQ,496.16,2024-11-08,455.00,-8.30%,1.03,453.97,9.29%,380,3071,28.82%,0.073075,91.81%,0.2%,4.9%,"15:18 ET"
QQQ,496.16,2024-10-29,485.00,-2.25%,0.97,484.03,2.51%,381,2082,17.07%,0.157852,83.21%,0.2%,10.4%,"14:56 ET"
QQQ,496.16,2024-10-31,470.00,-5.27%,0.48,469.52,5.67%,388,14985,23.04%,0.061614,93.28%,0.1%,4.1%,"15:32 ET"
QQQ,496.16,2024-10-31,475.00,-4.26%,0.75,474.25,4.62%,426,4611,21.84%,0.094208,89.81%,0.2%,6.4%,"15:39 ET"
QQQ,496.16,2024-11-29,440.00,-11.32%,1.62,438.38,13.18%,440,1403,28.05%,0.077734,90.78%,0.4%,3.5%,"15:20 ET"
QQQ,496.16,2024-11-08,420.00,-15.35%,0.26,419.74,18.21%,440,697,37.71%,0.017361,97.97%,0.1%,1.3%,"15:36 ET"
QQQ,496.16,2024-11-01,470.00,-5.27%,0.69,469.31,5.72%,443,9569,23.85%,0.07801,91.50%,0.1%,5.4%,"15:41 ET"
QQQ,496.16,2024-11-08,475.00,-4.26%,2.93,472.07,5.10%,459,1332,25.09%,0.193501,78.95%,0.6%,13.3%,"15:41 ET"
QQQ,496.16,2025-01-17,480.00,-3.26%,10.92,469.08,5.77%,473,11171,20.72%,0.321848,62.83%,2.3%,9.8%,"15:41 ET"
QQQ,496.16,2024-11-08,470.00,-5.27%,2.25,467.75,6.07%,476,8188,26.04%,0.152806,83.25%,0.5%,10.3%,"15:42 ET"
QQQ,496.16,2024-11-29,465.00,-6.28%,3.75,461.25,7.57%,495,547,24.00%,0.176096,79.88%,0.8%,7.8%,"15:37 ET"
QQQ,496.16,2024-11-08,450.00,-9.30%,0.8,449.2,10.45%,504,3752,29.91%,0.0577,93.49%,0.2%,3.8%,"15:08 ET"
QQQ,496.16,2024-12-20,420.00,-15.35%,1.76,418.24,18.63%,512,22666,29.68%,0.065062,91.87%,0.4%,2.6%,"15:35 ET"
QQQ,496.16,2024-10-30,490.00,-1.24%,2.4,487.6,1.76%,540,681,17.25%,0.297525,68.76%,0.5%,22.5%,"15:31 ET"
QQQ,496.16,2024-10-31,485.00,-2.25%,1.88,483.12,2.70%,542,8213,19.50%,0.21542,77.13%,0.4%,15.8%,"14:59 ET"
QQQ,496.16,2024-11-08,485.00,-2.25%,4.92,480.08,3.35%,556,1239,23.23%,0.304035,67.50%,1.0%,22.0%,"15:41 ET"
QQQ,496.16,2024-11-15,435.00,-12.33%,0.75,434.25,14.26%,599,16596,31.50%,0.044312,94.83%,0.2%,2.6%,"15:35 ET"
QQQ,496.16,2024-11-01,479.00,-3.46%,1.45,477.55,3.90%,610,2029,21.84%,0.15383,83.48%,0.3%,11.1%,"15:28 ET"
RBLX,41.31,2024-11-01,35.00,-15.27%,0.46,34.54,19.60%,208,767,99.55%,0.134843,84.28%,1.3%,48.6%,"14:59 ET"
RBLX,41.31,2024-11-15,37.50,-9.22%,1.23,36.27,13.90%,635,3150,69.64%,0.256547,70.60%,3.4%,51.6%,"15:38 ET"
RIO,65.44,2024-12-20,62.50,-4.49%,1.25,61.25,6.84%,239,976,22.65%,0.318028,69.31%,2.0%,12.6%,"14:41 ET"
ROKU,77.11,2024-11-15,65.00,-15.70%,1.46,63.54,21.36%,158,796,77.87%,0.166834,80.39%,2.3%,34.9%,"13:24 ET"
ROKU,77.11,2024-11-01,70.00,-9.22%,2.19,67.81,13.71%,768,571,103.91%,0.257252,71.31%,3.2%,117.9%,"15:07 ET"
RSG,203.87,2024-11-15,200.00,-1.90%,2.75,197.25,3.36%,196,600,22.43%,0.343794,63.05%,1.4%,21.2%,"15:40 ET"
RTX,125.66,2024-11-15,115.00,-8.48%,0.27,114.73,9.53%,141,1458,25.56%,0.077388,91.19%,0.2%,3.6%,"15:00 ET"
RTX,125.66,2025-01-17,120.00,-4.50%,2.21,117.79,6.68%,276,2445,20.19%,0.279185,68.00%,1.9%,7.9%,"11:58 ET"
RTX,125.66,2025-01-17,115.00,-8.48%,1.12,113.88,10.34%,350,4265,21.17%,0.163949,80.45%,1.0%,4.1%,"15:19 ET"
RTX,125.66,2024-11-15,120.00,-4.50%,0.81,119.19,5.43%,758,1991,23.00%,0.197135,78.27%,0.7%,10.3%,"15:22 ET"
SAP,232.72,2024-11-15,220.00,-5.47%,1.9,218.1,6.70%,839,976,27.58%,0.204287,78.67%,0.9%,13.2%,"15:41 ET"
SAP,232.72,2024-11-15,210.00,-9.76%,0.7,209.3,11.19%,249,762,30.09%,0.085846,90.85%,0.3%,5.1%,"15:39 ET"
SAP,232.72,2024-11-15,200.00,-14.06%,0.25,199.75,16.51%,490,5318,32.58%,0.031968,96.51%,0.1%,1.9%,"15:33 ET"
SBUX,96.99,2025-01-17,87.50,-9.78%,1.82,85.68,13.20%,123,3769,30.48%,0.210617,75.55%,2.1%,8.9%,"13:25 ET"
SBUX,96.99,2025-01-17,65.00,-32.98%,0.15,64.85,49.56%,133,6138,43.12%,0.020943,97.14%,0.2%,1.0%,"15:41 ET"
SBUX,96.99,2024-12-20,85.00,-12.36%,1.05,83.95,15.53%,157,15414,34.42%,0.146736,82.99%,1.3%,7.7%,"15:37 ET"
SBUX,96.99,2024-11-15,90.00,-7.21%,1.42,88.58,9.49%,176,9999,42.03%,0.2235,75.62%,1.6%,24.4%,"15:20 ET"
SBUX,96.99,2024-11-01,90.00,-7.21%,0.91,89.09,8.87%,207,1363,53.98%,0.187573,79.87%,1.0%,37.3%,"15:23 ET"
SBUX,96.99,2025-01-17,95.00,-2.05%,4.25,90.75,6.88%,379,12955,29.36%,0.400575,55.75%,4.7%,19.6%,"15:31 ET"
SBUX,96.99,2024-11-15,95.00,-2.05%,3.1,91.9,5.54%,664,7419,42.04%,0.398219,57.62%,3.4%,51.3%,"15:31 ET"
SCHD,28.33,2024-11-15,27.67,-2.33%,0.1,27.57,2.76%,211,651,14.89%,0.23406,73.15%,0.4%,5.5%,"15:30 ET"
SCHD,28.33,2024-11-15,28.00,-1.16%,0.2,27.8,1.91%,289,1154,13.05%,0.321518,63.69%,0.7%,10.9%,"15:32 ET"
SCHW,70.9,2025-01-17,65.00,-8.32%,1.3,63.7,11.30%,120,8147,27.85%,0.22446,73.86%,2.0%,8.6%,"15:05 ET"
SCHW,70.9,2025-01-17,62.50,-11.85%,0.85,61.65,15.00%,142,5461,28.99%,0.155857,81.35%,1.4%,5.8%,"12:37 ET"
SCHW,70.9,2024-12-20,70.00,-1.27%,2.13,67.87,4.46%,219,3867,24.08%,0.412834,55.25%,3.1%,19.4%,"15:32 ET"
SCHW,70.9,2025-01-17,70.00,-1.27%,2.91,67.09,5.68%,389,6407,26.03%,0.416758,54.00%,4.3%,18.2%,"15:31 ET"
SCHW,70.9,2024-12-20,60.00,-15.37%,0.24,59.76,18.64%,469,6651,29.67%,0.066906,91.92%,0.4%,2.5%,"15:29 ET"
SCHW,70.9,2024-11-15,70.00,-1.27%,1.31,68.69,3.22%,561,2743,24.75%,0.400035,57.98%,1.9%,29.0%,"15:07 ET"
SFM,118.34,2024-11-15,105.00,-11.27%,1.8,103.2,14.67%,123,513,58.42%,0.182941,78.77%,1.7%,26.5%,"14:35 ET"
SHOP,81.36,2024-11-15,65.00,-20.11%,0.77,64.23,26.67%,123,741,73.46%,0.098437,88.33%,1.2%,18.2%,"15:11 ET"
SHOP,81.36,2024-11-15,75.00,-7.82%,2.92,72.08,12.87%,184,1546,69.77%,0.291775,67.54%,4.1%,61.6%,"15:39 ET"
SHOP,81.36,2024-11-15,60.00,-26.25%,0.37,59.63,36.44%,264,1003,77.43%,0.05074,93.75%,0.6%,9.4%,"13:15 ET"
SHOP,81.36,2025-01-17,50.00,-38.54%,0.22,49.78,63.44%,300,11162,60.23%,0.033433,95.11%,0.4%,1.9%,"15:27 ET"
SHOP,81.36,2024-11-15,80.00,-1.67%,4.95,75.05,8.41%,392,2436,69.08%,0.426078,53.79%,6.6%,100.3%,"15:19 ET"
SHOP,81.36,2025-01-17,70.00,-13.96%,2.65,67.35,20.80%,717,6388,48.55%,0.215775,73.71%,3.9%,16.5%,"15:38 ET"
SIL,41.04,2024-11-15,37.00,-9.84%,0.5,36.5,12.44%,1254,2719,50.66%,0.186703,78.75%,1.4%,20.8%,"15:33 ET"
SLB,41.87,2024-11-01,40.00,-4.47%,0.16,39.84,5.10%,130,3995,28.94%,0.16557,82.99%,0.4%,14.7%,"15:27 ET"
SLB,41.87,2024-11-15,40.00,-4.47%,0.58,39.42,6.22%,349,20410,31.44%,0.269823,71.46%,1.5%,22.4%,"15:00 ET"
SLV,31.67,2025-01-17,23.00,-27.38%,0.06,22.94,38.06%,102,44637,36.66%,0.026142,96.30%,0.3%,1.1%,"14:29 ET"
SLV,31.67,2024-11-29,28.00,-11.59%,0.23,27.77,14.04%,106,999,36.30%,0.124099,85.35%,0.8%,8.0%,"14:26 ET"
SLV,31.67,2024-12-20,28.00,-11.59%,0.39,27.61,14.70%,109,11029,34.82%,0.157661,81.05%,1.4%,8.7%,"15:40 ET"
SLV,31.67,2024-11-08,31.00,-2.12%,0.78,30.22,4.80%,112,1052,41.59%,0.378018,59.41%,2.6%,55.4%,"15:06 ET"
SLV,31.67,2024-11-08,28.00,-11.59%,0.1,27.9,13.51%,142,824,42.87%,0.079777,90.84%,0.4%,7.7%,"14:44 ET"
SLV,31.67,2024-12-31,24.00,-24.22%,0.06,23.94,32.29%,154,7006,37.16%,0.032671,95.58%,0.3%,1.3%,"15:25 ET"
SLV,31.67,2025-01-17,27.00,-14.75%,0.35,26.65,18.84%,160,18959,33.25%,0.128884,83.71%,1.3%,5.5%,"15:28 ET"
SLV,31.67,2024-11-29,30.50,-3.69%,0.9,29.6,6.99%,176,3032,36.95%,0.338906,62.39%,3.0%,29.2%,"15:32 ET"
SLV,31.67,2024-12-31,26.00,-17.90%,0.16,25.84,22.56%,186,12988,34.26%,0.073354,90.57%,0.6%,3.2%,"14:46 ET"
SLV,31.67,2024-11-15,30.50,-3.69%,0.72,29.78,6.35%,202,2119,39.74%,0.325414,64.41%,2.4%,36.8%,"15:15 ET"
SLV,31.67,2024-12-31,28.00,-11.59%,0.44,27.56,14.91%,218,11011,33.95%,0.167878,79.63%,1.6%,8.3%,"15:40 ET"
SLV,31.67,2025-01-17,25.00,-21.06%,0.14,24.86,27.39%,244,39794,34.67%,0.060732,91.88%,0.6%,2.4%,"15:04 ET"
SLV,31.67,2024-12-31,27.00,-14.75%,0.27,26.73,18.48%,267,10816,34.08%,0.114245,85.74%,1.0%,5.3%,"15:40 ET"
SLV,31.67,2024-11-01,29.50,-6.85%,0.14,29.36,7.87%,270,2049,41.00%,0.134193,85.22%,0.5%,17.4%,"15:29 ET"
SLV,31.67,2024-11-01,29.00,-8.43%,0.09,28.91,9.55%,278,3005,42.32%,0.093655,89.57%,0.3%,11.4%,"15:22 ET"
SLV,31.67,2024-12-20,30.00,-5.27%,0.97,29.03,9.09%,302,1503,35.94%,0.309797,64.61%,3.3%,20.7%,"15:39 ET"
SLV,31.67,2024-12-31,25.00,-21.06%,0.1,24.9,27.19%,306,5485,35.82%,0.049937,93.42%,0.4%,2.1%,"15:06 ET"
SLV,31.67,2024-11-22,29.00,-8.43%,0.37,28.63,10.62%,334,816,37.68%,0.185031,78.88%,1.3%,15.2%,"15:34 ET"
SLV,31.67,2025-01-17,26.00,-17.90%,0.22,25.78,22.85%,381,17226,33.37%,0.086736,88.70%,0.9%,3.6%,"15:42 ET"
SLV,31.67,2024-11-29,29.00,-8.43%,0.42,28.58,10.81%,423,948,36.21%,0.195989,77.45%,1.5%,14.1%,"15:15 ET"
SLV,31.67,2025-01-17,24.00,-24.22%,0.09,23.91,32.46%,427,26959,35.94%,0.041537,94.30%,0.4%,1.6%,"14:43 ET"
SLV,31.67,2024-12-31,29.00,-8.43%,0.7,28.3,11.91%,464,3163,34.36%,0.23651,72.08%,2.5%,12.9%,"15:25 ET"
SLV,31.67,2024-12-20,26.00,-17.90%,0.14,25.86,22.47%,471,1509,36.26%,0.069435,91.20%,0.5%,3.3%,"15:12 ET"
SLV,31.67,2024-11-15,28.00,-11.59%,0.15,27.85,13.72%,477,23648,40.08%,0.099537,88.46%,0.5%,8.2%,"15:32 ET"
SLV,31.67,2024-12-20,31.00,-2.12%,1.39,29.61,6.96%,481,5604,36.47%,0.395933,55.80%,4.7%,29.0%,"15:16 ET"
SLV,31.67,2025-01-17,31.00,-2.12%,1.63,29.37,7.83%,498,17937,34.64%,0.395323,55.03%,5.5%,23.3%,"14:59 ET"
SLV,31.67,2024-11-29,31.00,-2.12%,1.12,29.88,5.99%,535,1311,37.48%,0.391439,57.02%,3.7%,36.0%,"15:35 ET"
SLV,31.67,2024-11-08,29.00,-8.43%,0.21,28.79,10.00%,625,1920,41.49%,0.145027,83.73%,0.7%,15.7%,"15:33 ET"
SLV,31.67,2025-01-17,30.00,-5.27%,1.18,28.82,9.89%,695,9114,34.07%,0.320017,62.77%,4.1%,17.2%,"15:26 ET"
SLV,31.67,2024-12-31,31.00,-2.12%,1.48,29.52,7.28%,819,1932,35.21%,0.395307,55.51%,5.0%,26.1%,"13:11 ET"
SLV,31.67,2025-01-17,29.00,-8.43%,0.83,28.17,12.42%,913,8642,33.76%,0.248237,70.35%,2.9%,12.4%,"15:32 ET"
SLV,31.67,2024-12-31,30.00,-5.27%,1.04,28.96,9.36%,1109,3077,34.61%,0.312876,63.96%,3.6%,18.7%,"15:40 ET"
SLV,31.67,2024-11-15,31.00,-2.12%,0.93,30.07,5.32%,2292,4528,40.19%,0.385982,58.22%,3.1%,47.0%,"15:36 ET"
SLV,31.67,2024-11-15,30.00,-5.27%,0.55,29.45,7.54%,2597,9145,39.78%,0.269331,70.23%,1.9%,28.4%,"15:40 ET"
SLV,31.67,2024-11-15,27.00,-14.75%,0.08,26.92,17.64%,5564,26214,41.01%,0.054425,93.54%,0.3%,4.5%,"15:11 ET"
SLV,31.67,2024-12-20,27.00,-14.75%,0.23,26.77,18.30%,5645,1362,35.24%,0.105328,86.99%,0.9%,5.3%,"15:36 ET"
SLV,31.67,2025-01-17,28.00,-11.59%,0.55,27.45,15.37%,5734,47201,33.51%,0.184025,77.42%,2.0%,8.4%,"15:42 ET"
SLV,31.67,2024-11-15,29.00,-8.43%,0.29,28.71,10.31%,12400,8423,39.25%,0.168546,80.93%,1.0%,15.4%,"15:40 ET"
SLV,31.67,2024-11-01,30.00,-5.27%,0.22,29.78,6.35%,25912,676,39.58%,0.187465,79.58%,0.7%,27.0%,"15:41 ET"
SMCI,46.17,2024-11-15,35.00,-24.19%,0.85,34.15,35.20%,658,11865,106.43%,0.12409,84.49%,2.5%,37.9%,"15:19 ET"
SMCI,46.17,2024-11-01,44.00,-4.70%,2,42,9.93%,675,1930,99.88%,0.356139,61.45%,4.8%,173.8%,"15:42 ET"
SMCI,46.17,2024-12-20,45.00,-2.53%,5.4,39.6,16.59%,941,14658,85.17%,0.398338,52.99%,13.6%,84.4%,"15:20 ET"
SMCI,46.17,2024-11-01,43.00,-6.87%,1.6,41.4,11.52%,1143,734,100.71%,0.3067,66.52%,3.9%,141.1%,"15:36 ET"
SMCI,46.17,2024-11-15,40.00,-13.36%,1.95,38.05,21.34%,1297,27702,100.01%,0.244863,71.21%,5.1%,77.9%,"15:29 ET"
SMCI,46.17,2024-11-01,45.00,-2.53%,2.4,42.6,8.38%,2013,4061,97.66%,0.407381,56.31%,5.6%,205.6%,"15:40 ET"
SMCI,46.17,2024-11-01,42.50,-7.95%,1.45,41.05,12.47%,2379,868,101.75%,0.283908,68.86%,3.5%,128.9%,"15:28 ET"
SMCI,46.17,2024-11-01,42.00,-9.03%,1.3,40.7,13.44%,2425,2465,101.96%,0.260884,71.26%,3.2%,116.6%,"15:42 ET"
SMCI,46.17,2024-11-15,45.00,-2.53%,3.9,41.1,12.34%,2435,10145,97.57%,0.409067,54.09%,9.5%,144.3%,"15:23 ET"
SMCI,46.17,2024-12-20,31.00,-32.86%,0.9,30.1,53.39%,2436,2260,91.03%,0.099291,86.18%,3.0%,18.5%,"14:49 ET"
SMCI,46.17,2024-11-15,38.00,-17.70%,1.4,36.6,26.15%,2869,7620,104.14%,0.193242,76.71%,3.8%,58.2%,"15:23 ET"
SMCI,46.17,2025-01-17,40.00,-13.36%,3.9,36.1,27.89%,3059,24358,81.01%,0.281158,64.16%,10.8%,45.3%,"15:06 ET"
SMCI,46.17,2025-01-17,45.00,-2.53%,6.2,38.8,18.99%,3232,20394,79.69%,0.39079,52.63%,16.0%,67.0%,"15:12 ET"
SMCI,46.17,2024-11-01,35.00,-24.19%,0.25,34.75,32.86%,3763,1032,122.22%,0.07123,91.45%,0.7%,26.3%,"14:19 ET"
SMCI,46.17,2024-11-01,40.00,-13.36%,0.85,39.15,17.93%,4009,5561,105.91%,0.183629,79.34%,2.2%,79.2%,"15:40 ET"
SMCI,46.17,2024-12-20,30.00,-35.02%,0.75,29.25,57.85%,4898,8514,92.29%,0.086654,87.74%,2.6%,15.9%,"15:42 ET"
SMCI,46.17,2024-12-20,38.00,-17.70%,2.5,35.5,30.06%,102,3472,87.09%,0.228132,71.10%,7.0%,43.6%,"14:36 ET"
SMCI,46.17,2025-01-17,37.00,-19.86%,2.85,34.15,35.20%,106,3306,82.59%,0.220563,70.85%,8.3%,35.0%,"14:26 ET"
SMCI,46.17,2024-11-15,33.00,-28.53%,0.6,32.4,42.50%,109,6227,110.02%,0.090964,88.31%,1.9%,28.2%,"13:41 ET"
SMCI,46.17,2025-01-17,35.00,-24.19%,2.25,32.75,40.98%,121,16753,83.20%,0.182729,75.23%,6.9%,28.8%,"15:38 ET"
SMCI,46.17,2024-12-20,28.00,-39.35%,0.55,27.45,68.20%,123,4645,94.81%,0.064687,90.53%,2.0%,12.4%,"14:28 ET"
SMCI,46.17,2024-12-20,43.00,-6.87%,4.4,38.6,19.61%,126,8520,84.55%,0.347538,58.29%,11.4%,70.5%,"13:23 ET"
SMCI,46.17,2024-11-01,39.00,-15.53%,0.65,38.35,20.39%,136,705,106.33%,0.148541,83.12%,1.7%,61.9%,"15:04 ET"
SMCI,46.17,2024-11-08,44.00,-4.70%,3,41,12.61%,138,1578,105.37%,0.372613,58.38%,7.3%,157.1%,"15:31 ET"
SMCI,46.17,2025-01-17,30.00,-35.02%,1.15,28.85,60.03%,144,20692,86.27%,0.104847,84.70%,4.0%,16.7%,"14:12 ET"
SMCI,46.17,2024-11-15,34.00,-26.36%,0.7,33.3,38.65%,151,2281,108.27%,0.10669,86.48%,2.1%,32.0%,"14:52 ET"
SMCI,46.17,2024-11-15,31.00,-32.86%,0.4,30.6,50.88%,157,954,115.15%,0.066805,91.13%,1.3%,19.9%,"13:20 ET"
SMCI,46.17,2024-11-22,40.00,-13.36%,2.3,37.7,22.47%,160,987,98.55%,0.258259,69.13%,6.1%,71.8%,"14:39 ET"
SMCI,46.17,2024-11-01,45.50,-1.45%,2.65,42.85,7.75%,172,697,99.26%,0.434186,53.54%,6.2%,225.7%,"15:34 ET"
SMCI,46.17,2024-11-01,38.00,-17.70%,0.5,37.5,23.12%,172,1010,111.43%,0.126288,85.45%,1.3%,48.7%,"15:27 ET"
SMCI,46.17,2024-11-15,36.00,-22.03%,1,35,31.91%,176,2905,106.14%,0.146033,81.97%,2.9%,43.5%,"15:15 ET"
SMCI,46.17,2025-01-17,38.00,-17.70%,3.1,34.9,32.29%,199,2699,82.66%,0.240814,68.53%,8.9%,37.3%,"15:14 ET"
SMCI,46.17,2025-01-17,28.00,-39.35%,0.85,27.15,70.06%,204,5113,88.44%,0.081637,87.66%,3.1%,13.1%,"13:29 ET"
SMCI,46.17,2024-11-01,41.00,-11.20%,1.05,39.95,15.57%,237,1403,104.33%,0.220776,75.42%,2.6%,95.9%,"15:34 ET"
SMCI,46.17,2024-12-20,41.00,-11.20%,3.5,37.5,23.12%,262,10407,85.43%,0.29781,63.52%,9.3%,57.7%,"15:34 ET"
SMCI,46.17,2024-11-15,39.00,-15.53%,1.65,37.35,23.61%,291,2608,100.11%,0.215042,74.46%,4.4%,67.2%,"15:29 ET"
SMCI,46.17,2024-11-15,41.00,-11.20%,2.3,38.7,19.30%,293,6886,100.79%,0.277029,67.71%,5.9%,90.4%,"13:58 ET"
SMCI,46.17,2024-11-01,37.00,-19.86%,0.4,36.6,26.15%,305,676,111.51%,0.09889,88.48%,1.1%,39.9%,"15:31 ET"
SMCI,46.17,2024-12-20,40.00,-13.36%,3.2,36.8,25.46%,306,14501,86.39%,0.274265,66.02%,8.7%,53.8%,"15:27 ET"
SMCI,46.17,2024-11-01,40.50,-12.28%,0.9,39.6,16.59%,310,578,103.47%,0.198706,77.79%,2.3%,83.0%,"15:04 ET"
SMCI,46.17,2024-11-08,45.00,-2.53%,3.5,41.5,11.25%,311,679,105.11%,0.410618,54.50%,8.4%,181.1%,"14:08 ET"
SMCI,46.17,2024-11-15,43.00,-6.87%,3,40,15.43%,325,6134,97.38%,0.340001,61.21%,7.5%,114.1%,"15:29 ET"
SMCI,46.17,2024-11-08,30.00,-35.02%,0.25,29.75,55.19%,343,1170,132.17%,0.049005,93.47%,0.8%,18.0%,"13:58 ET"
SMCI,46.17,2024-11-08,40.00,-13.36%,1.6,38.4,20.23%,381,1946,108.43%,0.232644,73.01%,4.2%,89.5%,"15:40 ET"
SMCI,46.17,2024-12-20,42.00,-9.03%,4,38,21.50%,535,5382,85.49%,0.322679,60.85%,10.5%,65.1%,"15:41 ET"
SMCI,46.17,2024-11-15,42.00,-9.03%,2.65,39.35,17.33%,622,29976,99.20%,0.30778,64.51%,6.7%,102.4%,"15:29 ET"
SMCI,46.17,2024-11-15,44.00,-4.70%,3.5,40.5,14.00%,631,5394,100.67%,0.375266,57.40%,8.6%,131.4%,"15:23 ET"
SMCI,46.17,2024-11-08,35.00,-24.19%,0.6,34.4,34.22%,633,1198,115.65%,0.108425,86.64%,1.7%,37.4%,"14:08 ET"
SMH,252.01,2024-11-15,170.00,-32.54%,0.07,169.93,48.30%,112,1253,63.19%,0.005814,99.24%,0.0%,0.6%,"15:33 ET"
SMH,252.01,2025-01-17,225.00,-10.72%,6.8,218.2,15.50%,133,2354,38.64%,0.228688,72.61%,3.1%,13.1%,"11:48 ET"
SMH,252.01,2024-11-01,230.00,-8.73%,0.71,229.29,9.91%,136,808,42.02%,0.087817,90.56%,0.3%,11.3%,"15:22 ET"
SMH,252.01,2024-11-15,215.00,-14.69%,1.07,213.93,17.80%,142,6343,45.94%,0.07712,91.12%,0.5%,7.6%,"14:01 ET"
SMH,252.01,2025-01-17,245.00,-2.78%,13.2,231.8,8.72%,153,3753,36.69%,0.385748,56.26%,5.7%,23.9%,"14:59 ET"
SMH,252.01,2024-11-15,210.00,-16.67%,0.8,209.2,20.46%,178,2604,47.61%,0.057977,93.24%,0.4%,5.8%,"15:33 ET"
SMH,252.01,2024-12-20,245.00,-2.78%,10.7,234.3,7.56%,184,1660,36.94%,0.382248,57.53%,4.6%,28.3%,"15:02 ET"
SMH,252.01,2025-01-17,240.00,-4.77%,11.3,228.7,10.19%,212,1975,37.01%,0.342458,60.65%,4.9%,20.7%,"15:22 ET"
SMH,252.01,2024-11-15,240.00,-4.77%,4.8,235.2,7.15%,217,8779,39.28%,0.289895,68.61%,2.0%,31.0%,"15:33 ET"
SMH,252.01,2024-11-15,220.00,-12.70%,1.43,218.57,15.30%,240,5490,44.53%,0.103002,88.29%,0.7%,10.0%,"15:38 ET"
SMH,252.01,2025-01-17,230.00,-8.73%,8.15,221.85,13.59%,263,2806,38.12%,0.263757,68.83%,3.7%,15.4%,"14:07 ET"
SMH,252.01,2025-01-17,235.00,-6.75%,9.6,225.4,11.81%,268,2587,37.64%,0.302089,64.81%,4.3%,17.9%,"14:54 ET"
SMH,252.01,2024-11-01,245.00,-2.78%,3.05,241.95,4.16%,952,1438,36.21%,0.306532,68.11%,1.3%,46.0%,"15:26 ET"
SMH,252.01,2024-12-20,220.00,-12.70%,3.9,216.1,16.62%,1123,5670,40.32%,0.169279,79.90%,1.8%,11.2%,"15:18 ET"
SMH,252.01,2024-12-20,240.00,-4.77%,8.9,231.1,9.05%,1149,3237,37.34%,0.330961,62.75%,3.9%,23.8%,"15:37 ET"
SMH,252.01,2024-11-01,237.50,-5.76%,1.49,236.01,6.78%,1655,798,39.10%,0.170029,82.02%,0.6%,23.0%,"15:27 ET"
SMH,252.01,2024-11-01,240.00,-4.77%,1.9,238.1,5.84%,2121,3358,37.87%,0.207291,78.20%,0.8%,29.1%,"15:27 ET"
SNOW,115.61,2024-11-15,100.00,-13.50%,0.99,99.01,16.77%,664,5193,52.54%,0.123588,85.92%,1.0%,15.2%,"15:36 ET"
SNOW,115.61,2024-11-15,95.00,-17.83%,0.53,94.47,22.38%,921,7442,54.91%,0.069708,91.84%,0.6%,8.5%,"15:21 ET"
SNOW,115.61,2024-12-20,100.00,-13.50%,3.85,96.15,20.24%,131,2985,58.16%,0.223116,73.25%,4.0%,24.8%,"15:38 ET"
SNOW,115.61,2024-12-20,105.00,-9.18%,5.35,99.65,16.02%,185,1099,57.08%,0.288364,66.26%,5.4%,33.2%,"15:38 ET"
SNOW,115.61,2024-11-15,105.00,-9.18%,1.81,103.19,12.04%,240,2549,50.12%,0.204213,77.31%,1.8%,26.7%,"15:41 ET"
SNOW,115.61,2024-12-20,110.00,-4.85%,7.25,102.75,12.52%,269,1608,56.51%,0.361246,58.67%,7.1%,43.7%,"15:00 ET"
SNOW,115.61,2024-11-15,110.00,-4.85%,3.15,106.85,8.20%,355,6101,48.92%,0.318539,65.41%,2.9%,44.8%,"15:17 ET"
SNOW,115.61,2024-11-01,110.00,-4.85%,1.43,108.57,6.48%,363,583,47.96%,0.252294,73.45%,1.3%,48.1%,"15:05 ET"
SOXL,34.83,2024-12-20,30.00,-13.87%,3,27,29.00%,100,2214,99.35%,0.279873,64.57%,11.1%,68.7%,"15:36 ET"
SOXL,34.83,2024-11-08,29.00,-16.74%,0.97,28.03,24.26%,101,771,111.69%,0.189949,77.64%,3.5%,74.3%,"14:47 ET"
SOXL,34.83,2024-11-15,27.00,-22.48%,0.83,26.17,33.09%,107,1520,109.27%,0.146894,81.83%,3.2%,48.2%,"15:04 ET"
SOXL,34.83,2024-11-08,25.00,-28.22%,0.37,24.63,41.41%,115,974,122.54%,0.083157,89.51%,1.5%,32.3%,"15:21 ET"
SOXL,34.83,2024-11-15,32.00,-8.13%,2.25,29.75,17.08%,125,1241,103.02%,0.325234,62.58%,7.6%,115.0%,"15:28 ET"
SOXL,34.83,2024-11-01,28.00,-19.61%,0.28,27.72,25.65%,127,1526,107.66%,0.095721,88.97%,1.0%,36.9%,"15:20 ET"
SOXL,34.83,2024-12-20,25.00,-28.22%,1.49,23.51,48.15%,143,1545,105.75%,0.15796,78.23%,6.3%,39.2%,"14:49 ET"
SOXL,34.83,2024-11-15,21.00,-39.71%,0.22,20.78,67.61%,144,775,127.63%,0.043571,93.89%,1.1%,16.1%,"14:53 ET"
SOXL,34.83,2024-11-08,30.00,-13.87%,1.22,28.78,21.02%,151,1005,109.92%,0.228029,73.54%,4.2%,91.0%,"15:15 ET"
SOXL,34.83,2024-11-01,29.00,-16.74%,0.4,28.6,21.78%,154,653,104.22%,0.127106,85.59%,1.4%,51.0%,"15:38 ET"
SOXL,34.83,2024-11-15,25.00,-28.22%,0.53,24.47,42.34%,156,6405,113.60%,0.099387,87.25%,2.2%,32.9%,"15:30 ET"
SOXL,34.83,2024-11-08,33.00,-5.25%,2.24,30.76,13.23%,159,520,105.95%,0.364235,59.33%,7.3%,156.4%,"15:30 ET"
SOXL,34.83,2024-11-15,28.00,-19.61%,1.03,26.97,29.14%,203,2005,107.54%,0.176109,78.57%,3.8%,58.1%,"15:32 ET"
SOXL,34.83,2024-11-01,31.00,-11.00%,0.75,30.25,15.14%,221,1771,98.81%,0.216096,76.19%,2.5%,90.5%,"15:38 ET"
SOXL,34.83,2024-11-15,24.00,-31.09%,0.42,23.58,47.71%,227,1873,116.17%,0.080714,89.44%,1.8%,27.1%,"15:05 ET"
SOXL,34.83,2024-11-01,33.00,-5.25%,1.34,31.66,10.01%,229,2229,95.05%,0.340021,63.42%,4.2%,154.5%,"15:24 ET"
SOXL,34.83,2024-11-15,26.00,-25.35%,0.66,25.34,37.45%,233,1896,112.13%,0.122683,84.54%,2.6%,39.6%,"14:41 ET"
SOXL,34.83,2024-11-15,30.00,-13.87%,1.56,28.44,22.47%,250,4241,104.81%,0.244956,71.07%,5.5%,83.4%,"15:14 ET"
SOXL,34.83,2024-11-01,25.00,-28.22%,0.12,24.88,39.99%,349,6888,122.65%,0.041972,94.88%,0.5%,17.6%,"15:04 ET"
SOXL,34.83,2024-11-01,32.00,-8.13%,1.02,30.98,12.43%,506,910,96.73%,0.274109,70.17%,3.3%,120.2%,"15:41 ET"
SOXL,34.83,2024-11-01,34.00,-2.38%,1.74,32.26,7.97%,507,955,93.44%,0.411554,56.20%,5.4%,196.9%,"15:42 ET"
SOXL,34.83,2024-11-15,31.00,-11.00%,1.87,29.13,19.57%,522,1472,103.87%,0.283996,66.91%,6.4%,97.6%,"15:33 ET"
SOXL,34.83,2024-11-01,30.00,-13.87%,0.55,29.45,18.27%,622,3324,101.29%,0.167031,81.34%,1.9%,68.2%,"15:37 ET"
SOXL,34.83,2024-11-22,31.00,-11.00%,2.24,28.76,21.11%,3912,1200,102.11%,0.293438,65.23%,7.8%,91.7%,"15:37 ET"
SOXX,228.38,2024-11-15,215.00,-5.86%,3.4,211.6,7.93%,131,1165,38.53%,0.248401,72.94%,1.6%,24.4%,"15:27 ET"
SOXX,228.38,2024-11-15,210.00,-8.05%,2.45,207.55,10.04%,388,2169,40.20%,0.188273,79.22%,1.2%,18.0%,"15:38 ET"
SPOT,386.67,2024-12-20,330.00,-14.66%,6.3,323.7,19.45%,151,1031,46.26%,0.159852,80.29%,1.9%,12.0%,"12:57 ET"
SPOT,386.67,2024-11-01,360.00,-6.90%,0.68,359.32,7.61%,198,1645,34.27%,0.088518,89.62%,0.2%,6.9%,"14:31 ET"
SPY,583.66,2024-11-22,480.00,-17.76%,0.46,479.54,21.71%,100,858,34.37%,0.020822,97.45%,0.1%,1.1%,"12:23 ET"
SPY,583.66,2024-11-01,540.00,-7.48%,0.22,539.78,8.13%,100,13976,24.54%,0.024782,97.22%,0.0%,1.5%,"15:29 ET"
SPY,583.66,2024-11-29,390.00,-33.18%,0.17,389.83,49.72%,100,52379,51.21%,0.005414,99.27%,0.0%,0.4%,"10:09 ET"
SPY,583.66,2024-10-31,509.00,-12.79%,0.1,508.9,14.69%,100,1644,37.78%,0.009267,98.95%,0.0%,0.8%,"14:32 ET"
SPY,583.66,2024-12-20,515.00,-11.76%,2.15,512.85,13.81%,100,19436,24.22%,0.080917,90.06%,0.4%,2.6%,"15:41 ET"
SPY,583.66,2024-12-20,265.00,-54.60%,0.07,264.93,120.31%,100,7902,69.93%,0.00148,99.75%,0.0%,0.2%,"09:36 ET"
SPY,583.66,2024-12-31,395.00,-32.32%,0.51,394.49,47.95%,100,762,42.50%,0.012801,98.20%,0.1%,0.7%,"09:36 ET"
SPY,583.66,2024-11-29,541.00,-7.31%,2.12,538.88,8.31%,101,802,20.77%,0.10986,87.13%,0.4%,3.8%,"11:26 ET"
SPY,583.66,2024-11-29,360.00,-38.32%,0.11,359.89,62.18%,101,2330,57.57%,0.003296,99.54%,0.0%,0.3%,"13:08 ET"
SPY,583.66,2024-10-31,552.00,-5.42%,0.23,551.77,5.78%,101,2790,19.89%,0.033147,96.29%,0.0%,1.7%,"15:42 ET"
SPY,583.66,2024-11-15,515.00,-11.76%,0.57,514.43,13.46%,102,46936,27.87%,0.034069,96.00%,0.1%,1.7%,"15:39 ET"
SPY,583.66,2024-11-08,568.00,-2.68%,2.99,565.01,3.30%,102,920,18.18%,0.22388,75.59%,0.5%,11.4%,"15:12 ET"
SPY,583.66,2024-10-30,577.00,-1.14%,1.42,575.58,1.40%,102,858,11.84%,0.236862,74.36%,0.2%,11.3%,"14:10 ET"
SPY,583.66,2024-11-29,466.00,-20.16%,0.48,465.52,25.38%,103,1609,35.30%,0.019204,97.59%,0.1%,1.0%,"12:42 ET"
SPY,583.66,2024-12-31,380.00,-34.89%,0.43,379.57,53.77%,104,800,45.08%,0.010403,98.51%,0.1%,0.6%,"15:10 ET"
SPY,583.66,2025-01-17,535.00,-8.34%,4.74,530.26,10.07%,104,19935,20.19%,0.153128,81.14%,0.9%,3.8%,"15:42 ET"
SPY,583.66,2024-12-20,549.00,-5.94%,4.64,544.36,7.22%,105,816,19.31%,0.182643,78.48%,0.9%,5.3%,"15:01 ET"
SPY,583.66,2024-12-31,569.00,-2.51%,8.5,560.5,4.13%,105,810,16.12%,0.312945,64.07%,1.5%,7.9%,"15:38 ET"
SPY,583.66,2024-11-08,577.00,-1.14%,5.01,571.99,2.04%,109,645,16.67%,0.35022,62.51%,0.9%,18.8%,"15:31 ET"
SPY,583.66,2024-11-15,435.00,-25.47%,0.16,434.84,34.22%,110,153291,47.88%,0.006615,99.17%,0.0%,0.6%,"15:32 ET"
SPY,583.66,2024-11-15,415.00,-28.90%,0.12,414.88,40.68%,110,5283,53.37%,0.004942,99.37%,0.0%,0.4%,"15:14 ET"
SPY,583.66,2024-11-15,554.00,-5.08%,2.12,551.88,5.76%,112,2190,19.99%,0.137143,84.55%,0.4%,5.8%,"14:36 ET"
SPY,583.66,2024-11-15,546.00,-6.45%,1.51,544.49,7.19%,113,11177,21.38%,0.098228,88.81%,0.3%,4.2%,"15:35 ET"
SPY,583.66,2024-11-15,519.00,-11.08%,0.63,518.37,12.60%,113,1300,26.96%,0.038262,95.53%,0.1%,1.8%,"14:42 ET"
SPY,583.66,2024-10-29,555.00,-4.91%,0.13,554.87,5.19%,113,659,18.86%,0.024178,97.30%,0.0%,1.2%,"15:31 ET"
SPY,583.66,2024-11-29,474.00,-18.79%,0.53,473.47,23.27%,115,526,33.56%,0.021948,97.27%,0.1%,1.1%,"10:22 ET"
SPY,583.66,2024-11-08,530.00,-9.19%,0.48,529.52,10.22%,116,1876,25.80%,0.036364,95.84%,0.1%,1.9%,"15:42 ET"
SPY,583.66,2024-12-31,500.00,-14.33%,1.93,498.07,17.18%,116,7760,25.49%,0.0656,91.71%,0.4%,2.0%,"15:36 ET"
SPY,583.66,2024-12-20,533.00,-8.68%,3.17,529.83,10.16%,117,3041,21.58%,0.122696,85.23%,0.6%,3.7%,"14:37 ET"
SPY,583.66,2024-10-31,521.00,-10.74%,0.12,520.88,12.05%,120,11659,32.67%,0.011883,98.66%,0.0%,0.9%,"10:25 ET"
SPY,583.66,2024-12-20,541.00,-7.31%,3.82,537.18,8.65%,121,2180,20.44%,0.149311,82.21%,0.7%,4.4%,"15:41 ET"
SPY,583.66,2024-11-22,525.00,-10.05%,1.08,523.92,11.40%,122,734,24.58%,0.05908,93.04%,0.2%,2.4%,"15:41 ET"
SPY,583.66,2024-11-29,472.00,-19.13%,0.52,471.48,23.79%,122,998,34.03%,0.021311,97.34%,0.1%,1.1%,"10:07 ET"
SPY,583.66,2024-11-15,547.00,-6.28%,1.58,545.42,7.01%,124,2950,21.23%,0.102594,88.33%,0.3%,4.4%,"15:41 ET"
SPY,583.66,2024-11-15,542.00,-7.14%,1.29,540.71,7.94%,125,12039,22.11%,0.083705,90.42%,0.2%,3.6%,"14:56 ET"
SPY,583.66,2024-12-31,460.00,-21.19%,1.08,458.92,27.18%,126,1787,31.59%,0.032497,95.74%,0.2%,1.2%,"15:41 ET"
SPY,583.66,2024-12-20,557.00,-4.57%,5.68,551.32,5.87%,127,2404,18.18%,0.224531,73.88%,1.0%,6.4%,"15:20 ET"
SPY,583.66,2025-01-17,545.00,-6.62%,5.79,539.21,8.24%,128,13609,18.94%,0.18916,77.07%,1.1%,4.5%,"15:30 ET"
SPY,583.66,2024-12-20,542.00,-7.14%,3.91,538.09,8.47%,130,2955,20.30%,0.15303,81.79%,0.7%,4.5%,"15:01 ET"
SPY,583.66,2025-01-17,575.00,-1.48%,11.25,563.75,3.53%,130,11880,15.32%,0.368487,57.92%,2.0%,8.4%,"15:37 ET"
SPY,583.66,2025-01-17,325.00,-44.32%,0.36,324.64,79.79%,130,9482,52.33%,0.007007,98.90%,0.1%,0.5%,"15:28 ET"
SPY,583.66,2024-11-22,530.00,-9.19%,1.24,528.76,10.38%,131,973,23.62%,0.068728,91.94%,0.2%,2.8%,"15:39 ET"
SPY,583.66,2024-11-15,390.00,-33.18%,0.08,389.92,49.69%,132,104542,58.93%,0.002882,99.62%,0.0%,0.3%,"15:42 ET"
SPY,583.66,2024-11-08,562.00,-3.71%,2.12,559.88,4.25%,133,1618,19.20%,0.163915,81.93%,0.4%,8.1%,"15:15 ET"
SPY,583.66,2024-11-08,520.00,-10.91%,0.37,519.63,12.32%,134,4244,28.69%,0.026954,96.89%,0.1%,1.5%,"15:28 ET"
SPY,583.66,2024-10-29,565.00,-3.20%,0.24,564.76,3.35%,135,1123,14.61%,0.048507,94.58%,0.0%,2.2%,"15:41 ET"
SPY,583.66,2024-12-20,546.00,-6.45%,4.31,541.69,7.75%,135,3182,19.72%,0.169101,79.99%,0.8%,4.9%,"14:05 ET"
SPY,583.66,2024-10-31,530.00,-9.19%,0.14,529.86,10.15%,137,13375,28.83%,0.01474,98.34%,0.0%,1.1%,"15:16 ET"
SPY,583.66,2025-01-17,450.00,-22.90%,1.34,448.66,30.09%,137,21169,31.93%,0.035375,95.24%,0.3%,1.3%,"15:33 ET"
SPY,583.66,2024-12-20,554.00,-5.08%,5.26,548.74,6.36%,140,1943,18.61%,0.20771,75.72%,1.0%,5.9%,"14:41 ET"
SPY,583.66,2024-10-31,569.00,-2.51%,0.77,568.23,2.72%,141,2189,14.39%,0.118098,86.99%,0.1%,5.5%,"15:35 ET"
SPY,583.66,2024-12-31,510.00,-12.62%,2.31,507.69,14.96%,145,3538,24.07%,0.080192,89.97%,0.5%,2.4%,"15:41 ET"
SPY,583.66,2024-10-29,550.00,-5.77%,0.1,549.9,6.14%,148,1197,20.72%,0.017215,98.08%,0.0%,0.9%,"15:18 ET"
SPY,583.66,2024-12-31,505.00,-13.48%,2.11,502.89,16.06%,150,4563,24.75%,0.072257,90.92%,0.4%,2.2%,"11:42 ET"
SPY,583.66,2024-12-20,528.00,-9.54%,2.83,525.17,11.14%,151,2112,22.31%,0.109017,86.80%,0.5%,3.3%,"15:41 ET"
SPY,583.66,2024-10-31,525.00,-10.05%,0.13,524.87,11.20%,152,12483,31.24%,0.013701,98.46%,0.0%,1.0%,"12:44 ET"
SPY,583.66,2024-11-01,539.00,-7.65%,0.22,538.78,8.33%,156,1100,25.12%,0.024749,97.22%,0.0%,1.5%,"15:11 ET"
SPY,583.66,2024-12-20,400.00,-31.47%,0.45,399.55,46.08%,156,74386,44.02%,0.0119,98.36%,0.1%,0.7%,"15:40 ET"
SPY,583.66,2024-12-20,564.00,-3.37%,6.82,557.18,4.75%,157,2427,17.19%,0.269894,69.00%,1.2%,7.6%,"14:57 ET"
SPY,583.66,2024-12-31,550.00,-5.77%,5.35,544.65,7.16%,157,7710,18.65%,0.196375,76.65%,1.0%,5.1%,"15:39 ET"
SPY,583.66,2024-11-15,552.00,-5.42%,1.94,550.06,6.11%,159,10872,20.34%,0.12609,85.75%,0.4%,5.4%,"15:42 ET"
SPY,583.66,2024-11-15,528.00,-9.54%,0.79,527.21,10.71%,159,4476,24.90%,0.05015,94.18%,0.1%,2.3%,"15:42 ET"
SPY,583.66,2024-11-15,559.00,-4.23%,2.63,556.37,4.91%,160,4811,19.12%,0.169329,81.07%,0.5%,7.2%,"15:13 ET"
SPY,583.66,2024-10-31,568.00,-2.68%,0.7,567.3,2.88%,160,3031,14.72%,0.108401,88.04%,0.1%,5.0%,"15:37 ET"
SPY,583.66,2024-11-29,450.00,-22.90%,0.39,449.61,29.81%,161,15239,38.78%,0.014829,98.12%,0.1%,0.8%,"15:37 ET"
SPY,583.66,2024-11-15,400.00,-31.47%,0.1,399.9,45.95%,162,11625,56.87%,0.00366,99.52%,0.0%,0.4%,"14:43 ET"
SPY,583.66,2024-12-20,577.00,-1.14%,9.77,567.23,2.90%,164,1840,15.36%,0.381858,57.37%,1.7%,10.7%,"15:31 ET"
SPY,583.66,2024-12-20,465.00,-20.33%,0.96,464.04,25.78%,165,13750,32.33%,0.031189,95.98%,0.2%,1.3%,"14:45 ET"
SPY,583.66,2024-11-01,561.00,-3.88%,0.56,560.44,4.14%,167,5104,17.27%,0.074817,91.70%,0.1%,3.6%,"15:23 ET"
SPY,583.66,2024-11-22,560.00,-4.05%,3.51,556.49,4.88%,168,796,18.54%,0.196726,77.81%,0.6%,7.4%,"15:29 ET"
SPY,583.66,2024-11-22,575.00,-1.48%,6.35,568.65,2.64%,169,958,16.10%,0.342507,62.50%,1.1%,13.1%,"15:38 ET"
SPY,583.66,2024-11-29,520.00,-10.91%,1.18,518.82,12.50%,169,4856,24.29%,0.058639,92.97%,0.2%,2.2%,"14:59 ET"
SPY,583.66,2025-01-17,515.00,-11.76%,3.29,511.71,14.06%,171,27542,22.72%,0.102683,87.04%,0.6%,2.7%,"15:21 ET"
SPY,583.66,2024-12-20,563.00,-3.54%,6.64,556.36,4.91%,173,2555,17.33%,0.262791,69.75%,1.2%,7.4%,"14:55 ET"
SPY,583.66,2024-12-31,467.00,-19.99%,1.18,465.82,25.30%,175,4117,30.49%,0.036397,95.26%,0.3%,1.3%,"10:49 ET"
SPY,583.66,2024-12-20,558.00,-4.40%,5.83,552.17,5.70%,177,3239,18.04%,0.230579,73.23%,1.1%,6.5%,"14:55 ET"
SPY,583.66,2025-01-17,505.00,-13.48%,2.79,502.21,16.22%,177,12345,24.03%,0.085192,89.13%,0.6%,2.3%,"14:03 ET"
SPY,583.66,2024-10-31,500.00,-14.33%,0.09,499.91,16.75%,179,32695,41.05%,0.007158,99.18%,0.0%,0.7%,"15:34 ET"
SPY,583.66,2024-11-01,563.00,-3.54%,0.65,562.35,3.79%,180,5616,16.75%,0.087512,90.32%,0.1%,4.2%,"15:41 ET"
SPY,583.66,2024-11-15,561.00,-3.88%,2.88,558.12,4.58%,180,4783,18.79%,0.184519,79.44%,0.5%,7.8%,"15:38 ET"
SPY,583.66,2024-12-20,543.00,-6.97%,4.01,538.99,8.29%,185,4472,20.18%,0.157258,81.32%,0.7%,4.6%,"15:35 ET"
SPY,583.66,2024-11-01,567.00,-2.85%,0.91,566.09,3.10%,186,1953,15.76%,0.12133,86.66%,0.2%,5.9%,"15:38 ET"
SPY,583.66,2024-11-15,557.00,-4.57%,2.41,554.59,5.24%,186,4299,19.46%,0.155471,82.56%,0.4%,6.6%,"15:41 ET"
SPY,583.66,2024-11-29,484.00,-17.08%,0.61,483.39,20.74%,186,1174,31.45%,0.026336,96.75%,0.1%,1.2%,"14:06 ET"
SPY,583.66,2024-12-31,445.00,-23.76%,0.9,444.1,31.43%,186,709,34.07%,0.025965,96.54%,0.2%,1.1%,"15:05 ET"
SPY,583.66,2024-12-31,430.00,-26.33%,0.76,429.24,35.98%,189,1216,36.64%,0.021052,97.16%,0.2%,0.9%,"15:17 ET"
SPY,583.66,2025-01-17,295.00,-49.46%,0.26,294.74,98.03%,190,2385,57.70%,0.004703,99.23%,0.1%,0.4%,"14:45 ET"
SPY,583.66,2024-12-31,555.00,-4.91%,6.02,548.98,6.32%,191,2783,17.99%,0.221725,73.87%,1.1%,5.7%,"13:39 ET"
SPY,583.66,2024-12-20,567.00,-2.85%,7.39,559.61,4.30%,192,2257,16.76%,0.292033,66.63%,1.3%,8.2%,"15:41 ET"
SPY,583.66,2025-01-17,500.00,-14.33%,2.58,497.42,17.34%,193,34897,24.71%,0.077847,90.01%,0.5%,2.2%,"15:32 ET"
SPY,583.66,2024-11-22,500.00,-14.33%,0.62,499.38,16.88%,195,2621,29.73%,0.030822,96.29%,0.1%,1.5%,"14:13 ET"
SPY,583.66,2024-11-22,555.00,-4.91%,2.91,552.09,5.72%,196,1102,19.36%,0.163745,81.39%,0.5%,6.2%,"15:42 ET"
SPY,583.66,2024-12-31,464.00,-20.50%,1.13,462.87,26.10%,196,696,30.97%,0.034693,95.47%,0.2%,1.3%,"14:43 ET"
SPY,583.66,2024-12-31,468.00,-19.82%,1.2,466.8,25.03%,197,523,30.35%,0.037084,95.17%,0.3%,1.3%,"10:16 ET"
SPY,583.66,2024-11-15,563.00,-3.54%,3.15,559.85,4.25%,199,4748,18.44%,0.200689,77.71%,0.6%,8.6%,"15:41 ET"
SPY,583.66,2024-11-29,530.00,-9.19%,1.53,528.47,10.44%,199,2905,22.56%,0.078097,90.73%,0.3%,2.8%,"14:49 ET"
SPY,583.66,2024-12-20,566.00,-3.03%,7.19,558.81,4.45%,202,1243,16.90%,0.284467,67.44%,1.3%,8.0%,"15:39 ET"
SPY,583.66,2024-12-20,574.00,-1.66%,8.97,565.03,3.30%,203,1578,15.78%,0.352427,60.38%,1.6%,9.8%,"13:58 ET"
SPY,583.66,2025-01-17,480.00,-17.76%,1.94,478.06,22.09%,204,19402,27.50%,0.055525,92.74%,0.4%,1.7%,"13:55 ET"
SPY,583.66,2024-12-20,547.00,-6.28%,4.42,542.58,7.57%,207,1867,19.60%,0.173679,79.48%,0.8%,5.0%,"14:36 ET"
SPY,583.66,2024-11-29,420.00,-28.04%,0.26,419.74,39.05%,210,2269,44.98%,0.008918,98.83%,0.1%,0.6%,"14:01 ET"
SPY,583.66,2024-10-31,504.00,-13.65%,0.09,503.91,15.83%,210,2952,39.69%,0.008125,99.07%,0.0%,0.7%,"14:05 ET"
SPY,583.66,2025-01-17,415.00,-28.90%,0.93,414.07,40.96%,210,4494,37.40%,0.022143,96.91%,0.2%,0.9%,"15:17 ET"
SPY,583.66,2024-11-29,340.00,-41.75%,0.08,339.92,71.71%,211,4397,61.82%,0.00233,99.66%,0.0%,0.2%,"15:19 ET"
SPY,583.66,2024-12-20,553.00,-5.25%,5.13,547.87,6.53%,211,1683,18.75%,0.202466,76.29%,0.9%,5.8%,"13:39 ET"
SPY,583.66,2024-11-15,509.00,-12.79%,0.51,508.49,14.78%,212,1207,29.40%,0.029487,96.53%,0.1%,1.5%,"15:23 ET"
SPY,583.66,2024-12-31,470.00,-19.47%,1.24,468.76,24.51%,212,983,30.07%,0.038475,95.00%,0.3%,1.4%,"15:17 ET"
SPY,583.66,2024-11-22,569.00,-2.51%,4.99,564.01,3.48%,213,726,17.08%,0.274463,69.54%,0.9%,10.4%,"14:47 ET"
SPY,583.66,2024-12-20,455.00,-22.04%,0.85,454.15,28.52%,213,31229,34.11%,0.026699,96.53%,0.2%,1.2%,"14:01 ET"
SPY,583.66,2024-11-15,527.00,-9.71%,0.77,526.23,10.91%,216,2962,25.10%,0.048445,94.37%,0.1%,2.2%,"15:10 ET"
SPY,583.66,2024-11-29,479.00,-17.93%,0.57,478.43,21.99%,218,4825,32.52%,0.024073,97.02%,0.1%,1.1%,"14:06 ET"
SPY,583.66,2024-10-31,567.00,-2.85%,0.63,566.37,3.05%,218,2064,14.94%,0.098198,89.14%,0.1%,4.5%,"15:29 ET"
SPY,583.66,2024-11-01,569.00,-2.51%,1.08,567.92,2.77%,219,1701,15.25%,0.143077,84.32%,0.2%,6.9%,"15:39 ET"
SPY,583.66,2024-11-15,551.00,-5.60%,1.86,549.14,6.29%,222,3982,20.50%,0.120785,86.33%,0.3%,5.2%,"15:41 ET"
SPY,583.66,2024-12-31,473.00,-18.96%,1.28,471.72,23.73%,224,959,29.54%,0.040182,94.79%,0.3%,1.4%,"14:43 ET"
SPY,583.66,2024-11-22,565.00,-3.20%,4.26,560.74,4.09%,226,2194,17.72%,0.236639,73.54%,0.8%,8.9%,"15:05 ET"
SPY,583.66,2025-01-17,425.00,-27.18%,1.03,423.97,37.67%,226,9677,35.81%,0.025216,96.52%,0.2%,1.0%,"14:42 ET"
SPY,583.66,2024-11-15,538.00,-7.82%,1.11,536.89,8.71%,227,6129,22.89%,0.071895,91.74%,0.2%,3.1%,"15:36 ET"
SPY,583.66,2024-12-20,569.00,-2.51%,7.8,561.2,4.00%,227,1452,16.48%,0.308192,64.95%,1.4%,8.6%,"15:19 ET"
SPY,583.66,2024-10-29,570.00,-2.34%,0.42,569.58,2.47%,228,1147,13.11%,0.086607,90.40%,0.1%,3.8%,"15:35 ET"
SPY,583.66,2024-12-20,445.00,-23.76%,0.75,444.25,31.38%,229,14710,35.87%,0.022847,97.00%,0.2%,1.0%,"15:34 ET"
SPY,583.66,2024-12-20,571.00,-2.17%,8.25,562.75,3.72%,234,1147,16.20%,0.324945,63.18%,1.5%,9.1%,"13:57 ET"
SPY,583.66,2024-12-20,350.00,-40.03%,0.23,349.77,66.87%,234,25689,52.94%,0.005548,99.19%,0.1%,0.4%,"15:12 ET"
SPY,583.66,2024-12-20,568.00,-2.68%,7.59,560.41,4.15%,237,1874,16.62%,0.300059,65.80%,1.4%,8.4%,"15:41 ET"
SPY,583.66,2024-10-30,576.00,-1.31%,1.25,574.75,1.55%,238,972,12.07%,0.211634,77.01%,0.2%,9.9%,"15:30 ET"
SPY,583.66,2024-11-15,510.00,-12.62%,0.52,509.48,14.56%,240,179681,29.11%,0.030011,96.47%,0.1%,1.6%,"15:41 ET"
SPY,583.66,2025-01-17,520.00,-10.91%,3.6,516.4,13.02%,246,19065,22.08%,0.113159,85.80%,0.7%,2.9%,"15:36 ET"
SPY,583.66,2024-10-31,503.00,-13.82%,0.09,502.91,16.06%,247,1511,39.64%,0.007392,99.16%,0.0%,0.7%,"14:03 ET"
SPY,583.66,2024-11-29,555.00,-4.91%,3.35,551.65,5.80%,250,10823,18.57%,0.174378,79.96%,0.6%,5.8%,"15:13 ET"
SPY,583.66,2024-11-01,496.00,-15.02%,0.1,495.9,17.70%,251,1492,41.75%,0.00805,99.07%,0.0%,0.7%,"15:14 ET"
SPY,583.66,2025-01-17,565.00,-3.20%,8.92,556.08,4.96%,253,4456,16.52%,0.29345,65.64%,1.6%,6.7%,"15:37 ET"
SPY,583.66,2024-11-15,502.00,-13.99%,0.45,501.55,16.37%,254,2289,31.18%,0.02508,97.03%,0.1%,1.4%,"15:25 ET"
SPY,583.66,2024-12-20,410.00,-29.75%,0.5,409.5,42.53%,255,12958,42.26%,0.013834,98.12%,0.1%,0.8%,"15:39 ET"
SPY,583.66,2024-11-29,385.00,-34.04%,0.16,384.84,51.66%,260,52128,52.50%,0.005148,99.30%,0.0%,0.4%,"15:13 ET"
SPY,583.66,2024-11-08,545.00,-6.62%,0.87,544.13,7.26%,266,2056,22.35%,0.068801,92.23%,0.2%,3.4%,"15:36 ET"
SPY,583.66,2024-12-31,560.00,-4.05%,6.79,553.21,5.50%,267,3753,17.34%,0.250617,70.71%,1.2%,6.4%,"15:39 ET"
SPY,583.66,2024-11-15,553.00,-5.25%,2.03,550.97,5.93%,269,13822,20.17%,0.13148,85.17%,0.4%,5.6%,"15:02 ET"
SPY,583.66,2024-11-15,523.00,-10.39%,0.69,522.31,11.75%,270,2992,25.99%,0.042751,95.02%,0.1%,2.0%,"15:19 ET"
SPY,583.66,2024-10-31,502.00,-13.99%,0.09,501.91,16.29%,270,3065,40.11%,0.007312,99.16%,0.0%,0.7%,"13:44 ET"
SPY,583.66,2024-11-29,575.00,-1.48%,6.87,568.13,2.73%,273,1796,15.50%,0.346225,61.75%,1.2%,11.6%,"15:33 ET"
SPY,583.66,2024-10-31,501.00,-14.16%,0.09,500.91,16.52%,278,1709,41.10%,0.007866,99.10%,0.0%,0.7%,"14:33 ET"
SPY,583.66,2024-12-31,570.00,-2.34%,8.72,561.28,3.99%,278,3269,16.03%,0.321314,63.21%,1.6%,8.1%,"15:34 ET"
SPY,583.66,2024-12-31,540.00,-7.48%,4.26,535.74,8.94%,284,9375,19.97%,0.154962,81.30%,0.8%,4.1%,"15:16 ET"
SPY,583.66,2024-11-15,569.00,-2.51%,4.14,564.86,3.33%,285,4638,17.42%,0.258988,71.54%,0.7%,11.1%,"15:42 ET"
SPY,583.66,2024-12-20,572.00,-2.00%,8.48,563.52,3.57%,286,1665,16.06%,0.333913,62.27%,1.5%,9.3%,"14:04 ET"
SPY,583.66,2024-10-31,559.00,-4.23%,0.33,558.67,4.47%,288,1897,17.34%,0.05059,94.36%,0.1%,2.4%,"15:31 ET"
SPY,583.66,2024-12-31,474.00,-18.79%,1.3,472.7,23.47%,289,1045,29.40%,0.040907,94.70%,0.3%,1.4%,"14:01 ET"
SPY,583.66,2024-11-01,576.00,-1.31%,2.06,573.94,1.69%,292,2169,13.60%,0.258507,72.14%,0.4%,13.1%,"15:30 ET"
SPY,583.66,2024-12-20,470.00,-19.47%,1.02,468.98,24.45%,292,18703,31.45%,0.033849,95.66%,0.2%,1.3%,"15:41 ET"
SPY,583.66,2024-11-15,541.00,-7.31%,1.24,539.76,8.13%,296,10409,22.29%,0.080423,90.79%,0.2%,3.5%,"15:37 ET"
SPY,583.66,2024-11-15,558.00,-4.40%,2.52,555.48,5.07%,297,4912,19.29%,0.162246,81.83%,0.5%,6.9%,"15:41 ET"
SPY,583.66,2024-10-31,516.00,-11.59%,0.11,515.89,13.14%,300,1317,34.87%,0.010791,98.78%,0.0%,0.9%,"14:31 ET"
SPY,583.66,2024-10-31,506.00,-13.31%,0.09,505.91,15.37%,300,3266,38.74%,0.008307,99.05%,0.0%,0.7%,"14:31 ET"
SPY,583.66,2024-12-31,478.00,-18.10%,1.37,476.63,22.46%,300,774,28.75%,0.043666,94.36%,0.3%,1.5%,"14:42 ET"
SPY,583.66,2024-11-22,550.00,-5.77%,2.42,547.58,6.59%,301,1672,20.18%,0.13647,84.37%,0.4%,5.2%,"15:39 ET"
SPY,583.66,2024-11-15,522.00,-10.56%,0.67,521.33,11.96%,301,1877,26.20%,0.041386,95.17%,0.1%,2.0%,"15:39 ET"
SPY,583.66,2024-10-31,511.00,-12.45%,0.1,510.9,14.24%,301,1829,36.84%,0.009486,98.92%,0.0%,0.8%,"14:31 ET"
SPY,583.66,2024-12-31,390.00,-33.18%,0.49,389.51,49.84%,301,1715,43.52%,0.012189,98.28%,0.1%,0.7%,"15:18 ET"
SPY,583.66,2024-11-15,521.00,-10.74%,0.66,520.34,12.17%,303,2283,26.49%,0.040466,95.28%,0.1%,1.9%,"14:53 ET"
SPY,583.66,2024-11-08,557.00,-4.57%,1.6,555.4,5.09%,312,938,20.05%,0.125965,86.01%,0.3%,6.2%,"15:24 ET"
SPY,583.66,2024-12-20,576.00,-1.31%,9.49,566.51,3.03%,314,1422,15.50%,0.371921,58.39%,1.7%,10.4%,"15:39 ET"
SPY,583.66,2024-11-22,520.00,-10.91%,0.94,519.06,12.45%,315,975,25.57%,0.051185,93.94%,0.2%,2.1%,"15:38 ET"
SPY,583.66,2024-11-29,565.00,-3.20%,4.75,560.25,4.18%,315,8656,17.01%,0.245141,72.30%,0.8%,8.1%,"15:36 ET"
SPY,583.66,2024-11-15,562.00,-3.71%,3.01,558.99,4.41%,317,3966,18.62%,0.192453,78.59%,0.5%,8.2%,"15:41 ET"
SPY,583.66,2024-12-20,485.00,-16.90%,1.27,483.73,20.66%,322,26147,28.94%,0.04408,94.43%,0.3%,1.6%,"15:42 ET"
SPY,583.66,2024-11-01,537.00,-7.99%,0.21,536.79,8.73%,325,739,25.71%,0.022363,97.49%,0.0%,1.4%,"15:42 ET"
SPY,583.66,2024-11-01,497.00,-14.85%,0.1,496.9,17.46%,325,1793,41.30%,0.008132,99.06%,0.0%,0.7%,"15:27 ET"
SPY,583.66,2024-10-31,558.00,-4.40%,0.31,557.69,4.66%,327,3447,17.62%,0.046696,94.79%,0.1%,2.3%,"14:13 ET"
SPY,583.66,2024-10-30,570.00,-2.34%,0.62,569.38,2.51%,328,642,13.64%,0.109169,87.96%,0.1%,5.0%,"15:27 ET"
SPY,583.66,2024-12-20,534.00,-8.51%,3.24,530.76,9.97%,328,2549,21.45%,0.12584,84.87%,0.6%,3.8%,"15:37 ET"
SPY,583.66,2024-11-15,531.00,-9.02%,0.87,530.13,10.10%,330,3840,24.25%,0.055426,93.58%,0.2%,2.5%,"13:39 ET"
SPY,583.66,2024-11-22,540.00,-7.48%,1.71,538.29,8.43%,332,1149,21.91%,0.096336,88.83%,0.3%,3.7%,"15:41 ET"
SPY,583.66,2025-01-17,510.00,-12.62%,3.03,506.97,15.13%,332,33970,23.38%,0.093473,88.14%,0.6%,2.5%,"15:06 ET"
SPY,583.66,2024-11-08,535.00,-8.34%,0.57,534.43,9.21%,337,3392,24.65%,0.044626,94.91%,0.1%,2.3%,"15:39 ET"
SPY,583.66,2024-12-20,573.00,-1.83%,8.72,564.28,3.43%,340,2032,15.92%,0.342957,61.33%,1.5%,9.6%,"15:41 ET"
SPY,583.66,2024-11-15,567.00,-2.85%,3.77,563.23,3.63%,349,4847,17.75%,0.237867,73.77%,0.7%,10.2%,"15:36 ET"
SPY,583.66,2024-11-15,549.00,-5.94%,1.71,547.29,6.65%,349,4644,20.85%,0.111156,87.39%,0.3%,4.8%,"14:23 ET"
SPY,583.66,2024-12-20,535.00,-8.34%,3.32,531.68,9.78%,355,16608,21.30%,0.128814,84.53%,0.6%,3.9%,"15:37 ET"
SPY,583.66,2024-10-31,566.00,-3.03%,0.58,565.42,3.23%,356,1935,15.25%,0.090172,90.02%,0.1%,4.2%,"15:35 ET"
SPY,583.66,2024-11-01,530.00,-9.19%,0.18,529.82,10.16%,358,9591,28.51%,0.018203,97.95%,0.0%,1.2%,"14:57 ET"
SPY,583.66,2024-12-20,555.00,-4.91%,5.4,549.6,6.20%,363,19097,18.47%,0.213205,75.11%,1.0%,6.1%,"15:20 ET"
SPY,583.66,2024-10-31,563.00,-3.54%,0.45,562.55,3.75%,365,2392,16.09%,0.069222,92.31%,0.1%,3.2%,"14:48 ET"
SPY,583.66,2024-11-15,566.00,-3.03%,3.6,562.4,3.78%,380,5581,17.92%,0.227822,74.82%,0.6%,9.7%,"14:42 ET"
SPY,583.66,2024-12-31,525.00,-10.05%,3.09,521.91,11.83%,380,5796,21.99%,0.110289,86.44%,0.6%,3.1%,"15:39 ET"
SPY,583.66,2024-11-22,545.00,-6.62%,2.03,542.97,7.49%,385,1616,21.03%,0.114299,86.83%,0.4%,4.4%,"15:38 ET"
SPY,583.66,2024-11-01,577.00,-1.14%,2.26,574.74,1.55%,387,5062,13.40%,0.281605,69.75%,0.4%,14.4%,"15:34 ET"
SPY,583.66,2024-12-20,552.00,-5.42%,5,547,6.70%,387,6839,18.90%,0.197337,76.85%,0.9%,5.7%,"15:35 ET"
SPY,583.66,2024-12-20,575.00,-1.48%,9.22,565.78,3.16%,396,8220,15.64%,0.361847,59.40%,1.6%,10.1%,"15:36 ET"
SPY,583.66,2024-11-29,545.00,-6.62%,2.41,542.59,7.57%,402,4013,20.15%,0.125156,85.41%,0.4%,4.3%,"15:32 ET"
SPY,583.66,2024-10-31,576.00,-1.31%,1.59,574.41,1.61%,408,6589,12.67%,0.234067,74.66%,0.3%,11.2%,"15:32 ET"
SPY,583.66,2024-11-29,540.00,-7.48%,2.06,537.94,8.50%,411,16562,20.91%,0.106229,87.54%,0.4%,3.7%,"15:36 ET"
SPY,583.66,2024-11-08,571.00,-2.17%,3.55,567.45,2.86%,420,1226,17.67%,0.26066,71.74%,0.6%,13.4%,"15:40 ET"
SPY,583.66,2024-10-31,571.00,-2.17%,0.94,570.06,2.39%,424,2037,13.90%,0.143571,84.25%,0.2%,6.7%,"15:41 ET"
SPY,583.66,2024-11-08,540.00,-7.48%,0.69,539.31,8.22%,426,8309,23.41%,0.054557,93.81%,0.1%,2.7%,"15:30 ET"
SPY,583.66,2024-11-01,505.00,-13.48%,0.12,504.88,15.60%,439,5725,38.49%,0.010092,98.85%,0.0%,0.9%,"11:17 ET"
SPY,583.66,2024-12-20,565.00,-3.20%,7,558,4.60%,442,4955,17.04%,0.277027,68.24%,1.3%,7.8%,"15:41 ET"
SPY,583.66,2024-11-15,573.00,-1.83%,4.98,568.02,2.75%,444,5156,16.74%,0.30614,66.62%,0.9%,13.3%,"15:42 ET"
SPY,583.66,2024-12-20,544.00,-6.80%,4.11,539.89,8.11%,444,2289,20.03%,0.16108,80.89%,0.8%,4.7%,"15:37 ET"
SPY,583.66,2024-12-31,475.00,-18.62%,1.31,473.69,23.22%,444,5649,29.22%,0.041532,94.63%,0.3%,1.4%,"15:37 ET"
SPY,583.66,2024-11-29,570.00,-2.34%,5.7,564.3,3.43%,454,17546,16.26%,0.291644,67.42%,1.0%,9.7%,"15:37 ET"
SPY,583.66,2024-11-15,571.00,-2.17%,4.54,566.46,3.04%,466,4898,17.08%,0.281652,69.17%,0.8%,12.2%,"15:42 ET"
SPY,583.66,2024-11-15,543.00,-6.97%,1.34,541.66,7.75%,482,4016,21.92%,0.087042,90.05%,0.2%,3.8%,"15:41 ET"
SPY,583.66,2024-12-20,537.00,-7.99%,3.48,533.52,9.40%,506,4996,21.01%,0.135205,83.80%,0.7%,4.0%,"15:41 ET"
SPY,583.66,2024-12-20,545.00,-6.62%,4.21,540.79,7.93%,508,24648,19.88%,0.165156,80.43%,0.8%,4.8%,"15:01 ET"
SPY,583.66,2024-11-29,544.00,-6.80%,2.33,541.67,7.75%,509,757,20.29%,0.121019,85.87%,0.4%,4.1%,"15:25 ET"
SPY,583.66,2024-12-20,280.00,-52.03%,0.09,279.91,108.52%,516,5095,66.88%,0.001925,99.69%,0.0%,0.2%,"13:04 ET"
SPY,583.66,2025-01-17,570.00,-2.34%,10,560,4.23%,524,14237,15.94%,0.32892,61.95%,1.8%,7.5%,"15:37 ET"
SPY,583.66,2024-11-29,515.00,-11.76%,1.05,513.95,13.56%,525,15385,25.20%,0.05139,93.81%,0.2%,2.0%,"14:01 ET"
SPY,583.66,2024-11-29,510.00,-12.62%,0.94,509.06,14.65%,530,6777,26.12%,0.045271,94.53%,0.2%,1.8%,"15:22 ET"
SPY,583.66,2024-12-20,505.00,-13.48%,1.78,503.22,15.99%,530,43240,25.72%,0.065105,91.92%,0.4%,2.2%,"15:19 ET"
SPY,583.66,2024-11-29,475.00,-18.62%,0.54,474.46,23.02%,532,1811,33.33%,0.022272,97.23%,0.1%,1.1%,"15:38 ET"
SPY,583.66,2024-11-29,573.00,-1.83%,6.37,566.63,3.01%,539,762,15.80%,0.323227,64.12%,1.1%,10.8%,"15:37 ET"
SPY,583.66,2024-11-08,565.00,-3.20%,2.52,562.48,3.77%,542,2309,18.70%,0.191813,78.97%,0.4%,9.6%,"15:36 ET"
SPY,583.66,2024-11-01,525.00,-10.05%,0.16,524.84,11.21%,545,2868,30.36%,0.015527,98.25%,0.0%,1.1%,"14:10 ET"
SPY,583.66,2024-11-15,545.00,-6.62%,1.45,543.55,7.38%,549,39006,21.56%,0.094313,89.25%,0.3%,4.1%,"15:35 ET"
SPY,583.66,2024-11-29,550.00,-5.77%,2.84,547.16,6.67%,562,21452,19.37%,0.147701,82.91%,0.5%,5.0%,"15:37 ET"
SPY,583.66,2024-10-31,505.00,-13.48%,0.09,504.91,15.60%,571,16977,39.21%,0.008215,99.06%,0.0%,0.7%,"14:31 ET"
SPY,583.66,2024-11-04,570.00,-2.34%,1.35,568.65,2.64%,574,548,13.97%,0.166938,81.54%,0.2%,6.7%,"15:38 ET"
SPY,583.66,2025-01-17,550.00,-5.77%,6.43,543.57,7.38%,576,50575,18.34%,0.210673,74.65%,1.2%,5.0%,"15:39 ET"
SPY,583.66,2024-12-20,525.00,-10.05%,2.65,522.35,11.74%,583,39423,22.75%,0.101563,87.66%,0.5%,3.1%,"15:41 ET"
SPY,583.66,2024-11-15,532.00,-8.85%,0.9,531.1,9.90%,607,2411,24.05%,0.057461,93.35%,0.2%,2.6%,"13:50 ET"
SPY,583.66,2024-11-15,564.00,-3.37%,3.29,560.71,4.09%,616,6194,18.27%,0.209375,76.78%,0.6%,8.9%,"15:42 ET"
SPY,583.66,2025-01-17,530.00,-9.19%,4.31,525.69,11.03%,619,28794,20.80%,0.138059,82.89%,0.8%,3.4%,"15:28 ET"
SPY,583.66,2024-11-08,560.00,-4.05%,1.89,558.11,4.58%,628,3341,19.58%,0.148127,83.62%,0.3%,7.3%,"15:38 ET"
SPY,583.66,2024-11-01,495.00,-15.19%,0.1,494.9,17.93%,637,102312,42.21%,0.00797,99.08%,0.0%,0.7%,"14:30 ET"
SPY,583.66,2024-11-15,530.00,-9.19%,0.84,529.16,10.30%,638,50840,24.44%,0.053425,93.81%,0.2%,2.4%,"15:41 ET"
SPY,583.66,2024-11-01,571.00,-2.17%,1.29,569.71,2.45%,641,5157,14.76%,0.169212,81.53%,0.2%,8.3%,"15:31 ET"
SPY,583.66,2024-10-30,575.00,-1.48%,1.11,573.89,1.70%,656,1015,12.34%,0.189673,79.33%,0.2%,8.8%,"15:39 ET"
SPY,583.66,2024-12-20,526.00,-9.88%,2.71,523.29,11.54%,677,1896,22.57%,0.103704,87.41%,0.5%,3.2%,"15:41 ET"
SPY,583.66,2024-12-20,385.00,-34.04%,0.37,384.63,51.75%,692,19972,46.80%,0.009645,98.65%,0.1%,0.6%,"15:28 ET"
SPY,583.66,2024-10-31,574.00,-1.66%,1.28,572.72,1.91%,693,2294,13.15%,0.192375,79.05%,0.2%,9.1%,"15:06 ET"
SPY,583.66,2024-12-20,559.00,-4.23%,5.98,553.02,5.54%,695,1465,17.90%,0.236733,72.57%,1.1%,6.7%,"15:24 ET"
SPY,583.66,2024-12-20,527.00,-9.71%,2.77,524.23,11.34%,695,3355,22.43%,0.106187,87.13%,0.5%,3.3%,"15:41 ET"
SPY,583.66,2024-12-20,560.00,-4.05%,6.14,553.86,5.38%,712,49642,17.77%,0.243189,71.88%,1.1%,6.9%,"15:39 ET"
SPY,583.66,2024-11-15,577.00,-1.14%,6,571,2.22%,722,3736,16.06%,0.361368,60.98%,1.1%,16.0%,"15:41 ET"
SPY,583.66,2024-10-31,573.00,-1.83%,1.15,571.85,2.07%,746,2868,13.35%,0.173604,81.04%,0.2%,8.2%,"15:35 ET"
SPY,583.66,2024-11-01,550.00,-5.77%,0.3,549.7,6.18%,768,14273,20.70%,0.037104,95.85%,0.1%,2.0%,"15:37 ET"
SPY,583.66,2024-11-15,395.00,-32.32%,0.08,394.92,47.79%,775,3581,57.59%,0.003115,99.59%,0.0%,0.3%,"13:58 ET"
SPY,583.66,2024-12-20,570.00,-2.34%,8.02,561.98,3.86%,791,23512,16.33%,0.316415,64.08%,1.4%,8.8%,"15:36 ET"
SPY,583.66,2024-11-15,574.00,-1.66%,5.22,568.78,2.62%,812,5028,16.59%,0.319394,65.25%,0.9%,14.0%,"15:42 ET"
SPY,583.66,2024-10-29,573.00,-1.83%,0.62,572.38,1.97%,814,1344,12.23%,0.125489,86.18%,0.1%,5.6%,"15:35 ET"
SPY,583.66,2024-11-01,566.00,-3.03%,0.84,565.16,3.27%,819,3192,16.00%,0.111672,87.70%,0.1%,5.4%,"15:17 ET"
SPY,583.66,2024-10-31,560.00,-4.05%,0.36,559.64,4.29%,820,60352,16.98%,0.054114,93.97%,0.1%,2.6%,"15:37 ET"
SPY,583.66,2024-11-01,499.00,-14.51%,0.1,498.9,16.99%,824,826,40.39%,0.008301,99.05%,0.0%,0.7%,"15:31 ET"
SPY,583.66,2024-10-31,515.00,-11.76%,0.11,514.89,13.36%,831,12130,35.15%,0.010309,98.83%,0.0%,0.9%,"15:00 ET"
SPY,583.66,2024-11-15,576.00,-1.31%,5.74,570.26,2.35%,897,4612,16.24%,0.346933,62.44%,1.0%,15.3%,"15:40 ET"
SPY,583.66,2025-01-17,560.00,-4.05%,7.98,552.02,5.73%,897,19052,17.13%,0.262466,68.96%,1.4%,6.1%,"15:42 ET"
SPY,583.66,2024-11-15,490.00,-16.05%,0.38,489.62,19.21%,912,79568,34.46%,0.019982,97.61%,0.1%,1.2%,"15:22 ET"
SPY,583.66,2024-11-01,572.00,-2.00%,1.42,570.58,2.29%,919,4668,14.51%,0.183997,79.96%,0.2%,9.1%,"15:38 ET"
SPY,583.66,2024-10-31,572.00,-2.00%,1.04,570.96,2.22%,922,2987,13.66%,0.158467,82.66%,0.2%,7.4%,"15:10 ET"
SPY,583.66,2024-11-15,529.00,-9.37%,0.82,528.18,10.50%,933,5592,24.69%,0.051878,93.98%,0.2%,2.4%,"15:33 ET"
SPY,583.66,2024-10-29,575.00,-1.48%,0.82,574.18,1.65%,933,2724,11.76%,0.163945,82.06%,0.1%,7.4%,"15:34 ET"
SPY,583.66,2024-10-31,520.00,-10.91%,0.12,519.88,12.27%,943,18108,32.96%,0.01136,98.72%,0.0%,0.9%,"15:40 ET"
SPY,583.66,2025-01-17,485.00,-16.90%,2.07,482.93,20.86%,944,7322,26.78%,0.0602,92.16%,0.4%,1.8%,"14:15 ET"
SPY,583.66,2024-11-01,500.00,-14.33%,0.11,499.89,16.76%,982,15280,40.37%,0.008984,98.97%,0.0%,0.8%,"15:09 ET"
SPY,583.66,2024-11-29,495.00,-15.19%,0.71,494.29,18.08%,1007,6183,29.07%,0.032276,96.05%,0.1%,1.4%,"15:30 ET"
SPY,583.66,2024-11-29,440.00,-24.61%,0.34,439.66,32.75%,1025,104059,40.79%,0.012394,98.41%,0.1%,0.7%,"14:45 ET"
SPY,583.66,2024-11-15,568.00,-2.68%,3.95,564.05,3.48%,1030,4807,17.59%,0.248207,72.68%,0.7%,10.7%,"15:41 ET"
SPY,583.66,2024-10-31,577.00,-1.14%,1.77,575.23,1.47%,1099,8067,12.43%,0.257723,72.18%,0.3%,12.5%,"15:42 ET"
SPY,583.66,2024-11-15,548.00,-6.11%,1.64,546.36,6.83%,1119,5212,21.03%,0.106648,87.89%,0.3%,4.6%,"14:42 ET"
SPY,583.66,2024-11-15,495.00,-15.19%,0.41,494.59,18.01%,1132,30039,33.02%,0.021712,97.42%,0.1%,1.3%,"15:42 ET"
SPY,583.66,2024-11-15,572.00,-2.00%,4.76,567.24,2.89%,1147,68203,16.91%,0.293689,67.91%,0.8%,12.8%,"15:41 ET"
SPY,583.66,2024-11-01,573.00,-1.83%,1.55,571.45,2.14%,1191,2539,14.29%,0.20054,78.22%,0.3%,9.9%,"15:23 ET"
SPY,583.66,2024-12-20,540.00,-7.48%,3.73,536.27,8.84%,1194,91389,20.59%,0.14565,82.62%,0.7%,4.3%,"15:37 ET"
SPY,583.66,2024-11-15,520.00,-10.91%,0.64,519.36,12.38%,1198,105750,26.73%,0.039354,95.40%,0.1%,1.9%,"15:42 ET"
SPY,583.66,2024-11-29,560.00,-4.05%,3.98,556.02,4.97%,1211,4911,17.79%,0.206657,76.45%,0.7%,6.9%,"15:30 ET"
SPY,583.66,2024-12-20,440.00,-24.61%,0.71,439.29,32.86%,1213,19978,36.79%,0.021269,97.20%,0.2%,1.0%,"15:11 ET"
SPY,583.66,2024-11-01,490.00,-16.05%,0.09,489.91,19.14%,1239,79522,43.98%,0.007036,99.19%,0.0%,0.7%,"15:40 ET"
SPY,583.66,2024-11-01,537.50,-7.91%,0.21,537.29,8.63%,1241,996,25.57%,0.022949,97.42%,0.0%,1.4%,"14:32 ET"
SPY,583.66,2024-11-15,544.00,-6.80%,1.4,542.6,7.57%,1294,12540,21.77%,0.09084,89.63%,0.3%,3.9%,"15:39 ET"
SPY,583.66,2025-01-17,555.00,-4.91%,7.15,547.85,6.54%,1324,22560,17.73%,0.23489,71.96%,1.3%,5.5%,"15:31 ET"
SPY,583.66,2024-11-08,570.00,-2.34%,3.36,566.64,3.00%,1393,6028,17.87%,0.2482,73.04%,0.6%,12.7%,"15:38 ET"
SPY,583.66,2024-10-31,540.00,-7.48%,0.17,539.83,8.12%,1419,24371,24.72%,0.020143,97.74%,0.0%,1.3%,"15:42 ET"
SPY,583.66,2024-10-29,574.00,-1.66%,0.71,573.29,1.81%,1426,1177,12.01%,0.143804,84.22%,0.1%,6.5%,"15:39 ET"
SPY,583.66,2024-11-15,475.00,-18.62%,0.3,474.7,22.95%,1446,15746,38.18%,0.014611,98.23%,0.1%,1.0%,"15:20 ET"
SPY,583.66,2024-11-08,575.00,-1.48%,4.47,570.53,2.30%,1447,2744,17.02%,0.318161,65.80%,0.8%,16.8%,"15:42 ET"
SPY,583.66,2024-12-20,510.00,-12.62%,1.95,508.05,14.88%,1452,27225,24.94%,0.072258,91.08%,0.4%,2.4%,"15:41 ET"
SPY,583.66,2024-11-01,574.00,-1.66%,1.7,572.3,1.98%,1460,1188,14.05%,0.218212,76.35%,0.3%,10.8%,"15:40 ET"
SPY,583.66,2024-11-15,385.00,-34.04%,0.07,384.93,51.63%,1506,79095,60.25%,0.002659,99.65%,0.0%,0.3%,"11:45 ET"
SPY,583.66,2024-11-15,485.00,-16.90%,0.35,484.65,20.43%,1632,121455,35.72%,0.018008,97.84%,0.1%,1.1%,"15:30 ET"
SPY,583.66,2024-12-20,380.00,-34.89%,0.34,379.66,53.73%,1805,24061,47.40%,0.008621,98.78%,0.1%,0.6%,"15:40 ET"
SPY,583.66,2024-11-15,450.00,-22.90%,0.21,449.79,29.76%,1811,20364,44.57%,0.009242,98.86%,0.0%,0.7%,"14:38 ET"
SPY,583.66,2024-11-15,555.00,-4.91%,2.21,552.79,5.58%,1837,54898,19.81%,0.142906,83.92%,0.4%,6.1%,"15:16 ET"
SPY,583.66,2024-11-22,570.00,-2.34%,5.19,564.81,3.34%,1854,1774,16.94%,0.285059,68.43%,0.9%,10.8%,"15:31 ET"
SPY,583.66,2024-10-31,550.00,-5.77%,0.22,549.78,6.16%,1933,57320,20.62%,0.029745,96.67%,0.0%,1.6%,"15:41 ET"
SPY,583.66,2024-12-20,495.00,-15.19%,1.49,493.51,18.27%,2063,21680,27.28%,0.053115,93.35%,0.3%,1.9%,"15:21 ET"
SPY,583.66,2024-11-08,555.00,-4.91%,1.43,553.57,5.44%,2093,1316,20.41%,0.113552,87.35%,0.3%,5.5%,"15:07 ET"
SPY,583.66,2024-11-29,500.00,-14.33%,0.78,499.22,16.91%,2189,16364,28.07%,0.03594,95.62%,0.2%,1.5%,"15:41 ET"
SPY,583.66,2024-11-01,562.00,-3.71%,0.6,561.4,3.97%,2491,2704,16.98%,0.08044,91.08%,0.1%,3.9%,"15:28 ET"
SPY,583.66,2025-01-17,525.00,-10.05%,3.93,521.07,12.01%,2505,22575,21.44%,0.124891,84.43%,0.8%,3.2%,"15:33 ET"
SPY,583.66,2025-01-17,540.00,-7.48%,5.24,534.76,9.14%,2511,23422,19.56%,0.169866,79.23%,1.0%,4.1%,"15:42 ET"
SPY,583.66,2024-12-20,500.00,-14.33%,1.62,498.38,17.11%,2599,100767,26.46%,0.05847,92.71%,0.3%,2.0%,"15:42 ET"
SPY,583.66,2024-12-20,520.00,-10.91%,2.39,517.61,12.76%,2622,50313,23.46%,0.090364,88.96%,0.5%,2.9%,"15:16 ET"
SPY,583.66,2024-12-20,529.00,-9.37%,2.9,526.1,10.94%,2648,1568,22.14%,0.111337,86.54%,0.6%,3.4%,"15:42 ET"
SPY,583.66,2024-11-01,565.00,-3.20%,0.77,564.23,3.44%,2664,24318,16.24%,0.102708,88.67%,0.1%,5.0%,"15:41 ET"
SPY,583.66,2024-11-15,570.00,-2.34%,4.34,565.66,3.18%,2765,57382,17.24%,0.269988,70.39%,0.8%,11.7%,"15:42 ET"
SPY,583.66,2024-11-01,555.00,-4.91%,0.38,554.62,5.24%,2824,23789,19.01%,0.049083,94.52%,0.1%,2.5%,"15:37 ET"
SPY,583.66,2024-11-15,535.00,-8.34%,1,534,9.30%,2960,70350,23.49%,0.064398,92.58%,0.2%,2.8%,"15:41 ET"
SPY,583.66,2024-11-15,460.00,-21.19%,0.25,459.75,26.95%,2972,5255,42.32%,0.011512,98.59%,0.1%,0.8%,"15:30 ET"
SPY,583.66,2024-12-20,530.00,-9.19%,2.97,527.03,10.75%,3055,38185,22.01%,0.114125,86.22%,0.6%,3.5%,"15:42 ET"
SPY,583.66,2024-11-15,525.00,-10.05%,0.73,524.27,11.33%,3158,59334,25.59%,0.045761,94.68%,0.1%,2.1%,"15:37 ET"
SPY,583.66,2024-11-01,575.00,-1.48%,1.87,573.13,1.84%,3191,3863,13.83%,0.237664,74.32%,0.3%,11.9%,"15:41 ET"
SPY,583.66,2024-11-01,564.00,-3.37%,0.71,563.29,3.62%,3439,2210,16.47%,0.094386,89.57%,0.1%,4.6%,"15:42 ET"
SPY,583.66,2024-11-15,575.00,-1.48%,5.47,569.53,2.48%,3654,22335,16.43%,0.332817,63.87%,1.0%,14.6%,"15:42 ET"
SPY,583.66,2024-12-20,556.00,-4.74%,5.54,550.46,6.03%,3695,8316,18.33%,0.218863,74.50%,1.0%,6.2%,"15:41 ET"
SPY,583.66,2024-11-01,480.00,-17.76%,0.08,479.92,21.62%,4064,83858,47.31%,0.005366,99.37%,0.0%,0.6%,"15:42 ET"
SPY,583.66,2024-11-29,525.00,-10.05%,1.34,523.66,11.46%,4076,22924,23.43%,0.067622,91.94%,0.3%,2.5%,"15:37 ET"
SPY,583.66,2024-12-20,395.00,-32.32%,0.42,394.58,47.92%,4103,19935,44.94%,0.011086,98.47%,0.1%,0.7%,"14:45 ET"
SPY,583.66,2024-11-01,560.00,-4.05%,0.52,559.48,4.32%,4129,14682,17.51%,0.068944,92.34%,0.1%,3.4%,"15:36 ET"
SPY,583.66,2024-11-15,455.00,-22.04%,0.22,454.78,28.34%,4279,19569,43.29%,0.010094,98.76%,0.0%,0.7%,"15:42 ET"
SPY,583.66,2024-12-20,550.00,-5.77%,4.76,545.24,7.05%,4585,34377,19.18%,0.187414,77.95%,0.9%,5.4%,"15:40 ET"
SPY,583.66,2024-11-01,570.00,-2.34%,1.18,568.82,2.61%,4587,14720,14.98%,0.155247,83.02%,0.2%,7.6%,"15:42 ET"
SPY,583.66,2024-11-08,550.00,-5.77%,1.1,548.9,6.33%,4645,4792,21.34%,0.087869,90.14%,0.2%,4.3%,"15:24 ET"
SPY,583.66,2024-12-20,490.00,-16.05%,1.37,488.63,19.45%,4710,65027,28.08%,0.04817,93.94%,0.3%,1.7%,"15:10 ET"
SPY,583.66,2024-11-15,565.00,-3.20%,3.44,561.56,3.94%,4780,21578,18.09%,0.21837,75.82%,0.6%,9.3%,"15:41 ET"
SPY,583.66,2024-11-15,500.00,-14.33%,0.44,499.56,16.83%,4930,111453,31.81%,0.024392,97.11%,0.1%,1.3%,"15:42 ET"
SPY,583.66,2024-11-01,545.00,-6.62%,0.25,544.75,7.14%,5114,11577,22.59%,0.029797,96.66%,0.0%,1.7%,"15:13 ET"
SPY,583.66,2024-10-31,575.00,-1.48%,1.43,573.57,1.76%,5286,9824,12.91%,0.212147,76.96%,0.2%,10.1%,"15:42 ET"
SPY,583.66,2024-11-15,550.00,-5.77%,1.78,548.22,6.46%,5385,118530,20.65%,0.115561,86.91%,0.3%,4.9%,"15:42 ET"
SPY,583.66,2024-11-15,540.00,-7.48%,1.2,538.8,8.33%,5395,77783,22.49%,0.077395,91.12%,0.2%,3.4%,"15:42 ET"
SPY,583.66,2024-11-15,560.00,-4.05%,2.75,557.25,4.74%,8638,82771,18.95%,0.176676,80.27%,0.5%,7.5%,"15:41 ET"
SPY,583.66,2024-12-20,390.00,-33.18%,0.39,389.61,49.81%,9205,28054,45.76%,0.010203,98.58%,0.1%,0.6%,"15:10 ET"
SPY,583.66,2024-10-31,570.00,-2.34%,0.85,569.15,2.55%,10161,24547,14.16%,0.130397,85.67%,0.1%,6.1%,"15:41 ET"
SPY,583.66,2024-10-31,535.00,-8.34%,0.15,534.85,9.13%,10698,20701,26.94%,0.017659,98.02%,0.0%,1.1%,"15:10 ET"
SPY,583.66,2024-10-31,553.00,-5.25%,0.24,552.76,5.59%,10910,14091,19.44%,0.034444,96.15%,0.0%,1.8%,"15:18 ET"
SPY,583.66,2024-10-31,565.00,-3.20%,0.53,564.47,3.40%,27718,11179,15.50%,0.081974,90.91%,0.1%,3.8%,"15:39 ET"
SPY,583.66,2024-10-31,555.00,-4.91%,0.27,554.73,5.22%,30599,10859,18.78%,0.039266,95.61%,0.0%,2.0%,"15:21 ET"
SQ,72.84,2024-11-01,72.00,-1.15%,1.59,70.41,3.45%,1152,1474,42.92%,0.416835,56.49%,2.3%,82.4%,"15:35 ET"
SQ,72.84,2024-11-08,70.00,-3.90%,2.82,67.18,8.43%,192,1108,67.86%,0.361051,60.70%,4.2%,90.1%,"15:30 ET"
SQ,72.84,2024-11-15,70.00,-3.90%,3.25,66.75,9.12%,301,2159,63.16%,0.36662,59.70%,4.9%,74.0%,"14:55 ET"
SQ,72.84,2024-11-15,65.00,-10.76%,1.6,63.4,14.89%,332,2218,64.71%,0.216384,75.37%,2.5%,38.4%,"14:43 ET"
STX,112.54,2024-11-15,100.00,-11.14%,1.05,98.95,13.73%,385,611,46.68%,0.146226,83.82%,1.1%,16.1%,"15:28 ET"
STX,112.54,2024-11-15,105.00,-6.70%,2.15,102.85,9.42%,392,2485,45.68%,0.255761,72.31%,2.1%,31.8%,"15:35 ET"
SYF,55.57,2024-11-15,55.00,-1.03%,2.05,52.95,4.95%,325,2709,42.71%,0.435949,53.75%,3.9%,58.9%,"14:31 ET"
T,21.46,2024-12-20,21.00,-2.14%,0.57,20.43,5.04%,126,8732,24.08%,0.382585,58.86%,2.8%,17.3%,"15:27 ET"
T,21.46,2024-11-15,21.00,-2.14%,0.42,20.58,4.28%,207,4510,30.96%,0.366847,60.76%,2.0%,31.0%,"15:26 ET"
T,21.46,2024-11-01,21.00,-2.14%,0.34,20.66,3.87%,348,749,40.42%,0.348634,62.70%,1.6%,60.1%,"15:39 ET"
T,21.46,2025-01-17,21.00,-2.14%,0.74,20.26,5.92%,728,4817,24.11%,0.394246,57.30%,3.7%,15.3%,"15:13 ET"
TD,57.13,2024-11-15,55.00,-3.73%,0.4,54.6,4.63%,280,2949,22.17%,0.24666,74.81%,0.7%,11.1%,"14:47 ET"
TDW,63.36,2024-11-15,60.00,-5.30%,2.4,57.6,10.00%,143,652,62.11%,0.333844,63.39%,4.2%,63.4%,"15:13 ET"
TFC,43.37,2024-12-20,40.00,-7.77%,0.68,39.32,10.30%,2833,1356,29.71%,0.223305,75.09%,1.7%,10.7%,"15:36 ET"
TGT,149.03,2024-11-15,140.00,-6.06%,1.46,138.54,7.57%,769,3186,31.56%,0.206786,78.01%,1.1%,16.0%,"15:33 ET"
TGT,149.03,2025-01-17,100.00,-32.90%,0.3,99.7,49.48%,100,992,43.84%,0.023293,96.88%,0.3%,1.3%,"13:11 ET"
TGT,149.03,2025-01-17,140.00,-6.06%,5.6,134.4,10.89%,105,4364,34.49%,0.316277,64.47%,4.2%,17.5%,"15:37 ET"
TGT,149.03,2024-12-20,140.00,-6.06%,4.8,135.2,10.23%,108,1203,37.75%,0.307448,65.98%,3.6%,22.0%,"15:40 ET"
TGT,149.03,2024-12-20,145.00,-2.70%,6.7,138.3,7.76%,207,1039,37.05%,0.392129,57.30%,4.8%,30.0%,"15:40 ET"
THC,158.25,2024-11-15,120.00,-24.17%,0.75,119.25,32.70%,387,650,72.23%,0.056039,93.24%,0.6%,9.6%,"12:38 ET"
TJX,115.35,2025-01-17,110.00,-4.64%,2.46,107.54,7.26%,476,2486,22.95%,0.292312,66.42%,2.3%,9.6%,"15:30 ET"
TJX,115.35,2024-12-20,105.00,-8.97%,0.97,104.03,10.88%,1937,2257,25.67%,0.154631,81.88%,0.9%,5.8%,"13:15 ET"
TLT,92.37,2025-01-17,85.00,-7.98%,0.73,84.27,9.61%,672,15159,19.35%,0.155276,81.06%,0.9%,3.6%,"15:07 ET"
TLT,92.37,2024-11-01,88.00,-4.73%,0.08,87.92,5.06%,693,1488,19.83%,0.063636,93.01%,0.1%,3.3%,"12:37 ET"
TLT,92.37,2025-01-17,84.00,-9.06%,0.6,83.4,10.76%,728,4409,19.63%,0.130288,83.92%,0.7%,3.0%,"15:32 ET"
TLT,92.37,2025-01-17,89.00,-3.65%,1.61,87.39,5.70%,747,19378,18.58%,0.295354,65.90%,1.8%,7.7%,"15:32 ET"
TLT,92.37,2024-11-15,89.00,-3.65%,0.75,88.25,4.67%,801,12814,22.28%,0.236194,74.23%,0.8%,12.9%,"15:33 ET"
TLT,92.37,2024-12-20,89.00,-3.65%,1.3,87.7,5.32%,842,18409,19.55%,0.281347,68.18%,1.5%,9.2%,"15:42 ET"
TLT,92.37,2024-12-20,84.00,-9.06%,0.39,83.61,10.48%,1084,5115,20.55%,0.103752,87.49%,0.5%,2.9%,"15:04 ET"
TLT,92.37,2024-11-01,90.00,-2.57%,0.28,89.72,2.95%,1231,26539,18.52%,0.184994,80.17%,0.3%,11.4%,"15:38 ET"
TLT,92.37,2025-01-17,90.00,-2.57%,1.95,88.05,4.91%,1327,42290,18.53%,0.340043,61.30%,2.2%,9.3%,"15:12 ET"
TLT,92.37,2024-11-15,90.00,-2.57%,1.01,88.99,3.80%,1366,85007,22.08%,0.299385,67.69%,1.1%,17.3%,"15:36 ET"
TLT,92.37,2024-12-20,90.00,-2.57%,1.62,88.38,4.51%,1501,26862,19.38%,0.330816,63.06%,1.8%,11.3%,"15:41 ET"
TLT,92.37,2024-11-15,91.00,-1.48%,1.34,89.66,3.02%,1751,22847,21.81%,0.36957,60.54%,1.5%,22.7%,"15:41 ET"
TLT,92.37,2024-12-20,91.00,-1.48%,2,89,3.79%,1816,7484,19.42%,0.384822,57.59%,2.2%,13.9%,"15:40 ET"
TLT,92.37,2024-12-20,87.00,-5.81%,0.82,86.18,7.18%,1848,9589,19.81%,0.194622,77.39%,1.0%,5.9%,"15:04 ET"
TLT,92.37,2024-12-20,75.00,-18.80%,0.06,74.94,23.26%,2000,1617,25.72%,0.016871,97.80%,0.1%,0.5%,"15:03 ET"
TLT,92.37,2024-11-08,90.00,-2.57%,0.88,89.12,3.65%,2719,8963,24.08%,0.288752,69.15%,1.0%,21.2%,"15:37 ET"
TLT,92.37,2024-12-20,82.00,-11.23%,0.25,81.75,12.99%,3335,1407,21.53%,0.068644,91.55%,0.3%,1.9%,"15:33 ET"
TLT,92.37,2024-11-01,91.00,-1.48%,0.51,90.49,2.08%,4175,7993,18.09%,0.292198,69.11%,0.6%,20.6%,"15:32 ET"
TLT,92.37,2024-12-20,85.00,-7.98%,0.5,84.5,9.31%,4398,22645,20.50%,0.131575,84.35%,0.6%,3.7%,"15:36 ET"
TLT,92.37,2024-11-15,85.00,-7.98%,0.21,84.79,8.94%,9680,35121,24.17%,0.079134,91.01%,0.2%,3.8%,"15:01 ET"
TLT,92.37,2024-11-15,88.00,-4.73%,0.55,87.45,5.63%,9844,14324,22.82%,0.184843,79.63%,0.6%,9.6%,"15:28 ET"
TLT,92.37,2024-12-20,86.00,-6.90%,0.64,85.36,8.21%,24219,9053,19.99%,0.158859,81.31%,0.7%,4.6%,"15:36 ET"
TLT,92.37,2024-11-08,88.00,-4.73%,0.45,87.55,5.51%,188,2351,24.96%,0.169112,81.58%,0.5%,11.0%,"15:37 ET"
TLT,92.37,2024-11-15,86.00,-6.90%,0.29,85.71,7.77%,233,17316,23.83%,0.107782,87.88%,0.3%,5.1%,"14:38 ET"
TLT,92.37,2024-12-20,88.00,-4.73%,1.03,86.97,6.21%,321,14124,19.57%,0.234384,73.11%,1.2%,7.3%,"15:28 ET"
TLT,92.37,2024-11-22,91.00,-1.48%,1.45,89.55,3.15%,322,1304,20.46%,0.372089,59.89%,1.6%,19.1%,"13:55 ET"
TLT,92.37,2024-11-15,87.00,-5.81%,0.4,86.6,6.66%,366,31527,23.09%,0.13998,84.41%,0.5%,7.0%,"15:28 ET"
TLT,92.37,2024-11-01,89.00,-3.65%,0.15,88.85,3.96%,430,4521,19.18%,0.111291,87.92%,0.2%,6.2%,"15:33 ET"
TLT,92.37,2024-11-22,90.00,-2.57%,1.11,88.89,3.91%,456,1769,20.61%,0.304975,66.74%,1.2%,14.7%,"15:30 ET"
TLT,92.37,2025-01-17,87.00,-5.81%,1.1,85.9,7.53%,484,4785,18.90%,0.217622,74.18%,1.3%,5.4%,"15:23 ET"
TLT,92.37,2024-11-22,88.00,-4.73%,0.61,87.39,5.70%,488,1535,21.01%,0.191936,78.57%,0.7%,8.2%,"14:47 ET"
TLT,92.37,2024-11-15,84.00,-9.06%,0.15,83.85,10.16%,519,6268,25.06%,0.06091,93.03%,0.2%,2.7%,"14:14 ET"
TLT,92.37,2025-01-17,88.00,-4.73%,1.33,86.67,6.58%,535,5823,18.70%,0.254384,70.22%,1.5%,6.4%,"15:01 ET"
TLT,92.37,2024-11-08,91.00,-1.48%,1.2,89.8,2.86%,622,1823,23.75%,0.364117,61.47%,1.3%,28.7%,"15:32 ET"
TMDX,122.52,2024-11-15,110.00,-10.22%,7.3,102.7,19.30%,468,1351,113.65%,0.300346,64.43%,7.1%,108.1%,"13:47 ET"
TMF,48.08,2024-11-15,47.00,-2.25%,2.35,44.65,7.68%,124,969,60.84%,0.406393,55.79%,5.3%,80.0%,"14:54 ET"
TMF,48.08,2025-01-17,35.00,-27.20%,0.75,34.25,40.38%,253,744,59.05%,0.10171,86.46%,2.2%,9.2%,"15:02 ET"
TMF,48.08,2025-01-17,40.00,-16.81%,1.54,38.46,25.01%,402,966,54.37%,0.19663,75.59%,4.0%,16.8%,"13:20 ET"
TMO,586.12,2025-01-17,560.00,-4.46%,13.6,546.4,7.27%,312,528,24.29%,0.303447,64.97%,2.5%,10.4%,"11:40 ET"
TMUS,219.38,2024-11-15,200.00,-8.83%,0.98,199.02,10.23%,390,3714,31.92%,0.11384,87.08%,0.5%,7.5%,"15:07 ET"
TMUS,219.38,2024-11-15,210.00,-4.28%,2.37,207.63,5.66%,573,3246,28.36%,0.249571,72.61%,1.1%,17.4%,"15:01 ET"
TNA,44.07,2024-11-15,33.00,-25.12%,0.44,32.56,35.35%,100,661,92.12%,0.088457,88.96%,1.4%,20.6%,"14:39 ET"
TNA,44.07,2024-11-15,35.00,-20.58%,0.67,34.33,28.37%,177,2118,87.38%,0.125408,84.81%,2.0%,29.7%,"15:41 ET"
TNA,44.07,2024-11-15,40.00,-9.24%,1.7,38.3,15.07%,247,811,80.85%,0.281261,67.99%,4.4%,67.5%,"15:39 ET"
TNDM,33.44,2024-11-15,30.00,-10.29%,1.8,28.2,18.58%,210,701,102.10%,0.285256,66.08%,6.4%,97.1%,"15:33 ET"
TOL,148.13,2024-11-15,140.00,-5.49%,2.7,137.3,7.89%,213,2452,42.11%,0.271151,69.94%,2.0%,29.9%,"15:28 ET"
TQQQ,75.35,2025-01-17,37.00,-50.90%,0.5,36.5,106.44%,100,606,92.75%,0.034355,94.19%,1.4%,5.7%,"15:36 ET"
TQQQ,75.35,2024-11-15,68.00,-9.75%,2.08,65.92,14.31%,106,624,68.07%,0.245237,72.17%,3.2%,48.0%,"15:00 ET"
TQQQ,75.35,2024-11-15,65.00,-13.74%,1.49,63.51,18.64%,109,1974,71.66%,0.181428,78.93%,2.3%,35.7%,"15:18 ET"
TQQQ,75.35,2025-01-17,55.00,-27.01%,2,53,42.17%,109,1755,70.27%,0.131655,82.06%,3.8%,15.8%,"15:38 ET"
TQQQ,75.35,2025-01-17,50.00,-33.64%,1.39,48.61,55.01%,119,3190,75.71%,0.093067,86.64%,2.9%,12.0%,"15:12 ET"
TQQQ,75.35,2024-11-01,68.00,-9.75%,0.65,67.35,11.88%,139,922,63.73%,0.15044,83.47%,1.0%,35.2%,"15:38 ET"
TQQQ,75.35,2024-11-15,60.00,-20.37%,0.83,59.17,27.34%,145,3276,78.07%,0.105451,87.24%,1.4%,21.3%,"15:31 ET"
TQQQ,75.35,2025-01-17,70.00,-7.10%,5.45,64.55,16.73%,149,2630,57.85%,0.332265,60.29%,8.4%,35.4%,"15:36 ET"
TQQQ,75.35,2024-11-01,67.00,-11.08%,0.52,66.48,13.34%,179,1988,65.27%,0.125083,86.15%,0.8%,28.5%,"15:36 ET"
TQQQ,75.35,2024-11-01,65.00,-13.74%,0.34,64.66,16.53%,181,1423,67.89%,0.08386,90.57%,0.5%,19.2%,"15:41 ET"
TQQQ,75.35,2024-11-01,69.00,-8.43%,0.8,68.2,10.48%,187,1080,62.52%,0.181052,80.25%,1.2%,42.8%,"15:39 ET"
TQQQ,75.35,2024-11-01,71.00,-5.77%,1.19,69.81,7.94%,203,724,59.82%,0.254907,72.59%,1.7%,62.2%,"15:30 ET"
TQQQ,75.35,2024-11-08,65.00,-13.74%,1.09,63.91,17.90%,229,627,75.63%,0.159232,81.73%,1.7%,36.6%,"14:45 ET"
TQQQ,75.35,2024-11-08,60.00,-20.37%,0.54,59.46,26.72%,234,1011,82.30%,0.083555,90.02%,0.9%,19.5%,"15:13 ET"
TQQQ,75.35,2024-11-15,70.00,-7.10%,2.58,67.42,11.76%,242,1845,65.61%,0.295881,66.92%,3.8%,58.2%,"15:31 ET"
TQQQ,75.35,2024-11-01,74.00,-1.79%,2.1,71.9,4.80%,362,1270,56.05%,0.401257,57.73%,2.9%,106.6%,"15:42 ET"
TQQQ,75.35,2024-11-15,64.00,-15.06%,1.33,62.67,20.23%,407,1149,73.14%,0.164055,80.80%,2.1%,32.3%,"15:36 ET"
TQQQ,75.35,2024-12-20,70.00,-7.10%,4.4,65.6,14.86%,621,2375,59.78%,0.325607,62.04%,6.7%,41.5%,"15:36 ET"
TQQQ,75.35,2024-11-01,70.00,-7.10%,0.98,69.02,9.17%,992,3713,61.29%,0.216038,76.61%,1.4%,51.8%,"15:40 ET"
TROW,113.23,2024-11-15,100.00,-11.68%,0.4,99.6,13.68%,103,7587,36.89%,0.087633,90.55%,0.4%,6.1%,"13:24 ET"
TSEM,45.43,2024-11-15,42.00,-7.55%,0.95,41.05,10.67%,316,1020,52.20%,0.264779,72.12%,2.3%,35.2%,"14:16 ET"
TSLA,217.85,2024-11-22,185.00,-15.08%,2.88,182.12,19.62%,100,901,58.20%,0.142604,83.24%,1.6%,18.6%,"15:38 ET"
TSLA,217.85,2024-11-15,145.00,-33.44%,0.26,144.74,50.51%,100,10484,77.84%,0.015682,97.93%,0.2%,2.7%,"15:41 ET"
TSLA,217.85,2024-11-15,125.00,-42.62%,0.12,124.88,74.45%,105,4149,93.26%,0.007078,98.99%,0.1%,1.5%,"14:31 ET"
TSLA,217.85,2024-11-01,155.00,-28.85%,0.1,154.9,40.64%,110,946,90.81%,0.009498,98.82%,0.1%,2.4%,"15:39 ET"
TSLA,217.85,2024-12-20,120.00,-44.92%,0.29,119.71,81.98%,115,5582,71.57%,0.01252,98.09%,0.2%,1.5%,"15:38 ET"
TSLA,217.85,2025-01-17,205.00,-5.90%,13.95,191.05,14.03%,116,2315,50.39%,0.34235,59.76%,7.3%,30.6%,"15:17 ET"
TSLA,217.85,2024-11-01,165.00,-24.26%,0.17,164.83,32.17%,129,1343,81.08%,0.01601,98.08%,0.1%,3.8%,"14:46 ET"
TSLA,217.85,2024-12-20,155.00,-28.85%,1.26,153.74,41.70%,134,3999,58.06%,0.054274,92.76%,0.8%,5.1%,"14:42 ET"
TSLA,217.85,2025-01-17,195.00,-10.49%,10.15,184.85,17.85%,135,8245,50.75%,0.271404,67.26%,5.5%,23.0%,"15:04 ET"
TSLA,217.85,2024-12-20,160.00,-26.55%,1.6,158.4,37.53%,148,8138,56.69%,0.067012,91.21%,1.0%,6.2%,"15:27 ET"
TSLA,217.85,2024-12-20,100.00,-54.10%,0.15,99.85,118.18%,149,8488,83.58%,0.006104,98.98%,0.2%,0.9%,"15:32 ET"
TSLA,217.85,2024-12-20,170.00,-21.96%,2.58,167.42,30.12%,152,8794,54.96%,0.103145,86.91%,1.5%,9.5%,"15:42 ET"
TSLA,217.85,2024-11-01,170.00,-21.96%,0.24,169.76,28.33%,157,1077,77.75%,0.022833,97.30%,0.1%,5.2%,"15:33 ET"
TSLA,217.85,2024-11-01,160.00,-26.55%,0.13,159.87,36.27%,173,932,85.17%,0.011723,98.57%,0.1%,3.0%,"14:51 ET"
TSLA,217.85,2024-11-08,195.00,-10.49%,3.2,191.8,13.58%,184,1298,63.21%,0.185967,79.17%,1.7%,35.8%,"15:38 ET"
TSLA,217.85,2024-12-20,185.00,-15.08%,5.05,179.95,21.06%,184,5797,53.04%,0.182944,77.83%,2.8%,17.4%,"15:40 ET"
TSLA,217.85,2025-01-17,150.00,-31.15%,1.79,148.21,46.99%,184,31861,56.25%,0.062527,91.29%,1.2%,5.1%,"15:40 ET"
TSLA,217.85,2024-12-20,165.00,-24.26%,2.03,162.97,33.67%,192,2204,55.74%,0.08338,89.25%,1.2%,7.7%,"15:35 ET"
TSLA,217.85,2024-12-20,205.00,-5.90%,11.1,193.9,12.35%,197,6870,51.41%,0.334811,61.57%,5.7%,35.4%,"15:41 ET"
TSLA,217.85,2024-12-20,135.00,-38.03%,0.52,134.48,61.99%,208,3362,64.66%,0.022865,96.72%,0.4%,2.4%,"15:03 ET"
TSLA,217.85,2024-11-08,185.00,-15.08%,1.67,183.33,18.83%,219,2624,65.36%,0.107189,87.67%,0.9%,19.6%,"15:42 ET"
TSLA,217.85,2024-11-15,175.00,-19.67%,1.26,173.74,25.39%,222,5593,63.44%,0.074432,91.09%,0.7%,11.0%,"15:35 ET"
TSLA,217.85,2024-11-15,170.00,-21.96%,0.94,169.06,28.86%,227,7816,65.34%,0.057099,93.06%,0.6%,8.5%,"15:37 ET"
TSLA,217.85,2024-11-15,150.00,-31.15%,0.32,149.68,45.54%,240,9152,74.55%,0.019637,97.45%,0.2%,3.3%,"15:21 ET"
TSLA,217.85,2024-11-08,175.00,-19.67%,0.85,174.15,25.09%,253,761,68.39%,0.058249,93.11%,0.5%,10.5%,"15:22 ET"
TSLA,217.85,2025-01-17,175.00,-19.67%,4.95,170.05,28.11%,255,24914,52.33%,0.152917,80.43%,2.9%,12.2%,"15:37 ET"
TSLA,217.85,2024-11-15,120.00,-44.92%,0.1,119.9,81.69%,269,10273,97.42%,0.005831,99.15%,0.1%,1.3%,"15:36 ET"
TSLA,217.85,2024-11-08,205.00,-5.90%,5.85,199.15,9.39%,281,3454,61.87%,0.296615,67.56%,2.9%,63.1%,"15:29 ET"
TSLA,217.85,2024-11-22,190.00,-12.78%,3.75,186.25,16.97%,308,826,57.37%,0.178283,79.33%,2.0%,23.7%,"15:40 ET"
TSLA,217.85,2024-11-22,200.00,-8.19%,6.25,193.75,12.44%,316,1202,56.22%,0.266439,69.91%,3.2%,38.0%,"15:39 ET"
TSLA,217.85,2024-12-20,175.00,-19.67%,3.25,171.75,26.84%,341,7915,54.05%,0.125538,84.32%,1.9%,11.7%,"15:35 ET"
TSLA,217.85,2024-11-15,110.00,-49.51%,0.08,109.92,98.19%,341,5528,106.33%,0.004004,99.39%,0.1%,1.1%,"15:33 ET"
TSLA,217.85,2024-11-01,150.00,-31.15%,0.08,149.92,45.31%,341,6835,96.07%,0.007512,99.05%,0.1%,1.9%,"15:39 ET"
TSLA,217.85,2024-11-15,135.00,-38.03%,0.18,134.82,61.59%,368,3454,85.78%,0.0108,98.52%,0.1%,2.0%,"15:22 ET"
TSLA,217.85,2024-11-01,187.50,-13.93%,0.96,186.54,16.78%,382,530,68.24%,0.081852,90.80%,0.5%,18.8%,"15:42 ET"
TSLA,217.85,2024-11-15,160.00,-26.55%,0.53,159.47,36.61%,383,9426,69.49%,0.033188,95.84%,0.3%,5.1%,"15:30 ET"
TSLA,217.85,2024-11-08,210.00,-3.60%,7.7,202.3,7.69%,387,1359,61.65%,0.361667,60.87%,3.8%,81.7%,"15:27 ET"
TSLA,217.85,2024-12-20,150.00,-31.15%,1,149,46.21%,401,22416,59.24%,0.043139,94.14%,0.7%,4.2%,"15:41 ET"
TSLA,217.85,2024-11-08,190.00,-12.78%,2.33,187.67,16.08%,402,1240,64.27%,0.142776,83.80%,1.2%,26.7%,"15:34 ET"
TSLA,217.85,2024-11-15,205.00,-5.90%,7,198,10.03%,407,7350,58.52%,0.309974,65.73%,3.5%,53.8%,"15:40 ET"
TSLA,217.85,2024-11-29,200.00,-8.19%,6.8,193.2,12.76%,421,519,53.17%,0.271751,69.09%,3.5%,33.8%,"15:30 ET"
TSLA,217.85,2024-12-20,195.00,-10.49%,7.65,187.35,16.28%,430,5633,51.96%,0.252891,70.21%,4.1%,25.3%,"15:36 ET"
TSLA,217.85,2024-11-01,175.00,-19.67%,0.34,174.66,24.73%,466,884,74.21%,0.032016,96.27%,0.2%,7.1%,"15:34 ET"
TSLA,217.85,2024-11-15,185.00,-15.08%,2.31,182.69,19.25%,479,7866,61.04%,0.127378,85.18%,1.3%,19.2%,"15:37 ET"
TSLA,217.85,2024-12-20,215.00,-1.31%,15.55,199.45,9.23%,490,3546,51.12%,0.423004,52.55%,7.8%,48.2%,"15:42 ET"
TSLA,217.85,2025-01-17,210.00,-3.60%,16.1,193.9,12.35%,522,13671,50.00%,0.379294,55.98%,8.3%,34.8%,"15:28 ET"
TSLA,217.85,2024-12-20,210.00,-3.60%,13.2,196.8,10.70%,552,7859,51.37%,0.378527,57.05%,6.7%,41.5%,"15:40 ET"
TSLA,217.85,2025-01-17,215.00,-1.31%,18.5,196.5,10.87%,553,3656,50.10%,0.417246,52.15%,9.4%,39.5%,"15:35 ET"
TSLA,217.85,2024-11-15,190.00,-12.78%,3.1,186.9,16.56%,637,11846,60.15%,0.163468,81.24%,1.7%,25.2%,"15:40 ET"
TSLA,217.85,2024-11-08,160.00,-26.55%,0.34,159.66,36.45%,641,1491,76.59%,0.024965,96.91%,0.2%,4.6%,"15:34 ET"
TSLA,217.85,2024-12-20,190.00,-12.78%,6.25,183.75,18.56%,684,7336,52.41%,0.216096,74.19%,3.4%,21.0%,"15:41 ET"
TSLA,217.85,2025-01-17,170.00,-21.96%,4.05,165.95,31.27%,701,38428,52.93%,0.129665,83.14%,2.4%,10.2%,"15:40 ET"
TSLA,217.85,2024-11-01,202.50,-7.05%,3.35,199.15,9.39%,718,527,65.97%,0.232231,74.83%,1.7%,61.4%,"15:34 ET"
TSLA,217.85,2024-11-08,200.00,-8.19%,4.35,195.65,11.35%,731,2215,62.78%,0.238574,73.60%,2.2%,47.7%,"15:39 ET"
TSLA,217.85,2025-01-17,190.00,-12.78%,8.55,181.45,20.06%,769,20091,51.00%,0.238305,70.86%,4.7%,19.8%,"15:39 ET"
TSLA,217.85,2024-11-01,185.00,-15.08%,0.77,184.23,18.25%,783,1330,69.43%,0.06843,92.25%,0.4%,15.3%,"15:39 ET"
TSLA,217.85,2025-01-17,180.00,-17.37%,6,174,25.20%,871,32008,51.84%,0.178901,77.46%,3.4%,14.5%,"15:37 ET"
TSLA,217.85,2024-11-29,210.00,-3.60%,10.5,199.5,9.20%,914,540,52.93%,0.37365,58.51%,5.3%,50.6%,"15:29 ET"
TSLA,217.85,2024-11-01,190.00,-12.78%,1.19,188.81,15.38%,967,8015,67.80%,0.099767,88.85%,0.6%,23.0%,"15:41 ET"
TSLA,217.85,2024-11-08,215.00,-1.31%,9.9,205.1,6.22%,1000,1196,61.73%,0.429976,53.94%,4.8%,103.6%,"15:42 ET"
TSLA,217.85,2024-11-22,215.00,-1.31%,12.1,202.9,7.37%,1033,644,55.44%,0.428572,53.25%,6.0%,70.2%,"15:41 ET"
TSLA,217.85,2024-11-01,195.00,-10.49%,1.84,193.16,12.78%,1036,1715,66.69%,0.142996,84.23%,1.0%,34.8%,"15:42 ET"
TSLA,217.85,2024-11-15,195.00,-10.49%,4.1,190.9,14.12%,1093,5367,59.43%,0.206228,76.64%,2.1%,32.7%,"15:40 ET"
TSLA,217.85,2025-01-17,200.00,-8.19%,11.95,188.05,15.85%,1101,36615,50.66%,0.306397,63.52%,6.4%,26.7%,"15:39 ET"
TSLA,217.85,2024-11-08,170.00,-21.96%,0.62,169.38,28.62%,1109,1958,70.86%,0.04365,94.76%,0.4%,7.9%,"15:34 ET"
TSLA,217.85,2024-11-01,212.50,-2.46%,6.75,205.75,5.88%,1191,658,65.50%,0.385622,59.07%,3.3%,119.7%,"15:41 ET"
TSLA,217.85,2024-11-15,210.00,-3.60%,8.9,201.1,8.33%,1207,13708,57.94%,0.368214,59.76%,4.4%,67.3%,"15:42 ET"
TSLA,217.85,2024-11-08,180.00,-17.37%,1.19,178.81,21.83%,1579,1434,66.95%,0.079968,90.67%,0.7%,14.3%,"15:42 ET"
TSLA,217.85,2024-11-01,180.00,-17.37%,0.51,179.49,21.37%,1614,2691,71.55%,0.046636,94.65%,0.3%,10.4%,"15:41 ET"
TSLA,217.85,2024-12-20,180.00,-17.37%,4.05,175.95,23.81%,1949,13376,53.27%,0.151613,81.36%,2.3%,14.2%,"15:35 ET"
TSLA,217.85,2024-11-01,210.00,-3.60%,5.7,204.3,6.63%,2242,3903,65.31%,0.344228,63.29%,2.8%,101.8%,"15:42 ET"
TSLA,217.85,2024-11-01,215.00,-1.31%,7.85,207.15,5.17%,2748,1949,65.07%,0.427365,54.87%,3.8%,138.3%,"15:42 ET"
TSLA,217.85,2024-11-15,180.00,-17.37%,1.71,178.29,22.19%,2753,9849,62.21%,0.098123,88.42%,1.0%,14.6%,"15:41 ET"
TSLA,217.85,2024-11-15,215.00,-1.31%,11.1,203.9,6.84%,2806,10843,58.04%,0.429552,53.53%,5.4%,82.8%,"15:37 ET"
TSLA,217.85,2024-11-01,205.00,-5.90%,4.05,200.95,8.41%,2969,1729,65.86%,0.267665,71.15%,2.0%,73.6%,"15:40 ET"
TSLA,217.85,2024-12-20,200.00,-8.19%,9.25,190.75,14.21%,2981,10633,51.70%,0.292774,65.96%,4.8%,30.0%,"15:42 ET"
TSLA,217.85,2024-11-01,200.00,-8.19%,2.76,197.24,10.45%,3672,5768,65.98%,0.198974,78.31%,1.4%,51.1%,"15:42 ET"
TSLA,217.85,2024-11-15,200.00,-8.19%,5.4,194.6,11.95%,7191,21371,58.90%,0.255382,71.43%,2.8%,42.2%,"15:40 ET"
TSM,199.1,2024-11-15,185.00,-7.08%,2.49,182.51,9.09%,692,7067,38.93%,0.214996,76.91%,1.4%,20.7%,"15:39 ET"
TSM,199.1,2024-11-15,175.00,-12.10%,1.04,173.96,14.45%,851,6272,41.46%,0.101901,88.76%,0.6%,9.1%,"15:33 ET"
TSM,199.1,2024-11-01,195.00,-2.06%,2.8,192.2,3.59%,981,604,34.73%,0.354527,64.13%,1.5%,53.2%,"15:34 ET"
TSM,199.1,2024-11-01,190.00,-4.57%,1.4,188.6,5.57%,1022,1359,36.02%,0.212375,78.36%,0.7%,27.1%,"15:40 ET"
TSM,199.1,2024-11-15,190.00,-4.57%,3.75,186.25,6.90%,1087,3597,38.05%,0.297654,68.42%,2.0%,30.6%,"15:42 ET"
TSM,199.1,2025-01-17,170.00,-14.62%,3.9,166.1,19.87%,1292,4899,40.15%,0.174282,78.99%,2.3%,9.9%,"15:39 ET"
TSM,199.1,2025-01-17,180.00,-9.59%,6.35,173.65,14.66%,1645,4578,38.94%,0.255293,70.21%,3.7%,15.3%,"15:29 ET"
TSM,199.1,2025-01-17,160.00,-19.64%,2.4,157.6,26.33%,2124,15452,41.51%,0.112525,85.96%,1.5%,6.4%,"15:28 ET"
TSM,199.1,2024-11-01,155.00,-22.15%,0.06,154.94,28.50%,7504,555,64.28%,0.008257,99.07%,0.0%,1.4%,"15:35 ET"
TSM,199.1,2025-01-17,90.00,-54.80%,0.29,89.71,121.94%,100,19419,77.99%,0.010888,98.15%,0.3%,1.4%,"09:51 ET"
TSM,199.1,2024-12-20,165.00,-17.13%,1.69,163.31,21.92%,102,2271,40.50%,0.10395,87.57%,1.0%,6.4%,"15:20 ET"
TSM,199.1,2025-01-17,115.00,-42.24%,0.51,114.49,73.90%,110,8204,61.85%,0.023192,96.54%,0.4%,1.9%,"11:15 ET"
TSM,199.1,2025-01-17,195.00,-2.06%,12.05,182.95,8.83%,111,740,38.63%,0.408112,54.39%,6.6%,27.6%,"14:42 ET"
TSM,199.1,2025-01-17,150.00,-24.66%,1.51,148.49,34.08%,128,11074,44.28%,0.073569,90.49%,1.0%,4.3%,"15:21 ET"
TSM,199.1,2024-11-15,160.00,-19.64%,0.37,159.63,24.73%,129,13404,49.32%,0.036274,95.81%,0.2%,3.5%,"15:42 ET"
TSM,199.1,2025-01-17,185.00,-7.08%,8,177,12.49%,137,1267,39.00%,0.304202,65.01%,4.5%,19.0%,"14:20 ET"
TSM,199.1,2024-11-15,165.00,-17.13%,0.5,164.5,21.03%,149,4810,46.01%,0.048954,94.43%,0.3%,4.6%,"15:27 ET"
TSM,199.1,2025-01-17,190.00,-4.57%,9.9,180.1,10.55%,157,4677,38.66%,0.354698,59.79%,5.5%,23.1%,"15:28 ET"
TSM,199.1,2024-11-01,182.50,-8.34%,0.48,182.02,9.38%,164,568,38.81%,0.0849,91.23%,0.3%,9.6%,"15:04 ET"
TSM,199.1,2024-11-22,190.00,-4.57%,4.7,185.3,7.45%,170,510,38.38%,0.314659,66.21%,2.5%,29.9%,"15:38 ET"
TSM,199.1,2025-01-17,175.00,-12.10%,5,170,17.12%,175,1792,39.52%,0.212371,74.82%,2.9%,12.3%,"12:40 ET"
TSM,199.1,2024-11-01,180.00,-9.59%,0.35,179.65,10.83%,177,691,40.27%,0.062716,93.49%,0.2%,7.1%,"14:08 ET"
TSM,199.1,2024-11-15,180.00,-9.59%,1.62,178.38,11.62%,211,8115,39.98%,0.149458,83.74%,0.9%,13.8%,"15:39 ET"
TSM,199.1,2024-11-15,150.00,-24.66%,0.23,149.77,32.94%,216,6834,56.61%,0.021362,97.44%,0.2%,2.3%,"15:34 ET"
TSM,199.1,2024-12-20,160.00,-19.64%,1.28,158.72,25.44%,219,9782,41.75%,0.079216,90.36%,0.8%,5.0%,"14:53 ET"
TSM,199.1,2024-12-20,140.00,-29.68%,0.54,139.46,42.76%,241,3817,51.23%,0.033418,95.64%,0.4%,2.4%,"15:40 ET"
TSM,199.1,2024-11-15,170.00,-14.62%,0.71,169.29,17.61%,272,10154,43.69%,0.070745,92.08%,0.4%,6.4%,"15:36 ET"
TSM,199.1,2024-11-01,187.50,-5.83%,0.99,186.51,6.75%,379,727,36.73%,0.158111,83.83%,0.5%,19.4%,"15:39 ET"
TSM,199.1,2024-11-01,175.00,-12.10%,0.21,174.79,13.91%,424,3622,44.20%,0.036926,96.11%,0.1%,4.4%,"14:55 ET"
TSM,199.1,2024-11-01,185.00,-7.08%,0.69,184.31,8.02%,448,1355,37.47%,0.11506,88.18%,0.4%,13.7%,"15:34 ET"
TSM,199.1,2024-12-20,175.00,-12.10%,3.05,171.95,15.79%,571,2472,38.46%,0.174563,79.79%,1.8%,11.0%,"15:41 ET"
TTD,119.56,2025-01-17,110.00,-8.00%,5.05,104.95,13.92%,110,900,42.38%,0.292351,65.65%,4.8%,20.2%,"15:39 ET"
TTE,64.89,2024-11-15,62.50,-3.68%,0.55,61.95,4.75%,147,1115,22.74%,0.247943,74.01%,0.9%,13.5%,"13:25 ET"
TUA,22.07,2024-12-20,21.00,-4.85%,0.1,20.9,5.60%,785,2429,14.08%,0.151858,81.01%,0.5%,3.0%,"14:28 ET"
TXN,194.88,2025-01-17,170.00,-12.77%,3.3,166.7,16.90%,1002,6127,34.39%,0.178761,79.20%,2.0%,8.3%,"15:40 ET"
TXN,194.88,2025-01-17,165.00,-15.33%,2.48,162.52,19.91%,101,1284,35.73%,0.143803,83.00%,1.5%,6.4%,"12:29 ET"
TXN,194.88,2025-01-17,175.00,-10.20%,4.25,170.75,14.13%,122,1050,33.36%,0.222118,74.56%,2.5%,10.4%,"15:20 ET"
TXN,194.88,2024-12-20,180.00,-7.64%,4.5,175.5,11.04%,150,702,35.08%,0.258595,71.34%,2.6%,15.9%,"15:18 ET"
TXN,194.88,2024-11-15,190.00,-2.50%,5.95,184.05,5.88%,163,873,41.70%,0.386499,59.37%,3.2%,49.2%,"15:40 ET"
TXN,194.88,2025-01-17,185.00,-5.07%,7.1,177.9,9.54%,189,2274,31.68%,0.331316,63.17%,4.0%,16.7%,"15:37 ET"
TXN,194.88,2025-01-17,155.00,-20.46%,1.42,153.58,26.89%,210,1178,37.45%,0.086099,89.48%,0.9%,3.9%,"15:23 ET"
TXN,194.88,2024-12-20,190.00,-2.50%,7.95,182.05,7.05%,275,1815,34.19%,0.395116,57.32%,4.4%,27.0%,"15:39 ET"
TXN,194.88,2025-01-17,190.00,-2.50%,9.05,180.95,7.70%,298,3116,31.84%,0.396528,56.48%,5.0%,21.0%,"15:40 ET"
TXN,194.88,2024-12-20,175.00,-10.20%,3.35,171.65,13.53%,364,1257,35.57%,0.200982,77.41%,2.0%,12.1%,"15:36 ET"
TXN,194.88,2024-11-15,185.00,-5.07%,4.1,180.9,7.73%,439,623,41.87%,0.295801,68.60%,2.3%,34.5%,"15:41 ET"
U,21.3,2025-01-17,21.00,-1.41%,2.39,18.61,14.45%,154,7416,64.02%,0.415758,51.81%,12.8%,53.9%,"15:31 ET"
UAL,74.41,2025-01-17,50.00,-32.80%,0.29,49.71,49.69%,136,5420,48.04%,0.038966,95.50%,0.6%,2.4%,"14:55 ET"
UAL,74.41,2025-01-17,65.00,-12.65%,2.02,62.98,18.15%,167,9788,38.75%,0.22585,76.26%,3.2%,13.5%,"15:08 ET"
UAL,74.41,2024-12-20,55.00,-26.09%,0.27,54.73,35.96%,272,1625,46.91%,0.049135,94.55%,0.5%,3.1%,"09:48 ET"
UAL,74.41,2024-11-15,65.00,-12.65%,0.42,64.58,15.22%,283,4204,42.78%,0.104952,89.11%,0.7%,9.9%,"15:28 ET"
UAL,74.41,2024-11-01,70.00,-5.93%,0.48,69.52,7.03%,329,1790,40.07%,0.176409,82.15%,0.7%,25.2%,"15:31 ET"
UAL,74.41,2024-12-20,70.00,-5.93%,2.65,67.35,10.48%,578,9694,37.02%,0.331802,65.93%,3.9%,24.3%,"15:33 ET"
UAL,74.41,2024-11-15,72.50,-2.57%,2.04,70.46,5.61%,585,1225,37.70%,0.38907,60.60%,2.9%,44.0%,"15:26 ET"
UAL,74.41,2024-11-01,72.00,-3.24%,0.93,71.07,4.70%,1440,530,38.57%,0.300822,69.70%,1.3%,47.8%,"15:31 ET"
UAL,74.41,2025-01-17,67.50,-9.29%,2.68,64.82,14.79%,1610,2209,37.33%,0.284823,70.36%,4.1%,17.3%,"14:17 ET"
UAL,74.41,2024-11-15,70.00,-5.93%,1.23,68.77,8.20%,2160,5900,38.82%,0.26507,73.03%,1.8%,27.2%,"15:42 ET"
UBER,80.49,2024-11-15,62.50,-22.35%,0.16,62.34,29.11%,105,3364,58.80%,0.037927,95.33%,0.3%,3.9%,"15:00 ET"
UBER,80.49,2024-11-15,75.00,-6.82%,1.56,73.44,9.60%,136,10747,47.88%,0.253848,71.75%,2.1%,32.3%,"15:39 ET"
UBER,80.49,2024-12-20,67.50,-16.14%,0.93,66.57,20.91%,197,3622,42.91%,0.125089,84.62%,1.4%,8.6%,"15:25 ET"
UNH,570.69,2024-12-20,520.00,-8.88%,5.35,514.65,10.89%,285,854,26.39%,0.161748,80.97%,1.0%,6.4%,"15:40 ET"
UNH,570.69,2024-12-20,560.00,-1.87%,15.5,544.5,4.81%,425,609,24.14%,0.382332,57.72%,2.8%,17.6%,"14:45 ET"
UNH,570.69,2025-01-17,560.00,-1.87%,19.5,540.5,5.59%,669,895,24.36%,0.389346,56.32%,3.6%,15.1%,"15:17 ET"
UPS,131.68,2024-11-15,120.00,-8.87%,1.24,118.76,10.88%,111,2898,39.70%,0.167025,81.92%,1.0%,15.9%,"15:40 ET"
UPS,131.68,2025-01-17,115.00,-12.67%,1.66,113.34,16.18%,139,5827,29.91%,0.156544,82.32%,1.5%,6.1%,"15:38 ET"
UPS,131.68,2024-11-01,130.00,-1.28%,3.4,126.6,4.01%,146,665,48.80%,0.420174,56.32%,2.7%,98.0%,"15:41 ET"
UPS,131.68,2024-11-15,125.00,-5.07%,2.33,122.67,7.34%,166,3715,38.33%,0.280341,70.18%,1.9%,28.9%,"15:40 ET"
UPST,51.93,2024-11-15,50.00,-3.72%,5.25,44.75,16.04%,120,1589,120.55%,0.387703,54.88%,11.7%,178.4%,"15:40 ET"
URA,32.76,2024-11-15,31.00,-5.37%,0.7,30.3,8.12%,121,1683,44.12%,0.292253,68.73%,2.3%,35.1%,"15:26 ET"
URA,32.76,2024-11-15,30.00,-8.42%,0.45,29.55,10.86%,127,636,45.03%,0.205251,77.71%,1.5%,23.2%,"15:40 ET"
USB,47.96,2025-01-17,45.00,-6.17%,1.29,43.71,9.72%,109,10137,28.47%,0.290246,67.67%,3.0%,12.4%,"14:53 ET"
USB,47.96,2024-12-20,45.00,-6.17%,0.77,44.23,8.43%,506,1485,26.23%,0.24821,72.71%,1.7%,10.8%,"14:54 ET"
USB,47.96,2024-12-20,42.50,-11.38%,0.38,42.12,13.87%,911,2275,29.19%,0.133568,84.85%,0.9%,5.6%,"15:30 ET"
USO,74.14,2024-11-15,65.00,-12.33%,0.37,64.63,14.71%,151,1121,43.66%,0.105693,88.00%,0.6%,8.7%,"15:28 ET"
USO,74.14,2024-11-15,70.00,-5.58%,1.31,68.69,7.93%,176,16318,41.38%,0.270083,70.59%,1.9%,29.0%,"15:31 ET"
USO,74.14,2024-12-20,68.00,-8.28%,2.03,65.97,12.38%,210,778,42.18%,0.264762,69.49%,3.1%,19.0%,"13:06 ET"
UVXY,25.98,2024-11-15,23.00,-11.47%,0.79,22.21,16.97%,193,1603,77.12%,0.242564,73.11%,3.6%,54.1%,"15:33 ET"
UVXY,25.98,2024-11-01,23.50,-9.55%,0.14,23.36,11.22%,304,754,52.81%,0.128109,87.44%,0.6%,21.9%,"15:35 ET"
UVXY,25.98,2024-12-20,23.00,-11.47%,2.4,20.6,26.12%,310,5667,98.58%,0.306315,62.07%,11.7%,72.1%,"14:15 ET"
UVXY,25.98,2024-11-01,25.00,-3.77%,0.67,24.33,6.78%,656,987,63.36%,0.35511,64.31%,2.8%,100.5%,"15:35 ET"
V,285.51,2024-11-15,280.00,-1.93%,4.65,275.35,3.69%,105,1156,25.28%,0.361107,61.82%,1.7%,25.7%,"14:54 ET"
V,285.51,2024-11-15,275.00,-3.68%,3.15,271.85,5.02%,155,2170,25.97%,0.267598,71.34%,1.2%,17.6%,"15:36 ET"
V,285.51,2024-12-20,275.00,-3.68%,4.9,270.1,5.71%,177,849,21.72%,0.298856,66.62%,1.8%,11.2%,"15:32 ET"
V,285.51,2024-11-15,270.00,-5.43%,2.11,267.89,6.58%,278,1921,26.65%,0.190573,79.32%,0.8%,12.0%,"15:36 ET"
V,285.51,2024-11-01,277.50,-2.81%,2.17,275.33,3.70%,401,1249,28.53%,0.264014,72.66%,0.8%,28.8%,"15:41 ET"
V,285.51,2024-11-01,275.00,-3.68%,1.61,273.39,4.43%,444,754,28.98%,0.208678,78.28%,0.6%,21.5%,"15:41 ET"
VICI,32.92,2024-12-20,32.50,-1.28%,0.75,31.75,3.69%,110,1199,19.30%,0.412379,56.57%,2.4%,14.6%,"15:09 ET"
VKTX,62.04,2024-11-01,53.00,-14.57%,0.35,52.65,17.83%,191,566,78.57%,0.099235,88.70%,0.7%,24.3%,"15:41 ET"
VLO,135.07,2024-12-20,120.00,-11.16%,2.03,117.97,14.50%,126,575,36.52%,0.181308,78.98%,1.7%,10.6%,"15:33 ET"
VLTO,111.86,2025-01-17,110.00,-1.66%,3.1,106.9,4.64%,197,765,21.16%,0.389717,56.45%,2.9%,12.2%,"12:57 ET"
VRDN,24.3,2025-01-17,22.50,-7.41%,1.75,20.75,17.11%,1768,2592,58.86%,0.326065,60.56%,8.4%,35.4%,"12:19 ET"
VRT,113.54,2024-11-15,105.00,-7.52%,4.1,100.9,12.53%,758,505,69.21%,0.299747,67.03%,4.1%,61.8%,"15:33 ET"
VRT,113.54,2024-11-15,85.00,-25.14%,0.4,84.6,34.21%,1238,2906,71.50%,0.047669,94.28%,0.5%,7.2%,"15:21 ET"
VRT,113.54,2024-11-15,95.00,-16.33%,1.45,93.55,21.37%,113,894,69.64%,0.139085,84.10%,1.5%,23.6%,"15:35 ET"
VRT,113.54,2024-12-20,105.00,-7.52%,6.5,98.5,15.27%,154,1711,60.07%,0.323931,62.69%,6.6%,40.8%,"14:42 ET"
VRT,113.54,2024-11-01,110.00,-3.12%,4.9,105.1,8.03%,174,1533,89.88%,0.392912,58.43%,4.7%,170.2%,"15:39 ET"
VRT,113.54,2024-11-15,100.00,-11.93%,2.55,97.45,16.51%,284,1211,69.78%,0.21316,76.10%,2.6%,39.8%,"15:35 ET"
VRT,113.54,2024-11-15,80.00,-29.54%,0.25,79.75,42.37%,418,1631,76.13%,0.029477,96.36%,0.3%,4.8%,"14:09 ET"
VRT,113.54,2024-11-15,110.00,-3.12%,6.2,103.8,9.38%,602,2356,69.57%,0.396762,57.05%,6.0%,90.8%,"15:42 ET"
VSCO,29.35,2024-11-15,23.00,-21.64%,0.1,22.9,28.17%,325,583,66.74%,0.06411,92.28%,0.4%,6.6%,"13:45 ET"
VST,125.42,2024-11-15,120.00,-4.32%,6.1,113.9,10.11%,159,1478,69.49%,0.370135,59.79%,5.4%,81.4%,"15:05 ET"
VST,125.42,2024-11-01,110.00,-12.29%,0.7,109.3,14.75%,176,1670,66.08%,0.108654,88.48%,0.6%,23.4%,"15:02 ET"
VST,125.42,2024-11-01,109.00,-13.09%,0.6,108.4,15.70%,191,552,65.55%,0.092254,90.20%,0.6%,20.2%,"15:36 ET"
VST,125.42,2024-11-01,115.00,-8.31%,1.45,113.55,10.45%,264,14076,63.46%,0.195759,79.55%,1.3%,46.6%,"15:25 ET"
VST,125.42,2025-01-17,120.00,-4.32%,11.3,108.7,15.38%,2733,1574,59.97%,0.377067,56.00%,10.4%,43.6%,"15:25 ET"
VXX,51.28,2024-11-15,45.00,-12.25%,0.28,44.72,14.67%,133,751,43.78%,0.112975,87.77%,0.6%,9.5%,"15:37 ET"
VXX,51.28,2025-01-17,50.00,-2.50%,5.55,44.45,15.37%,253,2207,67.80%,0.398942,53.04%,12.5%,52.4%,"13:45 ET"
VXX,51.28,2024-11-01,50.00,-2.50%,0.82,49.18,4.27%,312,1014,39.98%,0.35455,64.88%,1.7%,60.9%,"15:41 ET"
VZ,41.64,2025-01-17,33.00,-20.75%,0.09,32.91,26.53%,120,26794,28.32%,0.040607,95.37%,0.3%,1.1%,"12:08 ET"
VZ,41.64,2025-01-17,41.00,-1.54%,1.22,39.78,4.68%,160,2217,18.87%,0.417357,56.67%,3.1%,12.9%,"15:41 ET"
VZ,41.64,2025-01-17,40.00,-3.94%,0.86,39.14,6.39%,185,15586,19.33%,0.320851,66.48%,2.2%,9.2%,"15:41 ET"
VZ,41.64,2025-01-17,38.00,-8.74%,0.39,37.61,10.72%,241,11389,20.72%,0.172205,81.71%,1.0%,4.4%,"15:00 ET"
VZ,41.64,2024-11-01,41.00,-1.54%,0.22,40.78,2.11%,311,1331,19.06%,0.295803,68.82%,0.5%,19.7%,"15:37 ET"
VZ,41.64,2025-01-17,36.00,-13.54%,0.19,35.81,16.28%,370,1628,22.86%,0.088488,90.38%,0.5%,2.2%,"14:52 ET"
VZ,41.64,2024-11-15,39.00,-6.34%,0.12,38.88,7.10%,370,801,21.21%,0.107478,88.58%,0.3%,4.7%,"15:39 ET"
VZ,41.64,2024-12-20,39.00,-6.34%,0.3,38.7,7.60%,460,9799,18.36%,0.179104,81.26%,0.8%,4.8%,"15:40 ET"
VZ,41.64,2025-01-17,39.00,-6.34%,0.6,38.4,8.44%,595,4913,20.11%,0.239632,74.76%,1.6%,6.6%,"15:21 ET"
VZ,41.64,2024-11-15,41.00,-1.54%,0.51,40.49,2.84%,889,1789,19.08%,0.362513,62.42%,1.3%,19.2%,"15:42 ET"
VZ,41.64,2024-12-20,40.00,-3.94%,0.5,39.5,5.42%,1417,7742,17.43%,0.273075,71.68%,1.3%,7.8%,"15:37 ET"
VZ,41.64,2024-12-20,41.00,-1.54%,0.79,40.21,3.56%,1631,8013,16.31%,0.39543,59.33%,2.0%,12.2%,"15:07 ET"
VZ,41.64,2024-11-15,40.00,-3.94%,0.26,39.74,4.78%,3045,3083,20.48%,0.211626,77.79%,0.7%,10.0%,"15:42 ET"
W,48.15,2024-11-15,45.00,-6.54%,2.76,42.24,13.99%,2183,2924,89.19%,0.340095,61.63%,6.5%,99.4%,"14:05 ET"
W,48.15,2024-12-20,45.00,-6.54%,3.7,41.3,16.59%,301,1455,70.99%,0.346712,59.37%,9.0%,55.4%,"15:35 ET"
W,48.15,2025-01-17,30.00,-37.69%,0.55,29.45,63.50%,350,4189,73.26%,0.063592,90.70%,1.9%,7.8%,"15:42 ET"
WFC,64.89,2025-01-17,52.50,-19.09%,0.47,52.03,24.72%,104,17309,35.00%,0.086635,89.25%,0.9%,3.8%,"12:33 ET"
WFC,64.89,2024-12-20,62.50,-3.68%,1.65,60.85,6.64%,117,3823,27.35%,0.332789,63.36%,2.7%,16.8%,"13:27 ET"
WFC,64.89,2024-12-20,55.00,-15.24%,0.37,54.63,18.78%,135,8181,33.09%,0.089831,89.31%,0.7%,4.2%,"14:08 ET"
WFC,64.89,2025-01-17,62.50,-3.68%,2.29,60.21,7.77%,157,2310,28.57%,0.352138,60.61%,3.8%,16.0%,"15:29 ET"
WFC,64.89,2024-11-15,62.50,-3.68%,1.05,61.45,5.60%,198,6436,32.09%,0.301744,67.58%,1.7%,26.0%,"15:30 ET"
WFC,64.89,2025-01-17,57.50,-11.39%,1,56.5,14.85%,200,7140,30.62%,0.177712,79.07%,1.8%,7.4%,"15:27 ET"
WFC,64.89,2024-12-20,57.50,-11.39%,0.58,56.92,14.00%,211,6471,30.54%,0.139914,83.76%,1.0%,6.3%,"15:32 ET"
WFC,64.89,2024-11-01,59.00,-9.08%,0.07,58.93,10.11%,224,12582,35.73%,0.048915,94.62%,0.1%,4.3%,"15:22 ET"
WFC,64.89,2024-12-20,60.00,-7.54%,0.98,59.02,9.95%,229,8398,28.58%,0.219096,75.23%,1.7%,10.3%,"14:56 ET"
WFC,64.89,2024-11-15,60.00,-7.54%,0.53,59.47,9.11%,230,9638,34.10%,0.168244,81.49%,0.9%,13.6%,"15:33 ET"
WFC,64.89,2024-11-22,62.00,-4.45%,1.04,60.96,6.45%,238,1332,30.63%,0.280593,69.51%,1.7%,20.1%,"14:57 ET"
WFC,64.89,2024-11-15,50.00,-22.95%,0.09,49.91,30.01%,263,7053,55.21%,0.027079,96.72%,0.2%,2.7%,"13:17 ET"
WFC,64.89,2024-11-01,61.00,-5.99%,0.14,60.86,6.62%,303,726,29.29%,0.093373,89.89%,0.2%,8.4%,"15:38 ET"
WFC,64.89,2024-11-15,57.50,-11.39%,0.29,57.21,13.42%,354,8370,38.55%,0.09822,88.93%,0.5%,7.7%,"14:44 ET"
WFC,64.89,2024-11-15,64.00,-1.37%,1.59,62.41,3.97%,539,1980,31.43%,0.40767,56.80%,2.5%,38.7%,"14:54 ET"
WFC,64.89,2024-11-01,60.00,-7.54%,0.09,59.91,8.31%,597,3732,32.20%,0.064836,92.92%,0.2%,5.5%,"15:27 ET"
WFC,64.89,2024-11-01,64.00,-1.37%,0.58,63.42,2.32%,638,1116,23.38%,0.344221,63.94%,0.9%,33.4%,"15:36 ET"
WFC,64.89,2024-11-15,62.00,-4.45%,0.92,61.08,6.24%,705,863,32.39%,0.270183,70.83%,1.5%,22.9%,"15:32 ET"
WGO,58.14,2025-01-17,50.00,-14.00%,1.55,48.45,20.00%,452,7310,44.34%,0.207149,75.70%,3.2%,13.4%,"15:38 ET"
WGO,58.14,2024-11-15,55.00,-5.40%,1.5,53.5,8.67%,544,2045,49.58%,0.314198,66.88%,2.8%,42.6%,"15:39 ET"
WMT,81.99,2025-01-17,76.67,-6.49%,1.4,75.27,8.93%,116,5002,24.06%,0.237835,71.61%,1.9%,7.8%,"15:04 ET"
WMT,81.99,2024-12-20,73.33,-10.56%,0.58,72.75,12.70%,123,3788,27.34%,0.127269,84.51%,0.8%,4.9%,"15:20 ET"
WMT,81.99,2024-11-01,79.00,-3.65%,0.15,78.85,3.98%,128,2245,20.85%,0.120133,85.91%,0.2%,6.9%,"15:00 ET"
WMT,81.99,2024-11-08,81.00,-1.21%,0.99,80.01,2.47%,143,700,22.28%,0.365001,59.97%,1.2%,26.6%,"14:00 ET"
WMT,81.99,2025-01-17,75.00,-8.53%,1.06,73.94,10.89%,161,5441,24.67%,0.188567,77.03%,1.4%,6.0%,"15:39 ET"
WMT,81.99,2025-01-17,70.00,-14.62%,0.47,69.53,17.92%,163,7653,27.11%,0.090261,88.38%,0.7%,2.8%,"15:19 ET"
WMT,81.99,2024-12-20,75.00,-8.53%,0.8,74.2,10.50%,236,3835,26.39%,0.167678,79.95%,1.1%,6.7%,"15:19 ET"
WMT,81.99,2024-12-20,76.67,-6.49%,1.12,75.55,8.52%,239,2300,25.82%,0.221058,74.09%,1.5%,9.2%,"15:26 ET"
WMT,81.99,2024-11-08,79.00,-3.65%,0.47,78.53,4.41%,298,796,23.70%,0.206489,76.62%,0.6%,12.9%,"15:32 ET"
WMT,81.99,2024-12-20,80.00,-2.43%,2.05,77.95,5.18%,302,5462,24.84%,0.35778,59.72%,2.6%,16.3%,"15:37 ET"
WMT,81.99,2024-11-01,80.00,-2.43%,0.27,79.73,2.83%,449,1006,18.99%,0.188013,78.28%,0.3%,12.4%,"15:42 ET"
WMT,81.99,2024-12-20,61.67,-24.78%,0.08,61.59,33.12%,520,2165,37.14%,0.020966,97.18%,0.1%,0.8%,"15:34 ET"
WMT,81.99,2025-01-17,80.00,-2.43%,2.41,77.59,5.67%,539,5984,23.27%,0.361967,58.56%,3.1%,13.0%,"15:39 ET"
WMT,81.99,2024-11-01,81.00,-1.21%,0.48,80.52,1.83%,540,948,18.42%,0.307486,65.48%,0.6%,21.8%,"15:40 ET"
WMT,81.99,2024-12-20,70.00,-14.62%,0.3,69.7,17.63%,708,9823,29.06%,0.069809,91.20%,0.4%,2.7%,"15:26 ET"
WMT,81.99,2024-11-15,80.00,-2.43%,0.87,79.13,3.61%,806,7396,21.84%,0.295371,66.96%,1.1%,16.7%,"15:39 ET"
WMT,81.99,2024-11-15,77.50,-5.48%,0.38,77.12,6.31%,862,9074,23.55%,0.151375,82.45%,0.5%,7.5%,"15:38 ET"
WMT,81.99,2024-11-15,75.00,-8.53%,0.18,74.82,9.58%,1737,17169,25.94%,0.075558,90.99%,0.2%,3.7%,"15:24 ET"
WMT,81.99,2024-11-15,72.50,-11.57%,0.1,72.4,13.25%,2422,42368,28.88%,0.039681,95.16%,0.1%,2.1%,"15:36 ET"
X,38.78,2024-11-15,35.00,-9.75%,1.05,33.95,14.23%,971,7638,68.97%,0.246529,71.90%,3.1%,47.0%,"15:42 ET"
X,38.78,2025-01-17,25.00,-35.53%,0.63,24.37,59.13%,109,86549,76.93%,0.083187,87.88%,2.6%,10.8%,"15:41 ET"
X,38.78,2025-01-17,30.00,-22.64%,1.6,28.4,36.55%,232,71293,74.90%,0.180945,75.87%,5.6%,23.6%,"15:37 ET"
XBI,98.13,2025-01-17,95.00,-3.19%,3.1,91.9,6.78%,884,4053,26.36%,0.349208,59.94%,3.4%,14.2%,"11:30 ET"
XBI,98.13,2025-01-17,97.00,-1.15%,3.85,93.15,5.35%,1000,4259,25.81%,0.411688,53.66%,4.1%,17.3%,"11:40 ET"
XBI,98.13,2024-11-15,97.00,-1.15%,2.14,94.86,3.45%,1011,9442,28.56%,0.407226,56.28%,2.3%,34.3%,"13:43 ET"
XHB,118.74,2025-01-17,110.00,-7.36%,2.81,107.19,10.78%,108,1853,30.14%,0.256239,69.83%,2.6%,11.0%,"15:41 ET"
XIU.TO,37.42,2024-11-15,37.00,-1.12%,0.19,36.81,1.66%,100,40010,11.71%,0.324776,64.65%,0.5%,7.9%,"10:30 ET"
XLC,90.92,2025-01-17,90.00,-1.01%,2.15,87.85,3.49%,544,1714,17.42%,0.393655,54.76%,2.4%,10.3%,"14:33 ET"
XLE,90.37,2024-12-20,88.00,-2.62%,1.88,86.12,4.93%,102,4458,21.63%,0.346279,62.00%,2.2%,13.5%,"14:45 ET"
XLE,90.37,2024-11-15,86.00,-4.84%,0.56,85.44,5.77%,113,1384,23.05%,0.186659,79.92%,0.7%,10.0%,"15:16 ET"
XLE,90.37,2024-11-15,89.00,-1.52%,1.4,87.6,3.16%,168,1976,22.57%,0.377529,60.41%,1.6%,24.3%,"15:07 ET"
XLE,90.37,2024-12-20,82.00,-9.26%,0.57,81.43,10.98%,238,117555,23.52%,0.130385,84.80%,0.7%,4.3%,"15:40 ET"
XLE,90.37,2024-12-20,89.00,-1.52%,2.26,86.74,4.18%,323,3770,21.36%,0.395362,57.06%,2.6%,16.1%,"15:41 ET"
XLE,90.37,2024-11-15,87.00,-3.73%,0.77,86.23,4.80%,369,5726,22.89%,0.242477,74.14%,0.9%,13.6%,"15:00 ET"
XLE,90.37,2024-12-20,80.00,-11.48%,0.38,79.62,13.50%,653,30060,24.32%,0.089428,89.37%,0.5%,3.0%,"15:15 ET"
XLF,47.18,2024-12-20,46.00,-2.50%,0.74,45.26,4.24%,677,8844,18.06%,0.323565,63.64%,1.6%,10.1%,"15:19 ET"
XLF,47.18,2024-12-20,42.00,-10.98%,0.24,41.76,12.98%,747,39032,25.25%,0.10475,87.40%,0.6%,3.6%,"14:41 ET"
XLF,47.18,2024-11-15,45.00,-4.62%,0.27,44.73,5.48%,829,66986,22.19%,0.183325,79.71%,0.6%,9.2%,"15:13 ET"
XLF,47.18,2024-12-20,45.00,-4.62%,0.54,44.46,6.12%,947,70809,19.78%,0.24036,72.40%,1.2%,7.5%,"15:35 ET"
XLF,47.18,2024-12-20,40.00,-15.22%,0.15,39.85,18.39%,1373,75503,28.83%,0.062486,92.28%,0.4%,2.3%,"14:42 ET"
XLF,47.18,2024-11-15,46.00,-2.50%,0.45,45.55,3.58%,1764,18480,20.44%,0.28986,68.56%,1.0%,15.0%,"14:36 ET"
XLF,47.18,2024-12-20,44.00,-6.74%,0.4,43.6,8.21%,2031,19925,21.36%,0.178235,79.17%,0.9%,5.7%,"15:10 ET"
XLF,47.18,2024-11-22,46.50,-1.44%,0.64,45.86,2.88%,2591,3004,18.56%,0.363888,60.58%,1.4%,16.4%,"15:07 ET"
XLF,47.18,2024-12-20,41.00,-13.10%,0.19,40.81,15.61%,3549,12022,27.18%,0.081628,90.05%,0.5%,2.9%,"15:42 ET"
XLF,47.18,2025-01-17,41.00,-13.10%,0.28,40.72,15.86%,5001,86366,25.10%,0.100717,87.40%,0.7%,2.9%,"13:53 ET"
XLF,47.18,2025-01-17,45.00,-4.62%,0.7,44.3,6.50%,7677,66190,18.92%,0.259843,69.57%,1.6%,6.6%,"14:43 ET"
XLF,47.18,2024-11-15,44.00,-6.74%,0.18,43.82,7.67%,31721,40787,24.62%,0.119699,86.55%,0.4%,6.2%,"15:28 ET"
XLF,47.18,2024-11-01,46.00,-2.50%,0.1,45.9,2.79%,37164,47958,16.13%,0.157389,82.87%,0.2%,8.0%,"15:15 ET"
XLF,47.18,2024-11-15,42.00,-10.98%,0.09,41.91,12.57%,119,12055,30.68%,0.060583,93.03%,0.2%,3.3%,"15:01 ET"
XLF,47.18,2024-12-20,39.00,-17.34%,0.13,38.87,21.38%,130,35359,30.97%,0.050454,93.69%,0.3%,2.1%,"13:22 ET"
XLF,47.18,2024-11-01,46.50,-1.44%,0.18,46.32,1.86%,261,3583,15.14%,0.262355,71.88%,0.4%,14.2%,"15:20 ET"
XLF,47.18,2024-12-20,43.00,-8.86%,0.31,42.69,10.52%,567,13949,23.41%,0.136765,83.78%,0.7%,4.5%,"14:57 ET"
XLI,137.35,2024-11-15,135.00,-1.71%,1.58,133.42,2.95%,131,10232,19.95%,0.340708,63.21%,1.2%,18.0%,"14:43 ET"
XLI,137.35,2024-11-15,133.00,-3.17%,1.13,131.87,4.16%,230,4223,21.94%,0.259265,71.64%,0.9%,13.0%,"12:21 ET"
XLI,137.35,2025-01-17,120.00,-12.63%,0.77,119.23,15.20%,398,6385,24.20%,0.099527,87.35%,0.6%,2.7%,"13:25 ET"
XLK,232.1,2024-12-20,210.00,-9.52%,2.22,207.78,11.70%,139,5287,28.18%,0.159282,81.15%,1.1%,6.6%,"14:42 ET"
XLK,232.1,2024-12-20,220.00,-5.21%,3.85,216.15,7.38%,506,1456,25.41%,0.262683,69.99%,1.8%,11.0%,"13:40 ET"
XLP,81.99,2024-11-15,81.00,-1.21%,0.58,80.42,1.95%,438,7646,13.32%,0.324593,63.90%,0.7%,11.0%,"15:16 ET"
XLP,81.99,2024-12-20,79.00,-3.65%,0.62,78.38,4.61%,2001,5411,14.76%,0.223696,73.44%,0.8%,4.9%,"12:41 ET"
XLU,81.45,2024-12-20,75.00,-7.92%,0.57,74.43,9.43%,1003,10717,22.03%,0.153697,82.42%,0.8%,4.7%,"13:27 ET"
XLU,81.45,2024-12-20,78.00,-4.24%,1,77,5.78%,1104,701,19.91%,0.265094,70.57%,1.3%,8.0%,"13:38 ET"
XLU,81.45,2024-11-15,78.00,-4.24%,0.56,77.44,5.18%,4634,1804,23.02%,0.216278,76.82%,0.7%,11.0%,"15:14 ET"
XLU,81.45,2024-11-15,74.00,-9.15%,0.18,73.82,10.34%,6765,4305,27.52%,0.078637,91.30%,0.2%,3.7%,"15:14 ET"
XLU,81.45,2024-11-15,75.00,-7.92%,0.23,74.77,8.93%,104,5196,26.03%,0.098573,89.17%,0.3%,4.7%,"12:05 ET"
XLU,81.45,2024-11-15,80.00,-1.78%,1.01,78.99,3.11%,108,16359,20.42%,0.347372,63.42%,1.3%,19.4%,"15:36 ET"
XLU,81.45,2024-12-20,80.00,-1.78%,1.51,78.49,3.77%,152,3844,18.64%,0.373366,59.47%,1.9%,11.9%,"14:43 ET"
XLU,81.45,2024-11-15,77.00,-5.46%,0.41,76.59,6.35%,405,9376,24.23%,0.16928,81.71%,0.5%,8.1%,"12:15 ET"
XLV,151.06,2025-01-17,145.00,-4.01%,1.67,143.33,5.39%,251,4952,15.83%,0.245337,70.18%,1.2%,4.9%,"15:26 ET"
XOM,120.82,2024-11-15,115.00,-4.82%,1.23,113.77,6.20%,120,8751,28.49%,0.23525,75.04%,1.1%,16.4%,"15:33 ET"
XOM,120.82,2024-12-20,100.00,-17.23%,0.28,99.72,21.16%,155,9240,29.27%,0.045722,94.60%,0.3%,1.7%,"14:31 ET"
XOM,120.82,2024-12-20,105.00,-13.09%,0.55,104.45,15.67%,181,5886,27.69%,0.090288,89.63%,0.5%,3.3%,"15:32 ET"
XOM,120.82,2025-01-17,115.00,-4.82%,2.78,112.22,7.66%,216,14933,23.46%,0.301239,66.68%,2.5%,10.4%,"14:57 ET"
XOM,120.82,2024-12-20,110.00,-8.96%,1.11,108.89,10.96%,226,14614,25.75%,0.163005,81.76%,1.0%,6.3%,"15:33 ET"
XOM,120.82,2024-12-20,115.00,-4.82%,2.15,112.85,7.06%,321,10984,24.20%,0.280688,69.40%,1.9%,11.8%,"13:52 ET"
XOM,120.82,2024-11-01,119.00,-1.51%,1.18,117.82,2.55%,776,863,25.15%,0.349773,64.23%,1.0%,36.6%,"15:22 ET"
XOP,134.86,2024-11-15,123.00,-8.79%,0.74,122.26,10.31%,381,539,33.46%,0.130694,85.84%,0.6%,9.2%,"13:15 ET"
XPO,110.34,2024-11-15,105.00,-4.84%,3.9,101.1,9.14%,892,551,58.56%,0.329238,62.94%,3.9%,58.7%,"15:15 ET"
XRAY,24.23,2024-11-15,22.50,-7.14%,0.55,21.95,10.39%,157,1176,52.88%,0.265611,70.76%,2.5%,38.1%,"15:34 ET"
XRT,76.21,2024-12-20,65.00,-14.71%,0.38,64.62,17.94%,307,1743,31.48%,0.084875,89.56%,0.6%,3.6%,"12:08 ET"
XRT,76.21,2024-12-20,70.00,-8.15%,0.95,69.05,10.37%,361,3663,27.99%,0.192549,77.49%,1.4%,8.5%,"15:12 ET"
XYL,131.58,2024-11-15,130.00,-1.20%,3.3,126.7,3.85%,140,1476,32.65%,0.413217,55.74%,2.6%,39.6%,"12:15 ET"
YINN,34.77,2024-11-15,30.00,-13.72%,1.7,28.3,22.86%,136,1461,112.84%,0.255857,69.50%,6.0%,91.4%,"15:13 ET"
ZBH,104.42,2024-11-15,100.00,-4.23%,2,98,6.55%,107,3908,37.86%,0.302265,67.20%,2.0%,31.0%,"15:10 ET"
ZETA,26.7,2024-11-15,25.00,-6.37%,1.75,23.25,14.84%,230,8889,94.91%,0.351244,60.65%,7.5%,114.5%,"14:27 ET"
ZION,52.62,2024-11-15,45.00,-14.48%,0.3,44.7,17.72%,126,1593,51.87%,0.09947,88.02%,0.7%,10.2%,"14:19 ET"
ZION,52.62,2024-11-15,47.50,-9.73%,0.6,46.9,12.20%,255,751,46.69%,0.168209,80.37%,1.3%,19.5%,"15:21 ET"
ZM,72.42,2025-01-17,60.00,-17.15%,0.77,59.23,22.27%,254,3740,36.62%,0.115984,85.37%,1.3%,5.5%,"13:21 ET"
"Downloaded from Barchart.com as of 10-22-2024 03:12pm CDT"
